creator_rank,creator,nsfw_lora_models,percent_of_nsfw_loras,cumulative_nsfw_lora_models,cumulative_percent_of_nsfw_loras
1,NULL/unknown,5904,4.161,5904,4.16
2,Malebolgia,2973,2.0953,8877,6.26
3,moai1088,2720,1.917,11597,8.17
4,red5cheat,2619,1.8458,14216,10.02
5,THEANTLERS,1300,0.9162,15516,10.94
6,jose9967729568,1174,0.8274,16690,11.76
7,nochekaiser881,1103,0.7774,17793,12.54
8,yeetyah145,1099,0.7745,18892,13.31
9,True_Might,935,0.659,19827,13.97
10,pateronusage381,738,0.5201,20565,14.49
11,Minoumimi,732,0.5159,21297,15.01
12,Yoigo,720,0.5074,22017,15.52
13,gamemon1004,684,0.4821,22701,16.0
14,Cinabrio,657,0.463,23358,16.46
15,Shraffekyu,592,0.4172,23950,16.88
16,netdigimo,546,0.3848,24496,17.26
17,sarahpeterson,509,0.3587,25005,17.62
18,Poyothefluffyboyo,496,0.3496,25501,17.97
19,TheGuyWhoLovesAI,462,0.3256,25963,18.3
20,Mimoza_Sama,441,0.3108,26404,18.61
21,sockingnr001395,435,0.3066,26839,18.92
22,Phoebus_AD,406,0.2861,27245,19.2
23,00x09901,403,0.284,27648,19.49
24,P5ych0_S4mur41,400,0.2819,28048,19.77
25,AMMai,393,0.277,28441,20.04
26,JLJ99,390,0.2749,28831,20.32
27,Kronks,380,0.2678,29211,20.59
28,KojiroSfw,375,0.2643,29586,20.85
29,stableghost,373,0.2629,29959,21.11
30,ownwaifu,368,0.2594,30327,21.37
31,sg5e,368,0.2594,30695,21.63
32,SasakiNsfw,365,0.2572,31060,21.89
33,Dragonkingkj,351,0.2474,31411,22.14
34,wi1dcrd,339,0.2389,31750,22.38
35,Business_bear,328,0.2312,32078,22.61
36,kjaana,327,0.2305,32405,22.84
37,w0011153,327,0.2305,32732,23.07
38,TheHowlingWolf94,325,0.2291,33057,23.3
39,KurutAI,320,0.2255,33377,23.52
40,Dragonking123,307,0.2164,33684,23.74
41,nigglywigglylove689,304,0.2143,33988,23.95
42,81187,297,0.2093,34285,24.16
43,boosterrex,296,0.2086,34581,24.37
44,LazyVisionary,294,0.2072,34875,24.58
45,Pathetic,287,0.2023,35162,24.78
46,Boxtel,284,0.2002,35446,24.98
47,Fasd800,281,0.198,35727,25.18
48,KelevraQuakenstein,265,0.1868,35992,25.37
49,SupremoKaioSama,265,0.1868,36257,25.55
50,BublesExplosion,256,0.1804,36513,25.73
51,Indecent_Studio,252,0.1776,36765,25.91
52,JXR007,247,0.1741,37012,26.08
53,lone_warrior_tiv,247,0.1741,37259,26.26
54,horsevenom378,238,0.1677,37497,26.43
55,Hanran_Koizoku,236,0.1663,37733,26.59
56,Tinglaziass,234,0.1649,37967,26.76
57,GreatWeapon,233,0.1642,38200,26.92
58,Orfeo4959132,219,0.1543,38419,27.08
59,Zagordodo,209,0.1473,38628,27.22
60,time69,208,0.1466,38836,27.37
61,FurkamiDood,203,0.1431,39039,27.51
62,UnknownAI666,200,0.141,39239,27.65
63,Jayler,197,0.1388,39436,27.79
64,quentinechols123576,196,0.1381,39632,27.93
65,kani_crab,194,0.1367,39826,28.07
66,Shrekman17,193,0.136,40019,28.2
67,rolfen22,193,0.136,40212,28.34
68,SageWolf,190,0.1339,40402,28.47
69,zetsubou,189,0.1332,40591,28.61
70,awill3445448,179,0.1262,40770,28.73
71,ragnar1337,174,0.1226,40944,28.86
72,Kobboldpot,173,0.1219,41117,28.98
73,ArtistIA,172,0.1212,41289,29.1
74,AvenueStudio,170,0.1198,41459,29.22
75,dwnsty,168,0.1184,41627,29.34
76,ethensia,168,0.1184,41795,29.46
77,Valo,167,0.1177,41962,29.57
78,yusufho123,167,0.1177,42129,29.69
79,X70NDA,165,0.1163,42294,29.81
80,ruka25,165,0.1163,42459,29.92
81,PatchedSoul,164,0.1156,42623,30.04
82,Uzil_Myk,164,0.1156,42787,30.16
83,Gwess,163,0.1149,42950,30.27
84,Seiseiseis,161,0.1135,43111,30.38
85,Blackskullart,159,0.1121,43270,30.5
86,Behaed,158,0.1114,43428,30.61
87,Detoxic,158,0.1114,43586,30.72
88,shiashibaK,156,0.1099,43742,30.83
89,naughtywolfbb,155,0.1092,43897,30.94
90,images101,154,0.1085,44051,31.05
91,Nikto_kon,152,0.1071,44203,31.15
92,plumbu82286,151,0.1064,44354,31.26
93,RAKSVJM19,150,0.1057,44504,31.37
94,homer_26,148,0.1043,44652,31.47
95,K112,146,0.1029,44798,31.57
96,Qneez,144,0.1015,44942,31.67
97,tobyshiwei215,144,0.1015,45086,31.78
98,0765hiro9135447,143,0.1008,45229,31.88
99,Joseph23345,141,0.0994,45370,31.98
100,Amoral2,139,0.098,45509,32.07
101,BGB697,139,0.098,45648,32.17
102,Tazzman7777,138,0.0973,45786,32.27
103,dagger_poison_kush,138,0.0973,45924,32.37
104,Gereccan,137,0.0966,46061,32.46
105,Meowpass,137,0.0966,46198,32.56
106,Axel_arashi,134,0.0944,46332,32.65
107,Charbel,133,0.0937,46465,32.75
108,hellblueboy4,132,0.093,46597,32.84
109,scottstupp,131,0.0923,46728,32.93
110,furrybuttlover,130,0.0916,46858,33.02
111,daretoku,127,0.0895,46985,33.11
112,deatharms2010,127,0.0895,47112,33.2
113,magnifique,127,0.0895,47239,33.29
114,RedChocobo,126,0.0888,47365,33.38
115,elimi,126,0.0888,47491,33.47
116,Milkersenjoyer,124,0.0874,47615,33.56
117,MorbidHousehold,124,0.0874,47739,33.65
118,Joschek,123,0.0867,47862,33.73
119,RONK234,122,0.086,47984,33.82
120,sakusaku0mega,121,0.0853,48105,33.9
121,Murky,120,0.0846,48225,33.99
122,NMackelie,119,0.0839,48344,34.07
123,hawkahn,119,0.0839,48463,34.16
124,napeye921,119,0.0839,48582,34.24
125,DarkModeOP,118,0.0832,48700,34.32
126,81189,117,0.0825,48817,34.4
127,Vegerot,117,0.0825,48934,34.49
128,Busterkun,116,0.0818,49050,34.57
129,CaptainBlt,116,0.0818,49166,34.65
130,NotAragami,116,0.0818,49282,34.73
131,Yarrow1000,116,0.0818,49398,34.81
132,CoffeeDrop,115,0.081,49513,34.9
133,Mizuku243,115,0.081,49628,34.98
134,QuantumInnovater,115,0.081,49743,35.06
135,missfidonyo,115,0.081,49858,35.14
136,xJollyboyx,115,0.081,49973,35.22
137,SDnoob,114,0.0803,50087,35.3
138,someguywithoutname,114,0.0803,50201,35.38
139,Hiruma3333,113,0.0796,50314,35.46
140,KakapoAI,113,0.0796,50427,35.54
141,Keepcool81,112,0.0789,50539,35.62
142,Mario1964,112,0.0789,50651,35.7
143,neclordx,112,0.0789,50763,35.78
144,ElectronLibre,111,0.0782,50874,35.85
145,Mico_94,111,0.0782,50985,35.93
146,minamiyanasuki,111,0.0782,51096,36.01
147,13878w,109,0.0768,51205,36.09
148,IcoNx937,109,0.0768,51314,36.16
149,Uzbeliss,109,0.0768,51423,36.24
150,Alerastheria,108,0.0761,51531,36.32
151,akashabloodriver340361,108,0.0761,51639,36.39
152,xtenco,108,0.0761,51747,36.47
153,LunarSunlite13,107,0.0754,51854,36.55
154,freckledvixon,107,0.0754,51961,36.62
155,linkster123,106,0.0747,52067,36.7
156,DanMogren,105,0.074,52172,36.77
157,captainpollutiontv,105,0.074,52277,36.84
158,suteakasuteakasuteka434,104,0.0733,52381,36.92
159,KegawaX,102,0.0719,52483,36.99
160,Yuki_2000,102,0.0719,52585,37.06
161,expandedyummyness,102,0.0719,52687,37.13
162,LuchOPaez,101,0.0712,52788,37.2
163,bananaisgod,101,0.0712,52889,37.27
164,cyrusjonas,101,0.0712,52990,37.35
165,fiew14,101,0.0712,53091,37.42
166,Bara01Kingdom,100,0.0705,53191,37.49
167,Valarant,100,0.0705,53291,37.56
168,psoft,100,0.0705,53391,37.63
169,Waifu_Chef,99,0.0698,53490,37.7
170,lbccdl,99,0.0698,53589,37.77
171,lianlaoshushi,99,0.0698,53688,37.84
172,nyaan_chan_ai,99,0.0698,53787,37.91
173,Rustyvivid,98,0.0691,53885,37.98
174,Supernova00,98,0.0691,53983,38.05
175,hhunter917,98,0.0691,54081,38.11
176,mysterytour2k,98,0.0691,54179,38.18
177,spambot949,98,0.0691,54277,38.25
178,Haxivus,97,0.0684,54374,38.32
179,KaleidBlood,97,0.0684,54471,38.39
180,TerraNorth,96,0.0677,54567,38.46
181,The_real_Cthulhu,96,0.0677,54663,38.52
182,a940802021,96,0.0677,54759,38.59
183,golkolea,96,0.0677,54855,38.66
184,FoxFrost02,95,0.067,54950,38.73
185,hazetaipan,95,0.067,55045,38.79
186,Montblanc5,93,0.0655,55138,38.86
187,Topplok2,93,0.0655,55231,38.93
188,XiaoTT1244,93,0.0655,55324,38.99
189,Kisaku_KK77,92,0.0648,55416,39.06
190,PinGOrio,92,0.0648,55508,39.12
191,BesolloAI,91,0.0641,55599,39.18
192,Coli177,91,0.0641,55690,39.25
193,Phink,91,0.0641,55781,39.31
194,evangelisticworker,91,0.0641,55872,39.38
195,bloodyknight1,90,0.0634,55962,39.44
196,AIGC_Singularity,89,0.0627,56051,39.5
197,RKs_Chamber,89,0.0627,56140,39.57
198,KeinJrr,88,0.062,56228,39.63
199,KingGoon,88,0.062,56316,39.69
200,Moderator347,88,0.062,56404,39.75
201,George_Gourmet,87,0.0613,56491,39.81
202,Jex3,87,0.0613,56578,39.87
203,MonarkAI,87,0.0613,56665,39.94
204,_Jarvis_,87,0.0613,56752,40.0
205,jacksplinner98271,87,0.0613,56839,40.06
206,unstablemolecules,87,0.0613,56926,40.12
207,ErosAnimeArt,86,0.0606,57012,40.18
208,p4ch1nk0,86,0.0606,57098,40.24
209,Fixablepinkie,85,0.0599,57183,40.3
210,saffsite,85,0.0599,57268,40.36
211,CoralpalaceSajuna,84,0.0592,57352,40.42
212,Oktaze,84,0.0592,57436,40.48
213,Psychaipath,84,0.0592,57520,40.54
214,Woozzii,84,0.0592,57604,40.6
215,devilkad,84,0.0592,57688,40.66
216,minatowayne615,84,0.0592,57772,40.72
217,CC_Rider,83,0.0585,57855,40.77
218,Coranendon,83,0.0585,57938,40.83
219,Unknowndude91,82,0.0578,58020,40.89
220,n0utis,82,0.0578,58102,40.95
221,Jwkw,81,0.0571,58183,41.01
222,leonidas64,81,0.0571,58264,41.06
223,r12x5s,81,0.0571,58345,41.12
224,norito,80,0.0564,58425,41.18
225,zoca,80,0.0564,58505,41.23
226,Art1ficialLove,79,0.0557,58584,41.29
227,Bob1131,79,0.0557,58663,41.34
228,DanielAvg,79,0.0557,58742,41.4
229,ForgottenFurryPalace,79,0.0557,58821,41.46
230,Pacifica,79,0.0557,58900,41.51
231,Quiron,79,0.0557,58979,41.57
232,Terrorsaurzilla,79,0.0557,59058,41.62
233,VIPER28339,79,0.0557,59137,41.68
234,Dancub,78,0.055,59215,41.73
235,Elesico,78,0.055,59293,41.79
236,KarotConCarne,78,0.055,59371,41.84
237,NoBotherPls,78,0.055,59449,41.9
238,Ransack69,78,0.055,59527,41.95
239,TheUndoneproxy,78,0.055,59605,42.01
240,thegiants316,78,0.055,59683,42.06
241,AiConviction,77,0.0543,59760,42.12
242,Lordwrath9696,77,0.0543,59837,42.17
243,Meandre66,77,0.0543,59914,42.23
244,Pomity,77,0.0543,59991,42.28
245,Tihf,77,0.0543,60068,42.33
246,Gtonero,76,0.0536,60144,42.39
247,LycroneFierce,76,0.0536,60220,42.44
248,Zikickix,76,0.0536,60296,42.49
249,bertobob,76,0.0536,60372,42.55
250,bloodsplash,76,0.0536,60448,42.6
251,Duckviticus,75,0.0529,60523,42.65
252,FoxMccloud2022,74,0.0522,60597,42.71
253,riiwil_ai717,74,0.0522,60671,42.76
254,theflagellant,74,0.0522,60745,42.81
255,whatabukc,74,0.0522,60819,42.86
256,164161082646,73,0.0514,60892,42.91
257,Nameless_1,73,0.0514,60965,42.97
258,SaraSerah,73,0.0514,61038,43.02
259,marcus199911,73,0.0514,61111,43.07
260,thegreatensing336,73,0.0514,61184,43.12
261,BigGuss21,72,0.0507,61256,43.17
262,MyIA,72,0.0507,61328,43.22
263,Scargate,72,0.0507,61400,43.27
264,TheMilkMan001,72,0.0507,61472,43.32
265,luvvit,72,0.0507,61544,43.37
266,Azure_Sun,71,0.05,61615,43.42
267,Felldude,71,0.05,61686,43.47
268,King_Dong,71,0.05,61757,43.52
269,Frostdice66,70,0.0493,61827,43.57
270,PulenKompot,70,0.0493,61897,43.62
271,ofake,70,0.0493,61967,43.67
272,shockwelle,70,0.0493,62037,43.72
273,worgman,70,0.0493,62107,43.77
274,Dnoisblue,69,0.0486,62176,43.82
275,Dragonn8989,69,0.0486,62245,43.87
276,Jipipit,69,0.0486,62314,43.92
277,MassBrainImpact,69,0.0486,62383,43.97
278,OrigamiBills,69,0.0486,62452,44.01
279,Yaoilover69,69,0.0486,62521,44.06
280,luckysan,69,0.0486,62590,44.11
281,renanr6,69,0.0486,62659,44.16
282,AlbriechArwe,68,0.0479,62727,44.21
283,SysDeep,68,0.0479,62795,44.26
284,crescent_fresh13113,68,0.0479,62863,44.3
285,GRM80,67,0.0472,62930,44.35
286,ToonGenAI,67,0.0472,62997,44.4
287,buranj,67,0.0472,63064,44.45
288,movie573,67,0.0472,63131,44.49
289,ElaineRay,66,0.0465,63197,44.54
290,Hikari2249,66,0.0465,63263,44.59
291,LitW1ck,66,0.0465,63329,44.63
292,hybskgks28275,66,0.0465,63395,44.68
293,wolfcatz,66,0.0465,63461,44.73
294,AmourRuru,65,0.0458,63526,44.77
295,Candocat789,65,0.0458,63591,44.82
296,Shockwave_,65,0.0458,63656,44.86
297,emberbyte,65,0.0458,63721,44.91
298,kage805,65,0.0458,63786,44.95
299,8bitghosts,64,0.0451,63850,45.0
300,STRIFESKOLL,64,0.0451,63914,45.04
301,broccolibaron,64,0.0451,63978,45.09
302,Dilly_vanilly,63,0.0444,64041,45.13
303,Ervhal,63,0.0444,64104,45.18
304,ThickieSenpai,63,0.0444,64167,45.22
305,evaporate_never690828,63,0.0444,64230,45.27
306,japsduiqwwnfo,63,0.0444,64293,45.31
307,pihlawrkr738,63,0.0444,64356,45.36
308,tdgpad419,63,0.0444,64419,45.4
309,AnonTK,62,0.0437,64481,45.44
310,Apoleon,62,0.0437,64543,45.49
311,ArtisticWaifu,62,0.0437,64605,45.53
312,ChoccoNCream,62,0.0437,64667,45.58
313,D0ggit0,62,0.0437,64729,45.62
314,EasonnLi,62,0.0437,64791,45.66
315,collyn,62,0.0437,64853,45.71
316,kuohufan436,62,0.0437,64915,45.75
317,unfazedanomaly964,62,0.0437,64977,45.79
318,KuugaUltimate200,61,0.043,65038,45.84
319,N000B,61,0.043,65099,45.88
320,fr0p,61,0.043,65160,45.92
321,lolzuerawww724,61,0.043,65221,45.97
322,2018cfh,60,0.0423,65281,46.01
323,AlienPleasures,60,0.0423,65341,46.05
324,BlueB,60,0.0423,65401,46.09
325,NeedMyMommy,60,0.0423,65461,46.14
326,Numeratic,60,0.0423,65521,46.18
327,niper53,60,0.0423,65581,46.22
328,tazzman777,60,0.0423,65641,46.26
329,warpspeedmind,60,0.0423,65701,46.3
330,reijlita,59,0.0416,65760,46.35
331,toghashie441,59,0.0416,65819,46.39
332,BaraEnjoyers,58,0.0409,65877,46.43
333,Essentu,58,0.0409,65935,46.47
334,Gekawia,58,0.0409,65993,46.51
335,djsuzaku,58,0.0409,66051,46.55
336,shenshanyouli,58,0.0409,66109,46.59
337,ungemozz520,58,0.0409,66167,46.63
338,6__6,57,0.0402,66224,46.67
339,EAnoblearts,57,0.0402,66281,46.71
340,Yo_jin,57,0.0402,66338,46.75
341,Boilerwash,56,0.0395,66394,46.79
342,Jaguar34,56,0.0395,66450,46.83
343,Queria,56,0.0395,66506,46.87
344,SoLegiT,56,0.0395,66562,46.91
345,cauldron_cake,56,0.0395,66618,46.95
346,interfusor,56,0.0395,66674,46.99
347,senablab,56,0.0395,66730,47.03
348,wise4z,56,0.0395,66786,47.07
349,yukaka05570,56,0.0395,66842,47.11
350,A_dxd,55,0.0388,66897,47.15
351,LostArrow,55,0.0388,66952,47.19
352,SuperHeroH,55,0.0388,67007,47.22
353,_Alejandro_,55,0.0388,67062,47.26
354,hishao,55,0.0388,67117,47.3
355,west7785,55,0.0388,67172,47.34
356,LemondAI,54,0.0381,67226,47.38
357,NoWonder,54,0.0381,67280,47.42
358,TheLightningCrab,54,0.0381,67334,47.46
359,deIeted,54,0.0381,67388,47.49
360,nzvemnvz,54,0.0381,67442,47.53
361,seaturtle001,54,0.0381,67496,47.57
362,Barbarian,53,0.0374,67549,47.61
363,Kintsugi1195,53,0.0374,67602,47.64
364,Ponydrifter,53,0.0374,67655,47.68
365,Quinnyquinn808,53,0.0374,67708,47.72
366,Tomas_Aguilar,53,0.0374,67761,47.76
367,cqncqn,53,0.0374,67814,47.79
368,BecauseNoOneElseWill,52,0.0366,67866,47.83
369,Class_37,52,0.0366,67918,47.87
370,DontSing,52,0.0366,67970,47.9
371,baipaiyok,52,0.0366,68022,47.94
372,goonieboonie96910,52,0.0366,68074,47.98
373,leven0037,52,0.0366,68126,48.01
374,mordaaigenerated,52,0.0366,68178,48.05
375,rypoced463,52,0.0366,68230,48.09
376,Benxzeot,51,0.0359,68281,48.12
377,El_Memm,51,0.0359,68332,48.16
378,MisterShade,51,0.0359,68383,48.19
379,Piper260,51,0.0359,68434,48.23
380,Zuri_kiti3pei,51,0.0359,68485,48.27
381,evildragon,51,0.0359,68536,48.3
382,levoontherat,51,0.0359,68587,48.34
383,sarcastictofu,51,0.0359,68638,48.37
384,Aaron_PP,50,0.0352,68688,48.41
385,Moredragon,50,0.0352,68738,48.44
386,Obscure_overlooked,50,0.0352,68788,48.48
387,RedactedPaws,50,0.0352,68838,48.52
388,UnstableXL,50,0.0352,68888,48.55
389,Yorang,50,0.0352,68938,48.59
390,jjjdddiop,50,0.0352,68988,48.62
391,plum_pig,50,0.0352,69038,48.66
392,shirosaki33,50,0.0352,69088,48.69
393,AcridEOL,49,0.0345,69137,48.73
394,Autoenable,49,0.0345,69186,48.76
395,Resi_Party,49,0.0345,69235,48.79
396,Spectrex,49,0.0345,69284,48.83
397,Tyberzandari,49,0.0345,69333,48.86
398,Wahn129180,49,0.0345,69382,48.9
399,Warvilton,49,0.0345,69431,48.93
400,inpantspro,49,0.0345,69480,48.97
401,magnoveradium,49,0.0345,69529,49.0
402,pixel_pleasure,49,0.0345,69578,49.04
403,totorol435663781844,49,0.0345,69627,49.07
404,DoggyBoy20,48,0.0338,69675,49.1
405,EDG,48,0.0338,69723,49.14
406,NickHoult,48,0.0338,69771,49.17
407,Senkay_,48,0.0338,69819,49.21
408,craxxar,48,0.0338,69867,49.24
409,fnkiddie556592,48,0.0338,69915,49.27
410,graurabe,48,0.0338,69963,49.31
411,namkha209,48,0.0338,70011,49.34
412,toon667,48,0.0338,70059,49.38
413,3ulge3attler,47,0.0331,70106,49.41
414,Ezekkiell,47,0.0331,70153,49.44
415,Kawaii_waifus,47,0.0331,70200,49.47
416,MSNlee40,47,0.0331,70247,49.51
417,Maruhashi,47,0.0331,70294,49.54
418,Nicce,47,0.0331,70341,49.57
419,Ringakiseki,47,0.0331,70388,49.61
420,Vtaviscratch,47,0.0331,70435,49.64
421,fakerrak,47,0.0331,70482,49.67
422,mot978,47,0.0331,70529,49.71
423,Asnira,46,0.0324,70575,49.74
424,Both_Scallion5573479,46,0.0324,70621,49.77
425,FatFan_Enjoyer,46,0.0324,70667,49.8
426,Its_Joever,46,0.0324,70713,49.84
427,JBryan75,46,0.0324,70759,49.87
428,KrausSw,46,0.0324,70805,49.9
429,Zyntra_Trap,46,0.0324,70851,49.93
430,fogine,46,0.0324,70897,49.97
431,oekobudde,46,0.0324,70943,50.0
432,Kazsam,45,0.0317,70988,50.03
433,RealRandom68,45,0.0317,71033,50.06
434,SomeBlackGuy203,45,0.0317,71078,50.09
435,Vasalion,45,0.0317,71123,50.13
436,huckchuk833,45,0.0317,71168,50.16
437,laikonika,45,0.0317,71213,50.19
438,tamashii,45,0.0317,71258,50.22
439,uh_1n2010266,45,0.0317,71303,50.25
440,DarthBrooks,44,0.031,71347,50.28
441,DirtyCollectin,44,0.031,71391,50.31
442,Eryops,44,0.031,71435,50.35
443,IONZAKU,44,0.031,71479,50.38
444,Pacha209,44,0.031,71523,50.41
445,ReKNeK,44,0.031,71567,50.44
446,SkilletFan,44,0.031,71611,50.47
447,Sophorium,44,0.031,71655,50.5
448,hex1c,44,0.031,71699,50.53
449,wenzhihong51287,44,0.031,71743,50.56
450,5megma,43,0.0303,71786,50.59
451,IDIMS,43,0.0303,71829,50.62
452,Kinky_Caterpillar,43,0.0303,71872,50.65
453,Oppai_Daisuki,43,0.0303,71915,50.68
454,Palindrome,43,0.0303,71958,50.71
455,Rule34Diffusion,43,0.0303,72001,50.74
456,Seonde0k,43,0.0303,72044,50.77
457,Silvicultor,43,0.0303,72087,50.8
458,Tedroman,43,0.0303,72130,50.84
459,budace,43,0.0303,72173,50.87
460,edder1990,43,0.0303,72216,50.9
461,foxlover7796,43,0.0303,72259,50.93
462,koopa990,43,0.0303,72302,50.96
463,poggerellas,43,0.0303,72345,50.99
464,toshiakifutaba,43,0.0303,72388,51.02
465,CULOSITO,42,0.0296,72430,51.05
466,MSK1009,42,0.0296,72472,51.08
467,Voy969,42,0.0296,72514,51.11
468,gogochicken,42,0.0296,72556,51.14
469,jorgete420885,42,0.0296,72598,51.16
470,novhero,42,0.0296,72640,51.19
471,roleplayer60470,42,0.0296,72682,51.22
472,spares,42,0.0296,72724,51.25
473,spyrenscomb,42,0.0296,72766,51.28
474,Albasole,41,0.0289,72807,51.31
475,BartP98,41,0.0289,72848,51.34
476,ElusiveAi,41,0.0289,72889,51.37
477,KirbyGodMode,41,0.0289,72930,51.4
478,MentalMenthol,41,0.0289,72971,51.43
479,Neo_Mexican,41,0.0289,73012,51.46
480,RaiZero,41,0.0289,73053,51.49
481,RojerDodger,41,0.0289,73094,51.51
482,Xnzet,41,0.0289,73135,51.54
483,micheal_allan,41,0.0289,73176,51.57
484,spanking_cutie,41,0.0289,73217,51.6
485,Cinziopalma,40,0.0282,73257,51.63
486,HaremHelix,40,0.0282,73297,51.66
487,ILiyos,40,0.0282,73337,51.69
488,Illuya,40,0.0282,73377,51.71
489,Kylev_V,40,0.0282,73417,51.74
490,MCNortrom,40,0.0282,73457,51.77
491,Midori2667,40,0.0282,73497,51.8
492,RETIRED_AND_ARCHIVED,40,0.0282,73537,51.83
493,aluzo339581,40,0.0282,73577,51.85
494,heresJohnny,40,0.0282,73617,51.88
495,sakura5464,40,0.0282,73657,51.91
496,salvoanna21,40,0.0282,73697,51.94
497,slackersavior,40,0.0282,73737,51.97
498,1301716271175,39,0.0275,73776,52.0
499,88_Acht,39,0.0275,73815,52.02
500,Bigboobnaked,39,0.0275,73854,52.05
501,Gavare,39,0.0275,73893,52.08
502,GodlyTwine,39,0.0275,73932,52.11
503,Goofy_Ai,39,0.0275,73971,52.13
504,KinkAI,39,0.0275,74010,52.16
505,LamiaLover69,39,0.0275,74049,52.19
506,PaleKemono,39,0.0275,74088,52.22
507,SirKir,39,0.0275,74127,52.24
508,Squirtle0007,39,0.0275,74166,52.27
509,UnicornCornucopia,39,0.0275,74205,52.3
510,_RAVIEL_,39,0.0275,74244,52.33
511,baggen,39,0.0275,74283,52.35
512,bruhcorneliusXD,39,0.0275,74322,52.38
513,chipbeard77977,39,0.0275,74361,52.41
514,getphat,39,0.0275,74400,52.43
515,jamesforthememes,39,0.0275,74439,52.46
516,trashdump,39,0.0275,74478,52.49
517,Andikaufman,38,0.0268,74516,52.52
518,Antofffka666,38,0.0268,74554,52.54
519,Biggy00800,38,0.0268,74592,52.57
520,Compoqueen,38,0.0268,74630,52.6
521,GrimaDFell,38,0.0268,74668,52.62
522,Hood_man5,38,0.0268,74706,52.65
523,Kiawi,38,0.0268,74744,52.68
524,LuL1ZS,38,0.0268,74782,52.7
525,MasteRacoonman,38,0.0268,74820,52.73
526,Miyuki_maho,38,0.0268,74858,52.76
527,NTR_Erotica,38,0.0268,74896,52.78
528,PUSHitTOLimit,38,0.0268,74934,52.81
529,RHU_AIstudio,38,0.0268,74972,52.84
530,Sjsjskkskz,38,0.0268,75010,52.86
531,Synthdark8,38,0.0268,75048,52.89
532,Zero_000,38,0.0268,75086,52.92
533,gundamfan323PD,38,0.0268,75124,52.95
534,marthir666,38,0.0268,75162,52.97
535,necrotomigaud,38,0.0268,75200,53.0
536,ricketysplit,38,0.0268,75238,53.03
537,silverneyla4545,38,0.0268,75276,53.05
538,BigPervyWig,37,0.0261,75313,53.08
539,CyAi,37,0.0261,75350,53.1
540,JKcomicz01,37,0.0261,75387,53.13
541,KyojiriUsalia,37,0.0261,75424,53.16
542,Muver207,37,0.0261,75461,53.18
543,OnePieceBorne,37,0.0261,75498,53.21
544,Sergey004,37,0.0261,75535,53.23
545,Yornah,37,0.0261,75572,53.26
546,_mammoh,37,0.0261,75609,53.29
547,bennettjeffreyaz211,37,0.0261,75646,53.31
548,hoshi119,37,0.0261,75683,53.34
549,khanykov01,37,0.0261,75720,53.37
550,AIadoreyou,36,0.0254,75756,53.39
551,Alfheimr,36,0.0254,75792,53.42
552,BastionExa,36,0.0254,75828,53.44
553,BeerYeen,36,0.0254,75864,53.47
554,DP_COUPLE_SWG,36,0.0254,75900,53.49
555,Dark_Arts,36,0.0254,75936,53.52
556,Doskoinkofan,36,0.0254,75972,53.54
557,Ecchi0arts,36,0.0254,76008,53.57
558,Ephemerdude,36,0.0254,76044,53.59
559,GrimGr1m,36,0.0254,76080,53.62
560,MMMW,36,0.0254,76116,53.64
561,Milky228,36,0.0254,76152,53.67
562,PhotobAIt,36,0.0254,76188,53.7
563,Tarlian,36,0.0254,76224,53.72
564,TeeKay,36,0.0254,76260,53.75
565,Thalassira,36,0.0254,76296,53.77
566,Triple_Seven,36,0.0254,76332,53.8
567,ctkdjane1,36,0.0254,76368,53.82
568,hoyos,36,0.0254,76404,53.85
569,jokerofhearts,36,0.0254,76440,53.87
570,kageno,36,0.0254,76476,53.9
571,kkaimighty26,36,0.0254,76512,53.92
572,maxmuscle,36,0.0254,76548,53.95
573,oilio2,36,0.0254,76584,53.97
574,shinradefinition305,36,0.0254,76620,54.0
575,unhinged1224,36,0.0254,76656,54.02
576,unlimitednitro409,36,0.0254,76692,54.05
577,A_Desentes,35,0.0247,76727,54.07
578,AleOfAstora,35,0.0247,76762,54.1
579,AlternativeReality,35,0.0247,76797,54.12
580,BloodySunkist,35,0.0247,76832,54.15
581,Bridgewalker,35,0.0247,76867,54.17
582,Brozilla439,35,0.0247,76902,54.2
583,DanteWesker,35,0.0247,76937,54.22
584,DesGens,35,0.0247,76972,54.25
585,Dovellys,35,0.0247,77007,54.27
586,FroJ,35,0.0247,77042,54.3
587,NearlyCivil,35,0.0247,77077,54.32
588,Rokudenashiworshiper,35,0.0247,77112,54.35
589,Scarzilla,35,0.0247,77147,54.37
590,ShutUpImTired,35,0.0247,77182,54.4
591,XViviochanX,35,0.0247,77217,54.42
592,aayushrawat2510863,35,0.0247,77252,54.44
593,enragedCake,35,0.0247,77287,54.47
594,fffxlll,35,0.0247,77322,54.49
595,frozenforest234934,35,0.0247,77357,54.52
596,goonpup,35,0.0247,77392,54.54
597,thegipper,35,0.0247,77427,54.57
598,woshould,35,0.0247,77462,54.59
599,AWeirdArchmagos,34,0.024,77496,54.62
600,AnimeGuy01,34,0.024,77530,54.64
601,Annon,34,0.024,77564,54.66
602,ArtByD,34,0.024,77598,54.69
603,EverythingSheDoes,34,0.024,77632,54.71
604,Jacky_M,34,0.024,77666,54.74
605,Jakiboy,34,0.024,77700,54.76
606,KTC100,34,0.024,77734,54.78
607,Kerisable,34,0.024,77768,54.81
608,LANDOR_PRIME,34,0.024,77802,54.83
609,S0972951006,34,0.024,77836,54.86
610,coro3sp,34,0.024,77870,54.88
611,gordon9,34,0.024,77904,54.9
612,h_madoka,34,0.024,77938,54.93
613,llikswonskcalb,34,0.024,77972,54.95
614,madnicity519,34,0.024,78006,54.98
615,mizutani,34,0.024,78040,55.0
616,noire_v,34,0.024,78074,55.02
617,whity00,34,0.024,78108,55.05
618,Admeruem,33,0.0233,78141,55.07
619,Bl00de,33,0.0233,78174,55.09
620,Bytor1966,33,0.0233,78207,55.12
621,Creatin890,33,0.0233,78240,55.14
622,DaZer24,33,0.0233,78273,55.16
623,DarkfireAI,33,0.0233,78306,55.19
624,Dyth,33,0.0233,78339,55.21
625,K3NK,33,0.0233,78372,55.23
626,KageyamaKun,33,0.0233,78405,55.26
627,Kinimoro,33,0.0233,78438,55.28
628,Quan3010,33,0.0233,78471,55.3
629,Rac00n,33,0.0233,78504,55.33
630,ThalisAI,33,0.0233,78537,55.35
631,Worchercher,33,0.0233,78570,55.37
632,Yoru_No_Bara,33,0.0233,78603,55.4
633,Your_computer,33,0.0233,78636,55.42
634,bigglack,33,0.0233,78669,55.44
635,dalixyz,33,0.0233,78702,55.47
636,detteiu4441,33,0.0233,78735,55.49
637,hino_arashi,33,0.0233,78768,55.51
638,mastermerlin,33,0.0233,78801,55.54
639,secretpablo,33,0.0233,78834,55.56
640,the_project_ai,33,0.0233,78867,55.58
641,tubbymeatball,33,0.0233,78900,55.61
642,yyosafato,33,0.0233,78933,55.63
643,6tZ,32,0.0226,78965,55.65
644,EyeBunny,32,0.0226,78997,55.67
645,HELPMEEADICE,32,0.0226,79029,55.7
646,Headbanger_1988,32,0.0226,79061,55.72
647,KecleonShiny,32,0.0226,79093,55.74
648,NTR_BLACK,32,0.0226,79125,55.77
649,Retrored101,32,0.0226,79157,55.79
650,Scarlett_H,32,0.0226,79189,55.81
651,SpringBootIsTrash,32,0.0226,79221,55.83
652,adc40884,32,0.0226,79253,55.86
653,billdub5,32,0.0226,79285,55.88
654,cthulhu11,32,0.0226,79317,55.9
655,foxknightyouko495,32,0.0226,79349,55.92
656,leimaxiu252537,32,0.0226,79381,55.95
657,ssantu,32,0.0226,79413,55.97
658,wakaskosah,32,0.0226,79445,55.99
659,wolf999,32,0.0226,79477,56.01
660,zazool,32,0.0226,79509,56.04
661,6135,31,0.0218,79540,56.06
662,AIgooner19aught7,31,0.0218,79571,56.08
663,Algoras,31,0.0218,79602,56.1
664,CherryFall,31,0.0218,79633,56.12
665,Destroyer221,31,0.0218,79664,56.14
666,Idw12,31,0.0218,79695,56.17
667,JGCC1990,31,0.0218,79726,56.19
668,Khlibina,31,0.0218,79757,56.21
669,Luci888,31,0.0218,79788,56.23
670,Mm0000,31,0.0218,79819,56.25
671,NegativeKanna,31,0.0218,79850,56.28
672,Nexus_KP,31,0.0218,79881,56.3
673,PerkyBandit,31,0.0218,79912,56.32
674,Polypro,31,0.0218,79943,56.34
675,ProphetSpirit,31,0.0218,79974,56.36
676,Rurby,31,0.0218,80005,56.39
677,Satyam_SSJ10,31,0.0218,80036,56.41
678,Serephian,31,0.0218,80067,56.43
679,Wabungus27,31,0.0218,80098,56.45
680,WinxClub,31,0.0218,80129,56.47
681,XF4D3N,31,0.0218,80160,56.49
682,cloud0912ier,31,0.0218,80191,56.52
683,debumaneh,31,0.0218,80222,56.54
684,ej20gf8453,31,0.0218,80253,56.56
685,godhisholiness69591,31,0.0218,80284,56.58
686,koronen,31,0.0218,80315,56.6
687,maxmace,31,0.0218,80346,56.63
688,n5p0vavZl,31,0.0218,80377,56.65
689,nonono66656,31,0.0218,80408,56.67
690,sevi_blaze,31,0.0218,80439,56.69
691,Arainbow_c,30,0.0211,80469,56.71
692,CanvasNSketch,30,0.0211,80499,56.73
693,I_Tempest,30,0.0211,80529,56.75
694,Kittykitty69,30,0.0211,80559,56.78
695,LeoViNguyen296,30,0.0211,80589,56.8
696,Nillo1004,30,0.0211,80619,56.82
697,Sogu,30,0.0211,80649,56.84
698,Stylojuice,30,0.0211,80679,56.86
699,alexsmileface,30,0.0211,80709,56.88
700,fltlnz,30,0.0211,80739,56.9
701,jiaye369617,30,0.0211,80769,56.92
702,jimijam87,30,0.0211,80799,56.94
703,mujtabagmq796,30,0.0211,80829,56.97
704,novowels,30,0.0211,80859,56.99
705,plopolop,30,0.0211,80889,57.01
706,rerorerorero,30,0.0211,80919,57.03
707,toshitoshiakiaki,30,0.0211,80949,57.05
708,uuna,30,0.0211,80979,57.07
709,Achaaas,29,0.0204,81008,57.09
710,Altacres,29,0.0204,81037,57.11
711,BoredJun_HMMM,29,0.0204,81066,57.13
712,Dodo_do,29,0.0204,81095,57.15
713,Doodinhuts,29,0.0204,81124,57.17
714,Fuchsteufel,29,0.0204,81153,57.19
715,Geardog40,29,0.0204,81182,57.21
716,KimTarou,29,0.0204,81211,57.24
717,KlausVintores_VN,29,0.0204,81240,57.26
718,Mr_Raven,29,0.0204,81269,57.28
719,Namelessdog,29,0.0204,81298,57.3
720,NeogenArt,29,0.0204,81327,57.32
721,SHADOW_D_X,29,0.0204,81356,57.34
722,VillTheWolf344,29,0.0204,81385,57.36
723,adondlin255,29,0.0204,81414,57.38
724,alexnotbarrett875,29,0.0204,81443,57.4
725,az420,29,0.0204,81472,57.42
726,cordamatteo251,29,0.0204,81501,57.44
727,f1985,29,0.0204,81530,57.46
728,justaguy6949,29,0.0204,81559,57.48
729,misako_yagami,29,0.0204,81588,57.5
730,psj92,29,0.0204,81617,57.52
731,reweik,29,0.0204,81646,57.54
732,shiromyuu,29,0.0204,81675,57.56
733,ChaosSabre,28,0.0197,81703,57.58
734,Flooooo,28,0.0197,81731,57.6
735,Ggrue,28,0.0197,81759,57.62
736,Kayken,28,0.0197,81787,57.64
737,Konan,28,0.0197,81815,57.66
738,MacumBX13,28,0.0197,81843,57.68
739,Meower2024,28,0.0197,81871,57.7
740,Oscarc,28,0.0197,81899,57.72
741,P0k3c0ck,28,0.0197,81927,57.74
742,Pezza,28,0.0197,81955,57.76
743,Questionable_Models,28,0.0197,81983,57.78
744,Rhenas,28,0.0197,82011,57.8
745,SLACK69,28,0.0197,82039,57.82
746,ShiroNekoAlpha,28,0.0197,82067,57.84
747,SleeplessGrimm,28,0.0197,82095,57.86
748,Stable_Yogi,28,0.0197,82123,57.88
749,Tentacles_Riders,28,0.0197,82151,57.9
750,The_End89772,28,0.0197,82179,57.92
751,Websta,28,0.0197,82207,57.94
752,Xj7588,28,0.0197,82235,57.96
753,fennroe266,28,0.0197,82263,57.98
754,maxxxx_civitai,28,0.0197,82291,58.0
755,BBW_4TW,27,0.019,82318,58.02
756,CerberusAi,27,0.019,82345,58.03
757,ExileWolfGames,27,0.019,82372,58.05
758,FinalEclipse,27,0.019,82399,58.07
759,Goonduude,27,0.019,82426,58.09
760,Gtaste,27,0.019,82453,58.11
761,HH840034,27,0.019,82480,58.13
762,HellsongerAI,27,0.019,82507,58.15
763,Ikemenmaster,27,0.019,82534,58.17
764,Imitation_Beef,27,0.019,82561,58.19
765,JLFO,27,0.019,82588,58.21
766,KillerUwU13_AI,27,0.019,82615,58.22
767,NicotineJaws,27,0.019,82642,58.24
768,PanPDX,27,0.019,82669,58.26
769,Saya,27,0.019,82696,58.28
770,Shirowalker,27,0.019,82723,58.3
771,SillyGoober0,27,0.019,82750,58.32
772,SoulDarkness100,27,0.019,82777,58.34
773,Valstrix,27,0.019,82804,58.36
774,Wertygo_Geass,27,0.019,82831,58.38
775,WithoutColor,27,0.019,82858,58.4
776,Xposing_Organisms,27,0.019,82885,58.41
777,Youqu,27,0.019,82912,58.43
778,Zoey_The_Fox,27,0.019,82939,58.45
779,badnight247,27,0.019,82966,58.47
780,cagou,27,0.019,82993,58.49
781,cannabis,27,0.019,83020,58.51
782,fanskllll,27,0.019,83047,58.53
783,hh8j,27,0.019,83074,58.55
784,kingdevoe879,27,0.019,83101,58.57
785,ragnaroook,27,0.019,83128,58.59
786,rescindin,27,0.019,83155,58.61
787,turugini820,27,0.019,83182,58.62
788,upslover,27,0.019,83209,58.64
789,uwusogens,27,0.019,83236,58.66
790,0LT0,26,0.0183,83262,58.68
791,7743,26,0.0183,83288,58.7
792,Aki21,26,0.0183,83314,58.72
793,Altile2,26,0.0183,83340,58.74
794,BakedPimang1102,26,0.0183,83366,58.75
795,Bathory_Studio,26,0.0183,83392,58.77
796,Buck_slots,26,0.0183,83418,58.79
797,Casotto,26,0.0183,83444,58.81
798,Ceremon,26,0.0183,83470,58.83
799,ClipAI,26,0.0183,83496,58.85
800,CoolBros31,26,0.0183,83522,58.86
801,Cruciblelu57,26,0.0183,83548,58.88
802,Cuzzeler,26,0.0183,83574,58.9
803,Darkness007,26,0.0183,83600,58.92
804,Dmonio,26,0.0183,83626,58.94
805,EliWebster101,26,0.0183,83652,58.96
806,GothicAzz,26,0.0183,83678,58.97
807,Indawoods,26,0.0183,83704,58.99
808,IvaJox,26,0.0183,83730,59.01
809,Kurvy,26,0.0183,83756,59.03
810,Lonk69TheGreat,26,0.0183,83782,59.05
811,Mess1,26,0.0183,83808,59.07
812,NaughtySnuggles,26,0.0183,83834,59.08
813,RandomComicEnjoyer,26,0.0183,83860,59.1
814,Ray_Ray,26,0.0183,83886,59.12
815,StateEnforcedGaming,26,0.0183,83912,59.14
816,Zankagatsu,26,0.0183,83938,59.16
817,aDDont,26,0.0183,83964,59.18
818,alxpnt2,26,0.0183,83990,59.19
819,arte_l,26,0.0183,84016,59.21
820,diffusion078746,26,0.0183,84042,59.23
821,dlalexan1,26,0.0183,84068,59.25
822,ekune,26,0.0183,84094,59.27
823,jagerz,26,0.0183,84120,59.29
824,justTNP,26,0.0183,84146,59.3
825,kiraking87996,26,0.0183,84172,59.32
826,kurohg,26,0.0183,84198,59.34
827,marcopasqualino05750,26,0.0183,84224,59.36
828,myhonestman,26,0.0183,84250,59.38
829,newerlander,26,0.0183,84276,59.4
830,nobodyknowsm,26,0.0183,84302,59.41
831,scarxzys_,26,0.0183,84328,59.43
832,seekingsauce,26,0.0183,84354,59.45
833,selfiedestructsy8286,26,0.0183,84380,59.47
834,stoons,26,0.0183,84406,59.49
835,tandomfire329,26,0.0183,84432,59.51
836,totheinfiniteend,26,0.0183,84458,59.52
837,tutuhuatuhua,26,0.0183,84484,59.54
838,Absent_F,25,0.0176,84509,59.56
839,Blazerairemix98,25,0.0176,84534,59.58
840,Blugo,25,0.0176,84559,59.59
841,DiegoUmejuarez,25,0.0176,84584,59.61
842,DogeOfVenice,25,0.0176,84609,59.63
843,Ecstasink,25,0.0176,84634,59.65
844,Idkanymore50,25,0.0176,84659,59.67
845,Incindious471199,25,0.0176,84684,59.68
846,Invisidude,25,0.0176,84709,59.7
847,JulietteBa,25,0.0176,84734,59.72
848,Lazius,25,0.0176,84759,59.74
849,Lucifie,25,0.0176,84784,59.75
850,MD6700XT,25,0.0176,84809,59.77
851,MainlyManlyMen,25,0.0176,84834,59.79
852,Memperrona,25,0.0176,84859,59.81
853,MikadoNagi,25,0.0176,84884,59.82
854,Monet_Einsley,25,0.0176,84909,59.84
855,Perv387,25,0.0176,84934,59.86
856,Shurik,25,0.0176,84959,59.88
857,Steelrain,25,0.0176,84984,59.89
858,VexxArt,25,0.0176,85009,59.91
859,arkhem,25,0.0176,85034,59.93
860,azrakuC,25,0.0176,85059,59.95
861,cutie_spanking,25,0.0176,85084,59.96
862,e5aryhe5r,25,0.0176,85109,59.98
863,gas2600,25,0.0176,85134,60.0
864,heyheyhachi,25,0.0176,85159,60.02
865,iamddtla,25,0.0176,85184,60.04
866,montypythor,25,0.0176,85209,60.05
867,mr_Jack,25,0.0176,85234,60.07
868,mrkakapopoloch,25,0.0176,85259,60.09
869,pomu_zoo,25,0.0176,85284,60.11
870,rutjgft,25,0.0176,85309,60.12
871,throwaway4art,25,0.0176,85334,60.14
872,Astroburner,24,0.0169,85358,60.16
873,Berds9899,24,0.0169,85382,60.17
874,Bolivante,24,0.0169,85406,60.19
875,Cayble,24,0.0169,85430,60.21
876,CloverCorvus,24,0.0169,85454,60.23
877,Doret,24,0.0169,85478,60.24
878,EcstaticKalliope,24,0.0169,85502,60.26
879,HugeVulpex,24,0.0169,85526,60.28
880,IceFoxAI,24,0.0169,85550,60.29
881,JAI_Loods,24,0.0169,85574,60.31
882,JimJerry09,24,0.0169,85598,60.33
883,Jirrics,24,0.0169,85622,60.34
884,JunoBoss,24,0.0169,85646,60.36
885,KIRLANT,24,0.0169,85670,60.38
886,Killua_Morales,24,0.0169,85694,60.39
887,Laganec,24,0.0169,85718,60.41
888,MNeco,24,0.0169,85742,60.43
889,Marmadish,24,0.0169,85766,60.45
890,Mescalino,24,0.0169,85790,60.46
891,Michelangelo,24,0.0169,85814,60.48
892,Misaki_Akeno,24,0.0169,85838,60.5
893,PyroAsrielCAD,24,0.0169,85862,60.51
894,SATAD,24,0.0169,85886,60.53
895,ScorchingFlames,24,0.0169,85910,60.55
896,TMFyu,24,0.0169,85934,60.56
897,Z3ro1989,24,0.0169,85958,60.58
898,adamjane197542ctj243,24,0.0169,85982,60.6
899,cikin,24,0.0169,86006,60.61
900,desireinmyspine,24,0.0169,86030,60.63
901,duongve13112002,24,0.0169,86054,60.65
902,jeffcena333,24,0.0169,86078,60.67
903,jrewingwannabe947,24,0.0169,86102,60.68
904,kaminggram,24,0.0169,86126,60.7
905,levilevi262363,24,0.0169,86150,60.72
906,pork69,24,0.0169,86174,60.73
907,sangheilihonor405,24,0.0169,86198,60.75
908,shinyredai,24,0.0169,86222,60.77
909,starkomi20,24,0.0169,86246,60.78
910,surugan1145,24,0.0169,86270,60.8
911,swsda22772,24,0.0169,86294,60.82
912,zkrd,24,0.0169,86318,60.83
913,3niceone,23,0.0162,86341,60.85
914,AfroSurf,23,0.0162,86364,60.87
915,AliceBlueCode,23,0.0162,86387,60.88
916,Ashokh,23,0.0162,86410,60.9
917,AugusWrath,23,0.0162,86433,60.92
918,Big_Hypocrite,23,0.0162,86456,60.93
919,BillMeeks,23,0.0162,86479,60.95
920,BirbTheCrow,23,0.0162,86502,60.96
921,Cano250,23,0.0162,86525,60.98
922,Da_Cartoon_Hoot,23,0.0162,86548,61.0
923,EcchiBoxIA,23,0.0162,86571,61.01
924,FMAIA,23,0.0162,86594,61.03
925,Freezenator,23,0.0162,86617,61.05
926,GenLuk,23,0.0162,86640,61.06
927,GutterMind2020267,23,0.0162,86663,61.08
928,HeXtRo6,23,0.0162,86686,61.09
929,HighFructosePornSyrup,23,0.0162,86709,61.11
930,IceCycle123,23,0.0162,86732,61.13
931,ImperfectBlu,23,0.0162,86755,61.14
932,Ivanovich,23,0.0162,86778,61.16
933,LeftenantShovel,23,0.0162,86801,61.17
934,Makame,23,0.0162,86824,61.19
935,Mantistobo,23,0.0162,86847,61.21
936,MasterWorks,23,0.0162,86870,61.22
937,MrBotchamania338,23,0.0162,86893,61.24
938,Nagisa0505,23,0.0162,86916,61.26
939,PeaceStunning3242775,23,0.0162,86939,61.27
940,PuzLove,23,0.0162,86962,61.29
941,Raydemon,23,0.0162,86985,61.3
942,Shufflebox,23,0.0162,87008,61.32
943,SnezhovSD,23,0.0162,87031,61.34
944,VisualizerPro,23,0.0162,87054,61.35
945,YukonDefenders,23,0.0162,87077,61.37
946,a33630357879,23,0.0162,87100,61.39
947,aipinups69,23,0.0162,87123,61.4
948,aliasdoe87654,23,0.0162,87146,61.42
949,attaboy1303,23,0.0162,87169,61.43
950,burcal,23,0.0162,87192,61.45
951,comicmonkey,23,0.0162,87215,61.47
952,creedy,23,0.0162,87238,61.48
953,draftpattern123,23,0.0162,87261,61.5
954,gabranthx12892,23,0.0162,87284,61.52
955,jackjerry,23,0.0162,87307,61.53
956,marugoto_mameko,23,0.0162,87330,61.55
957,mrbreakyogirl,23,0.0162,87353,61.56
958,oppa8888,23,0.0162,87376,61.58
959,orangemandown,23,0.0162,87399,61.6
960,swagmessiah23,23,0.0162,87422,61.61
961,throwaway1992517,23,0.0162,87445,61.63
962,vaultcase1,23,0.0162,87468,61.64
963,Akikojam,22,0.0155,87490,61.66
964,BaraObserver,22,0.0155,87512,61.68
965,Bi_Male_XXX,22,0.0155,87534,61.69
966,CaptainWebSpinner,22,0.0155,87556,61.71
967,CasualKaze7,22,0.0155,87578,61.72
968,ClownLover,22,0.0155,87600,61.74
969,DONT_FOLLOW_OR_ILL_BLOCK,22,0.0155,87622,61.75
970,Dorian_White,22,0.0155,87644,61.77
971,Endypium,22,0.0155,87666,61.78
972,GenHArtist,22,0.0155,87688,61.8
973,Jifyx,22,0.0155,87710,61.82
974,MFLover,22,0.0155,87732,61.83
975,Mystery117,22,0.0155,87754,61.85
976,Noah150996,22,0.0155,87776,61.86
977,PineappleUpsideDownBad,22,0.0155,87798,61.88
978,Questing_Q,22,0.0155,87820,61.89
979,WojtasMOK,22,0.0155,87842,61.91
980,Zavala_1992,22,0.0155,87864,61.92
981,a111111111111111111,22,0.0155,87886,61.94
982,bial,22,0.0155,87908,61.96
983,black999cat,22,0.0155,87930,61.97
984,chiekat,22,0.0155,87952,61.99
985,guest95,22,0.0155,87974,62.0
986,joeyboey,22,0.0155,87996,62.02
987,jorgedkruse593,22,0.0155,88018,62.03
988,jorkingtoncityshallwe,22,0.0155,88040,62.05
989,kone1985295,22,0.0155,88062,62.06
990,luisa_pinguin,22,0.0155,88084,62.08
991,promptedpixel,22,0.0155,88106,62.09
992,refactoredx,22,0.0155,88128,62.11
993,sentecia,22,0.0155,88150,62.13
994,testwr69420932,22,0.0155,88172,62.14
995,thebabydjac,22,0.0155,88194,62.16
996,vertexon,22,0.0155,88216,62.17
997,vfx_ai,22,0.0155,88238,62.19
998,wolffur666456,22,0.0155,88260,62.2
999,AbobaBoy,21,0.0148,88281,62.22
1000,AimiKox,21,0.0148,88302,62.23
1001,ArtEnthusiast,21,0.0148,88323,62.25
1002,ArvoraVisio,21,0.0148,88344,62.26
1003,Buttchuckjones,21,0.0148,88365,62.28
1004,CanarySuspicious,21,0.0148,88386,62.29
1005,CharacterChemist,21,0.0148,88407,62.31
1006,ChosenMagix,21,0.0148,88428,62.32
1007,ColdRoom1542,21,0.0148,88449,62.34
1008,CureBourbon,21,0.0148,88470,62.35
1009,Dased,21,0.0148,88491,62.37
1010,DitoTick,21,0.0148,88512,62.38
1011,EmexD,21,0.0148,88533,62.4
1012,Foxell,21,0.0148,88554,62.41
1013,Gavin01123,21,0.0148,88575,62.43
1014,GcivitaiG,21,0.0148,88596,62.44
1015,Grimtale,21,0.0148,88617,62.45
1016,GylesCaos,21,0.0148,88638,62.47
1017,Huevoasesino2,21,0.0148,88659,62.48
1018,J_A_C,21,0.0148,88680,62.5
1019,Jeannescepticeye,21,0.0148,88701,62.51
1020,Kataplanik,21,0.0148,88722,62.53
1021,KingOfDreams,21,0.0148,88743,62.54
1022,LeFranz,21,0.0148,88764,62.56
1023,Manadrive,21,0.0148,88785,62.57
1024,Michindus,21,0.0148,88806,62.59
1025,MisterBones,21,0.0148,88827,62.6
1026,Mouthlessmanda,21,0.0148,88848,62.62
1027,Nakoto343,21,0.0148,88869,62.63
1028,Necronexus,21,0.0148,88890,62.65
1029,Neural_Lens,21,0.0148,88911,62.66
1030,RosaMaria,21,0.0148,88932,62.68
1031,STXai,21,0.0148,88953,62.69
1032,Samuellacerda,21,0.0148,88974,62.71
1033,SickSean,21,0.0148,88995,62.72
1034,SlabBulkhead,21,0.0148,89016,62.74
1035,Spocke,21,0.0148,89037,62.75
1036,SukiVT,21,0.0148,89058,62.77
1037,Syraiky,21,0.0148,89079,62.78
1038,TPG_,21,0.0148,89100,62.8
1039,Tgem,21,0.0148,89121,62.81
1040,Thatoneguy911,21,0.0148,89142,62.82
1041,TheMisfit,21,0.0148,89163,62.84
1042,TheSomnambulist,21,0.0148,89184,62.85
1043,Tognito,21,0.0148,89205,62.87
1044,Tom61Tom,21,0.0148,89226,62.88
1045,Zvetlana59,21,0.0148,89247,62.9
1046,_Elsasasa,21,0.0148,89268,62.91
1047,beeperroom,21,0.0148,89289,62.93
1048,cartoonmilfhunter,21,0.0148,89310,62.94
1049,culturedfan,21,0.0148,89331,62.96
1050,dreddborn,21,0.0148,89352,62.97
1051,gshirazu,21,0.0148,89373,62.99
1052,hannahthorn,21,0.0148,89394,63.0
1053,inokuma,21,0.0148,89415,63.02
1054,kiraru,21,0.0148,89436,63.03
1055,kunmor82718,21,0.0148,89457,63.05
1056,lumbbywambby863,21,0.0148,89478,63.06
1057,mangetsu,21,0.0148,89499,63.08
1058,monloulou,21,0.0148,89520,63.09
1059,olaz,21,0.0148,89541,63.11
1060,shenteng421,21,0.0148,89562,63.12
1061,trutru,21,0.0148,89583,63.14
1062,urusan,21,0.0148,89604,63.15
1063,welcomingrover,21,0.0148,89625,63.17
1064,Arah,20,0.0141,89645,63.18
1065,ChibiRat,20,0.0141,89665,63.19
1066,FA770,20,0.0141,89685,63.21
1067,FantasySC,20,0.0141,89705,63.22
1068,FlareAI_Studios,20,0.0141,89725,63.24
1069,Hecatonchireart,20,0.0141,89745,63.25
1070,Hopsty_Hopster,20,0.0141,89765,63.26
1071,HornyGreek,20,0.0141,89785,63.28
1072,JekSun,20,0.0141,89805,63.29
1073,Laris1,20,0.0141,89825,63.31
1074,MM744,20,0.0141,89845,63.32
1075,Metal410,20,0.0141,89865,63.33
1076,MiloGreene,20,0.0141,89885,63.35
1077,NendorF,20,0.0141,89905,63.36
1078,Nesthun,20,0.0141,89925,63.38
1079,OutdatedWizard23337,20,0.0141,89945,63.39
1080,PONIYA,20,0.0141,89965,63.4
1081,RibbityRabbit,20,0.0141,89985,63.42
1082,RockinRanger,20,0.0141,90005,63.43
1083,Royaleguy,20,0.0141,90025,63.45
1084,Samael2252,20,0.0141,90045,63.46
1085,Susumittt,20,0.0141,90065,63.48
1086,Touchproxy,20,0.0141,90085,63.49
1087,Ultrahero777,20,0.0141,90105,63.5
1088,WRATHGODDESS,20,0.0141,90125,63.52
1089,YoDaR2,20,0.0141,90145,63.53
1090,ambatokamohhhhhh,20,0.0141,90165,63.55
1091,ann69,20,0.0141,90185,63.56
1092,chickenleo333658,20,0.0141,90205,63.57
1093,cyberthron,20,0.0141,90225,63.59
1094,dbr34,20,0.0141,90245,63.6
1095,emon112,20,0.0141,90265,63.62
1096,gootsymane,20,0.0141,90285,63.63
1097,kennyacerman636,20,0.0141,90305,63.64
1098,kind5516,20,0.0141,90325,63.66
1099,lokilei,20,0.0141,90345,63.67
1100,maicivitai,20,0.0141,90365,63.69
1101,navimixu,20,0.0141,90385,63.7
1102,ozu,20,0.0141,90405,63.71
1103,ruanyi,20,0.0141,90425,63.73
1104,shimmyffeqwiged,20,0.0141,90445,63.74
1105,sltkbcu391,20,0.0141,90465,63.76
1106,soralz,20,0.0141,90485,63.77
1107,tehfckdmp,20,0.0141,90505,63.79
1108,twoundead,20,0.0141,90525,63.8
1109,wrywewrhhsshheser,20,0.0141,90545,63.81
1110,xRikishi,20,0.0141,90565,63.83
1111,Abel1502,19,0.0134,90584,63.84
1112,Absurd,19,0.0134,90603,63.85
1113,Aixplosion,19,0.0134,90622,63.87
1114,Asurasef,19,0.0134,90641,63.88
1115,Cracked9009,19,0.0134,90660,63.89
1116,CuteBoyBuilder,19,0.0134,90679,63.91
1117,Dahua_Ezreal,19,0.0134,90698,63.92
1118,Dev67,19,0.0134,90717,63.93
1119,Dreamweaver,19,0.0134,90736,63.95
1120,Eishar,19,0.0134,90755,63.96
1121,Ethanar,19,0.0134,90774,63.97
1122,FuOx,19,0.0134,90793,63.99
1123,Funnytunny,19,0.0134,90812,64.0
1124,GlaceonEnjoyer69,19,0.0134,90831,64.02
1125,Hoseki,19,0.0134,90850,64.03
1126,IonaKuroneko,19,0.0134,90869,64.04
1127,JamesKim97,19,0.0134,90888,64.06
1128,Jazz_AD,19,0.0134,90907,64.07
1129,Kenderbell,19,0.0134,90926,64.08
1130,Kojimbomber,19,0.0134,90945,64.1
1131,Madafada1991,19,0.0134,90964,64.11
1132,Mraclet,19,0.0134,90983,64.12
1133,MysteryArt901,19,0.0134,91002,64.14
1134,OhNoMyChickens,19,0.0134,91021,64.15
1135,PlCKlEMAN1,19,0.0134,91040,64.16
1136,PlanarPuzzle,19,0.0134,91059,64.18
1137,Ravenfoot_,19,0.0134,91078,64.19
1138,Rorschach2252,19,0.0134,91097,64.2
1139,Roundel,19,0.0134,91116,64.22
1140,TheGeneralBro,19,0.0134,91135,64.23
1141,XLAB_STUDIO,19,0.0134,91154,64.24
1142,Zartist,19,0.0134,91173,64.26
1143,ZoutStout,19,0.0134,91192,64.27
1144,dbXL,19,0.0134,91211,64.28
1145,domisview294,19,0.0134,91230,64.3
1146,gaydiffusion,19,0.0134,91249,64.31
1147,jiwenji,19,0.0134,91268,64.32
1148,kachan_dou,19,0.0134,91287,64.34
1149,keltubs,19,0.0134,91306,64.35
1150,metalchromex,19,0.0134,91325,64.36
1151,michelleangelxo114,19,0.0134,91344,64.38
1152,mograine3096,19,0.0134,91363,64.39
1153,odavid002,19,0.0134,91382,64.4
1154,pwt22455,19,0.0134,91401,64.42
1155,raza1191,19,0.0134,91420,64.43
1156,returnthis,19,0.0134,91439,64.44
1157,sephiriath,19,0.0134,91458,64.46
1158,shinFather,19,0.0134,91477,64.47
1159,squishme,19,0.0134,91496,64.48
1160,starfury1971000,19,0.0134,91515,64.5
1161,test_2,19,0.0134,91534,64.51
1162,AndroidXL,18,0.0127,91552,64.52
1163,Annawn,18,0.0127,91570,64.54
1164,AntonioArts26,18,0.0127,91588,64.55
1165,AraneaQwQ,18,0.0127,91606,64.56
1166,Argiop33,18,0.0127,91624,64.57
1167,BeautifulAbomination,18,0.0127,91642,64.59
1168,Bigay,18,0.0127,91660,64.6
1169,Bobbyte,18,0.0127,91678,64.61
1170,CaffeyFiddle,18,0.0127,91696,64.62
1171,CivitaiTomassian,18,0.0127,91714,64.64
1172,Crocaddict,18,0.0127,91732,64.65
1173,CruzFlesh,18,0.0127,91750,64.66
1174,DMphotoart,18,0.0127,91768,64.68
1175,Daraxarax,18,0.0127,91786,64.69
1176,DigitalDelight,18,0.0127,91804,64.7
1177,ELEVATED,18,0.0127,91822,64.71
1178,Elfrain,18,0.0127,91840,64.73
1179,Gambit_Flower,18,0.0127,91858,64.74
1180,GothicAI,18,0.0127,91876,64.75
1181,HentaiAIART,18,0.0127,91894,64.76
1182,Hulkstash,18,0.0127,91912,64.78
1183,Krawuzzn,18,0.0127,91930,64.79
1184,LaCreatura666,18,0.0127,91948,64.8
1185,LeBlueberry,18,0.0127,91966,64.81
1186,Maelstrom_,18,0.0127,91984,64.83
1187,Mim_Fan,18,0.0127,92002,64.84
1188,Monstergirl,18,0.0127,92020,64.85
1189,No_Entertainer_8635662,18,0.0127,92038,64.87
1190,NostalgIA561,18,0.0127,92056,64.88
1191,PHJ_RHS,18,0.0127,92074,64.89
1192,PrismataSilouane,18,0.0127,92092,64.9
1193,PulpFriction,18,0.0127,92110,64.92
1194,Shiro_Eclipse,18,0.0127,92128,64.93
1195,SlushAI,18,0.0127,92146,64.94
1196,SmokyOne,18,0.0127,92164,64.95
1197,Supergeek72,18,0.0127,92182,64.97
1198,TheRealHentaiDon,18,0.0127,92200,64.98
1199,Thranatrax,18,0.0127,92218,64.99
1200,VillainousSilence,18,0.0127,92236,65.01
1201,Vipfox64,18,0.0127,92254,65.02
1202,Vitor87,18,0.0127,92272,65.03
1203,Wiggler6788,18,0.0127,92290,65.04
1204,Xeranah,18,0.0127,92308,65.06
1205,amuzakdrol,18,0.0127,92326,65.07
1206,billem,18,0.0127,92344,65.08
1207,bloodstainedxq,18,0.0127,92362,65.09
1208,cubby_ai,18,0.0127,92380,65.11
1209,darkdawnzenith,18,0.0127,92398,65.12
1210,didgimon96,18,0.0127,92416,65.13
1211,gianemilio,18,0.0127,92434,65.14
1212,gossgoss,18,0.0127,92452,65.16
1213,horima315,18,0.0127,92470,65.17
1214,isshio,18,0.0127,92488,65.18
1215,kalakal,18,0.0127,92506,65.2
1216,lyleswift,18,0.0127,92524,65.21
1217,mainkek,18,0.0127,92542,65.22
1218,marvmartian,18,0.0127,92560,65.23
1219,mgmsaliases,18,0.0127,92578,65.25
1220,necroryona,18,0.0127,92596,65.26
1221,notahero42,18,0.0127,92614,65.27
1222,playtime_ai,18,0.0127,92632,65.28
1223,professoraigen,18,0.0127,92650,65.3
1224,pw_sin,18,0.0127,92668,65.31
1225,quadratrund,18,0.0127,92686,65.32
1226,rytlockdaddy,18,0.0127,92704,65.34
1227,smalltownboy,18,0.0127,92722,65.35
1228,smtsg1,18,0.0127,92740,65.36
1229,swagginsk335,18,0.0127,92758,65.37
1230,thegoldenboy336,18,0.0127,92776,65.39
1231,u_harucom,18,0.0127,92794,65.4
1232,uanime5,18,0.0127,92812,65.41
1233,usersam523,18,0.0127,92830,65.42
1234,willace07810,18,0.0127,92848,65.44
1235,0wl654,17,0.012,92865,65.45
1236,7greyjoy,17,0.012,92882,65.46
1237,AbsoluteBussin,17,0.012,92899,65.47
1238,AiDraMon,17,0.012,92916,65.48
1239,Alex376,17,0.012,92933,65.5
1240,AlexKos,17,0.012,92950,65.51
1241,Artikuz_Ai,17,0.012,92967,65.52
1242,BaronNocturneVale,17,0.012,92984,65.53
1243,Collateralshot,17,0.012,93001,65.54
1244,Cyberizer,17,0.012,93018,65.56
1245,Dangerfield,17,0.012,93035,65.57
1246,DonovanRTX,17,0.012,93052,65.58
1247,Eepol,17,0.012,93069,65.59
1248,Fancy_Pants,17,0.012,93086,65.6
1249,GhostNoodl,17,0.012,93103,65.62
1250,Inot1reall77,17,0.012,93120,65.63
1251,KEXOTAL,17,0.012,93137,65.64
1252,Kerhilt,17,0.012,93154,65.65
1253,Lunathegamer,17,0.012,93171,65.66
1254,Mabelxd,17,0.012,93188,65.68
1255,Marteun972,17,0.012,93205,65.69
1256,Mr_MH,17,0.012,93222,65.7
1257,N0IR_Gazette,17,0.012,93239,65.71
1258,NamiiWallman,17,0.012,93256,65.72
1259,NeoCorAI,17,0.012,93273,65.74
1260,Oddities,17,0.012,93290,65.75
1261,PixMauze,17,0.012,93307,65.76
1262,Plankton_the_Great,17,0.012,93324,65.77
1263,Plat_AI_Codon,17,0.012,93341,65.78
1264,ScorpioBoy,17,0.012,93358,65.8
1265,Seazer_ZBC,17,0.012,93375,65.81
1266,ThatAIMan,17,0.012,93392,65.82
1267,Tw3ak1t,17,0.012,93409,65.83
1268,Vader1701,17,0.012,93426,65.84
1269,Vexx117,17,0.012,93443,65.86
1270,Woodatom,17,0.012,93460,65.87
1271,WraithS205,17,0.012,93477,65.88
1272,alvinspeaks,17,0.012,93494,65.89
1273,anaslex,17,0.012,93511,65.9
1274,anonymalocaris,17,0.012,93528,65.92
1275,baddrudge,17,0.012,93545,65.93
1276,darkedge1333106,17,0.012,93562,65.94
1277,darkravens,17,0.012,93579,65.95
1278,dolirama126,17,0.012,93596,65.96
1279,dousi,17,0.012,93613,65.98
1280,famifami000684,17,0.012,93630,65.99
1281,guyvdw001833,17,0.012,93647,66.0
1282,jijibiji,17,0.012,93664,66.01
1283,jk_chstr,17,0.012,93681,66.02
1284,lugianon_sdg,17,0.012,93698,66.04
1285,luisxgama792,17,0.012,93715,66.05
1286,memento_voy,17,0.012,93732,66.06
1287,mooi3476,17,0.012,93749,66.07
1288,mra92,17,0.012,93766,66.08
1289,nashkir,17,0.012,93783,66.1
1290,peteraw,17,0.012,93800,66.11
1291,rey436,17,0.012,93817,66.12
1292,teca,17,0.012,93834,66.13
1293,whythough_01,17,0.012,93851,66.14
1294,xcamit,17,0.012,93868,66.16
1295,yloxx1569,17,0.012,93885,66.17
1296,yuyueintokyo903,17,0.012,93902,66.18
1297,zaaki,17,0.012,93919,66.19
1298,Actaric,16,0.0113,93935,66.2
1299,AiCreator202,16,0.0113,93951,66.21
1300,Alt4Pai,16,0.0113,93967,66.23
1301,Ansho,16,0.0113,93983,66.24
1302,Barmaley_22,16,0.0113,93999,66.25
1303,Bigbarnbarry,16,0.0113,94015,66.26
1304,CB13758,16,0.0113,94031,66.27
1305,CanisDirusPrime,16,0.0113,94047,66.28
1306,CheeseGake,16,0.0113,94063,66.29
1307,DarkSoul100,16,0.0113,94079,66.3
1308,DeRivitiveKraftwork,16,0.0113,94095,66.32
1309,Deawifox,16,0.0113,94111,66.33
1310,DerHammer,16,0.0113,94127,66.34
1311,Dices,16,0.0113,94143,66.35
1312,Exces00,16,0.0113,94159,66.36
1313,Helsinkii,16,0.0113,94175,66.37
1314,HidFig,16,0.0113,94191,66.38
1315,Higo6,16,0.0113,94207,66.39
1316,Iamulluullu,16,0.0113,94223,66.41
1317,LH7NR98,16,0.0113,94239,66.42
1318,LoLLoras,16,0.0113,94255,66.43
1319,MastemaDon,16,0.0113,94271,66.44
1320,MisterTwister69,16,0.0113,94287,66.45
1321,NEOSkunk2004,16,0.0113,94303,66.46
1322,Natominovak,16,0.0113,94319,66.47
1323,Nezha332,16,0.0113,94335,66.48
1324,Onikin,16,0.0113,94351,66.5
1325,OswaldPohyl,16,0.0113,94367,66.51
1326,PlataDraco,16,0.0113,94383,66.52
1327,QuestGlitch,16,0.0113,94399,66.53
1328,RankaOrochi,16,0.0113,94415,66.54
1329,RenaShiroko,16,0.0113,94431,66.55
1330,Rippedundies,16,0.0113,94447,66.56
1331,Sabeian,16,0.0113,94463,66.57
1332,SauceK,16,0.0113,94479,66.59
1333,Starfix5,16,0.0113,94495,66.6
1334,TH79,16,0.0113,94511,66.61
1335,Thatboy,16,0.0113,94527,66.62
1336,ThuckMaBaws,16,0.0113,94543,66.63
1337,Tomyuri,16,0.0113,94559,66.64
1338,VividEuphoria,16,0.0113,94575,66.65
1339,Wrise,16,0.0113,94591,66.67
1340,Y0SHI,16,0.0113,94607,66.68
1341,ZachSano,16,0.0113,94623,66.69
1342,aistarchild,16,0.0113,94639,66.7
1343,biggypiggyboobs,16,0.0113,94655,66.71
1344,brat096,16,0.0113,94671,66.72
1345,brorobro69,16,0.0113,94687,66.73
1346,c7al9ex1an0im5e,16,0.0113,94703,66.74
1347,catmare,16,0.0113,94719,66.76
1348,chuunikaede,16,0.0113,94735,66.77
1349,cindykundiman356,16,0.0113,94751,66.78
1350,cococolacake,16,0.0113,94767,66.79
1351,dekai_daibutsu,16,0.0113,94783,66.8
1352,desm0nt,16,0.0113,94799,66.81
1353,dtwr434,16,0.0113,94815,66.82
1354,fibhero315,16,0.0113,94831,66.83
1355,hopefull11,16,0.0113,94847,66.85
1356,iambryanjon,16,0.0113,94863,66.86
1357,icelouse,16,0.0113,94879,66.87
1358,izonyan,16,0.0113,94895,66.88
1359,jakey_h,16,0.0113,94911,66.89
1360,johnjohn,16,0.0113,94927,66.9
1361,jongriff145497,16,0.0113,94943,66.91
1362,jspop,16,0.0113,94959,66.92
1363,katpoutanaki554,16,0.0113,94975,66.94
1364,knod7579,16,0.0113,94991,66.95
1365,malata,16,0.0113,95007,66.96
1366,mortthechicken,16,0.0113,95023,66.97
1367,n980a,16,0.0113,95039,66.98
1368,nanthree,16,0.0113,95055,66.99
1369,nsfwpersonalai,16,0.0113,95071,67.0
1370,puruko,16,0.0113,95087,67.01
1371,s3a_if,16,0.0113,95103,67.03
1372,shampoo_bbq,16,0.0113,95119,67.04
1373,uhazi,16,0.0113,95135,67.05
1374,ventcre2880,16,0.0113,95151,67.06
1375,warsplitter9,16,0.0113,95167,67.07
1376,wiggums,16,0.0113,95183,67.08
1377,xpylq0,16,0.0113,95199,67.09
1378,zzdbh,16,0.0113,95215,67.1
1379,54321awesome,15,0.0106,95230,67.12
1380,AINoob17,15,0.0106,95245,67.13
1381,AIStudio80,15,0.0106,95260,67.14
1382,Artwolf634,15,0.0106,95275,67.15
1383,AurorAI_arts,15,0.0106,95290,67.16
1384,Ausasct,15,0.0106,95305,67.17
1385,AzureskiesAlt,15,0.0106,95320,67.18
1386,BanEmAll,15,0.0106,95335,67.19
1387,Betton,15,0.0106,95350,67.2
1388,BluuAI,15,0.0106,95365,67.21
1389,BunnyLover369,15,0.0106,95380,67.22
1390,DeviantDegrader,15,0.0106,95395,67.23
1391,Dontae12172095,15,0.0106,95410,67.24
1392,EteeDX1992,15,0.0106,95425,67.25
1393,F000,15,0.0106,95440,67.26
1394,Feelmyblush,15,0.0106,95455,67.27
1395,FortnitegalUwU,15,0.0106,95470,67.28
1396,Goonstar,15,0.0106,95485,67.3
1397,Gunholio,15,0.0106,95500,67.31
1398,HyruleHero,15,0.0106,95515,67.32
1399,IWillRemember,15,0.0106,95530,67.33
1400,Iridescence,15,0.0106,95545,67.34
1401,Lightsmile01,15,0.0106,95560,67.35
1402,M_Matches_Malone,15,0.0106,95575,67.36
1403,Madkyrus,15,0.0106,95590,67.37
1404,Mai_AI337,15,0.0106,95605,67.38
1405,MeaninglessCode,15,0.0106,95620,67.39
1406,Mib188,15,0.0106,95635,67.4
1407,MikuMasterRace,15,0.0106,95650,67.41
1408,MistahJay1998,15,0.0106,95665,67.42
1409,MrZhigga,15,0.0106,95680,67.43
1410,Neuroger,15,0.0106,95695,67.44
1411,NeverWinter13,15,0.0106,95710,67.45
1412,NovitiateAlchemist,15,0.0106,95725,67.46
1413,OGMustard,15,0.0106,95740,67.47
1414,Oznia4,15,0.0106,95755,67.49
1415,Pantheman,15,0.0106,95770,67.5
1416,Poporopo,15,0.0106,95785,67.51
1417,Putyva,15,0.0106,95800,67.52
1418,ROOD,15,0.0106,95815,67.53
1419,RaidCain20,15,0.0106,95830,67.54
1420,Redwolf8080,15,0.0106,95845,67.55
1421,SiraAI,15,0.0106,95860,67.56
1422,Sitrine,15,0.0106,95875,67.57
1423,SkaarjN19,15,0.0106,95890,67.58
1424,Sotawa,15,0.0106,95905,67.59
1425,Stickyblicky,15,0.0106,95920,67.6
1426,TDeeja,15,0.0106,95935,67.61
1427,TVapor,15,0.0106,95950,67.62
1428,Tasmanian,15,0.0106,95965,67.63
1429,TenTsuru,15,0.0106,95980,67.64
1430,Thoughtfultom696,15,0.0106,95995,67.65
1431,Tomahawk_7777,15,0.0106,96010,67.67
1432,Tukami,15,0.0106,96025,67.68
1433,Ubiiik,15,0.0106,96040,67.69
1434,WhiteMagicalHat,15,0.0106,96055,67.7
1435,William0991,15,0.0106,96070,67.71
1436,aigeneratedartis7380,15,0.0106,96085,67.72
1437,allstarop29167,15,0.0106,96100,67.73
1438,aman2000,15,0.0106,96115,67.74
1439,ashin5,15,0.0106,96130,67.75
1440,boolosoi,15,0.0106,96145,67.76
1441,chevynova1972290,15,0.0106,96160,67.77
1442,codastrikehq531,15,0.0106,96175,67.78
1443,dongwon,15,0.0106,96190,67.79
1444,halftimecoder,15,0.0106,96205,67.8
1445,heartless1206,15,0.0106,96220,67.81
1446,hneyt363,15,0.0106,96235,67.82
1447,jess526,15,0.0106,96250,67.83
1448,kuritsutian197,15,0.0106,96265,67.84
1449,leahobscure101,15,0.0106,96280,67.86
1450,lwander,15,0.0106,96295,67.87
1451,muddybanks,15,0.0106,96310,67.88
1452,nasty_prompt,15,0.0106,96325,67.89
1453,nero626,15,0.0106,96340,67.9
1454,pamelamactiernan476,15,0.0106,96355,67.91
1455,periofdelight,15,0.0106,96370,67.92
1456,rajukhan800919,15,0.0106,96385,67.93
1457,schrubbery1816,15,0.0106,96400,67.94
1458,search_bot,15,0.0106,96415,67.95
1459,siapanama2000285,15,0.0106,96430,67.96
1460,takesim009,15,0.0106,96445,67.97
1461,tifokoh57,15,0.0106,96460,67.98
1462,xIkrwpjo,15,0.0106,96475,67.99
1463,zqweasd91646,15,0.0106,96490,68.0
1464,ALEX__R,14,0.0099,96504,68.01
1465,AlexThe1Up,14,0.0099,96518,68.02
1466,AlienPleasures_Official,14,0.0099,96532,68.03
1467,AnonBaraEnjoyer,14,0.0099,96546,68.04
1468,Ark_Ai,14,0.0099,96560,68.05
1469,BABELLA,14,0.0099,96574,68.06
1470,Barely_Stable,14,0.0099,96588,68.07
1471,Bipolaris,14,0.0099,96602,68.08
1472,Buildblackcat1234,14,0.0099,96616,68.09
1473,Celeb17,14,0.0099,96630,68.1
1474,Cepheus33,14,0.0099,96644,68.11
1475,ChameleonAI,14,0.0099,96658,68.12
1476,Chichiue_Pendragon,14,0.0099,96672,68.13
1477,ColdNorthMenace,14,0.0099,96686,68.14
1478,DATE_A_LIVE_Love,14,0.0099,96700,68.15
1479,Darkloreyn,14,0.0099,96714,68.16
1480,Derpyguy999,14,0.0099,96728,68.17
1481,Eisthol,14,0.0099,96742,68.18
1482,Eschelon,14,0.0099,96756,68.19
1483,Ginazai23,14,0.0099,96770,68.2
1484,GoDreams,14,0.0099,96784,68.21
1485,GreyMaw,14,0.0099,96798,68.22
1486,HappyStabby,14,0.0099,96812,68.23
1487,HaydenHoosk,14,0.0099,96826,68.24
1488,IceKiub,14,0.0099,96840,68.25
1489,InvalidTuna2000,14,0.0099,96854,68.26
1490,JohnStinko,14,0.0099,96868,68.27
1491,JohnnyB1,14,0.0099,96882,68.28
1492,KalemFakes,14,0.0099,96896,68.29
1493,Kaybe9797,14,0.0099,96910,68.3
1494,Kooraz,14,0.0099,96924,68.31
1495,KovasFox,14,0.0099,96938,68.32
1496,MENGHUI_Somnium,14,0.0099,96952,68.33
1497,ModelsForFun,14,0.0099,96966,68.34
1498,MonkeyDFeels,14,0.0099,96980,68.35
1499,MrRaccoon22,14,0.0099,96994,68.36
1500,NanashiAnon,14,0.0099,97008,68.37
1501,NaveDaxu,14,0.0099,97022,68.38
1502,Neverborn,14,0.0099,97036,68.39
1503,NewRick,14,0.0099,97050,68.4
1504,Nickds7t,14,0.0099,97064,68.41
1505,OrisAn,14,0.0099,97078,68.42
1506,Philon,14,0.0099,97092,68.43
1507,Plumm,14,0.0099,97106,68.44
1508,Pokemon6242,14,0.0099,97120,68.45
1509,Ragsworth,14,0.0099,97134,68.46
1510,Runga_Kujo,14,0.0099,97148,68.47
1511,SD_APS_LAU,14,0.0099,97162,68.48
1512,Shayol,14,0.0099,97176,68.49
1513,SteveCalvo99,14,0.0099,97190,68.5
1514,StormLennox,14,0.0099,97204,68.51
1515,SyphFridge,14,0.0099,97218,68.52
1516,TCO1,14,0.0099,97232,68.53
1517,TheCreature4668,14,0.0099,97246,68.54
1518,Torsh3,14,0.0099,97260,68.55
1519,Zephioli,14,0.0099,97274,68.56
1520,ZombieHead,14,0.0099,97288,68.57
1521,aiclock,14,0.0099,97302,68.58
1522,aihotgirls,14,0.0099,97316,68.59
1523,ashrpg,14,0.0099,97330,68.6
1524,ayasesuki,14,0.0099,97344,68.61
1525,b1ackm0re71481,14,0.0099,97358,68.62
1526,billyrobinson252772,14,0.0099,97372,68.62
1527,bodyhorror,14,0.0099,97386,68.63
1528,butterbar,14,0.0099,97400,68.64
1529,ceii0502382,14,0.0099,97414,68.65
1530,chelli1993,14,0.0099,97428,68.66
1531,downloadmorevram,14,0.0099,97442,68.67
1532,fatboobs0800,14,0.0099,97456,68.68
1533,gbdisgid,14,0.0099,97470,68.69
1534,gyaruyufa,14,0.0099,97484,68.7
1535,hanekawa1,14,0.0099,97498,68.71
1536,harpy424,14,0.0099,97512,68.72
1537,invisietch,14,0.0099,97526,68.73
1538,jfurryart605,14,0.0099,97540,68.74
1539,jonathanbrunt,14,0.0099,97554,68.75
1540,konglong575,14,0.0099,97568,68.76
1541,krowbang,14,0.0099,97582,68.77
1542,lordmordrek663,14,0.0099,97596,68.78
1543,masamunexage,14,0.0099,97610,68.79
1544,matthewww3321826,14,0.0099,97624,68.8
1545,maximusgrande,14,0.0099,97638,68.81
1546,mendoman,14,0.0099,97652,68.82
1547,nvviRBUh,14,0.0099,97666,68.83
1548,officialhentakugames800,14,0.0099,97680,68.84
1549,pickalonga,14,0.0099,97694,68.85
1550,raconi1051349,14,0.0099,97708,68.86
1551,rulles,14,0.0099,97722,68.87
1552,saiyanp12,14,0.0099,97736,68.88
1553,sickmer,14,0.0099,97750,68.89
1554,soyagradable,14,0.0099,97764,68.9
1555,steverobertson,14,0.0099,97778,68.91
1556,tglink,14,0.0099,97792,68.92
1557,tubasa6318125,14,0.0099,97806,68.93
1558,vistrac21,14,0.0099,97820,68.94
1559,warmcroissant,14,0.0099,97834,68.95
1560,yumad3937,14,0.0099,97848,68.96
1561,zoeythefoxin,14,0.0099,97862,68.97
1562,81188,13,0.0092,97875,68.98
1563,AIXPIST,13,0.0092,97888,68.99
1564,AI_After_Dark,13,0.0092,97901,69.0
1565,Adell205,13,0.0092,97914,69.01
1566,Aiya_the_Rube,13,0.0092,97927,69.02
1567,Arfeur,13,0.0092,97940,69.03
1568,ArtLOFT_AI,13,0.0092,97953,69.03
1569,Attour,13,0.0092,97966,69.04
1570,Bababouie99,13,0.0092,97979,69.05
1571,Baeass,13,0.0092,97992,69.06
1572,Bigraffa,13,0.0092,98005,69.07
1573,BodysuitAmbassador,13,0.0092,98018,69.08
1574,Cake4Daze,13,0.0092,98031,69.09
1575,ComradeCowboy3141,13,0.0092,98044,69.1
1576,CursedEgo,13,0.0092,98057,69.11
1577,Dalce,13,0.0092,98070,69.12
1578,Den_IX,13,0.0092,98083,69.13
1579,Detested,13,0.0092,98096,69.14
1580,DrFapFario,13,0.0092,98109,69.14
1581,Draco35,13,0.0092,98122,69.15
1582,EriosClerk,13,0.0092,98135,69.16
1583,FEMgem,13,0.0092,98148,69.17
1584,FTxFOX,13,0.0092,98161,69.18
1585,Goodluck2024,13,0.0092,98174,69.19
1586,Guesss,13,0.0092,98187,69.2
1587,Guinwen,13,0.0092,98200,69.21
1588,Heartlessdove,13,0.0092,98213,69.22
1589,HentaiArmada,13,0.0092,98226,69.23
1590,HornyBoobstard,13,0.0092,98239,69.24
1591,JudgeNaegi,13,0.0092,98252,69.25
1592,JxC,13,0.0092,98265,69.25
1593,KLUBNIKA,13,0.0092,98278,69.26
1594,KamenLion69exe,13,0.0092,98291,69.27
1595,KaosEngine,13,0.0092,98304,69.28
1596,Khatsuya,13,0.0092,98317,69.29
1597,KinkMaster,13,0.0092,98330,69.3
1598,Kotcfacu,13,0.0092,98343,69.31
1599,LJXD,13,0.0092,98356,69.32
1600,LSFemdomArt,13,0.0092,98369,69.33
1601,LoordAI,13,0.0092,98382,69.34
1602,LostMiner47,13,0.0092,98395,69.35
1603,LuoJunwantstobepopular,13,0.0092,98408,69.36
1604,MakeThemComeAliveAIArt,13,0.0092,98421,69.36
1605,Moisesk380,13,0.0092,98434,69.37
1606,Monke_gen,13,0.0092,98447,69.38
1607,MrPumpking,13,0.0092,98460,69.39
1608,Nevermore777,13,0.0092,98473,69.4
1609,Noirfish,13,0.0092,98486,69.41
1610,OMaplescotch,13,0.0092,98499,69.42
1611,ObsidianMind,13,0.0092,98512,69.43
1612,Randanon,13,0.0092,98525,69.44
1613,RatherEasy,13,0.0092,98538,69.45
1614,Redyaan,13,0.0092,98551,69.46
1615,SatanClaws,13,0.0092,98564,69.47
1616,Snoodler,13,0.0092,98577,69.47
1617,SuikodenQueendom,13,0.0092,98590,69.48
1618,TaDORO,13,0.0092,98603,69.49
1619,TerraFox,13,0.0092,98616,69.5
1620,TrSerkan,13,0.0092,98629,69.51
1621,UwuSite,13,0.0092,98642,69.52
1622,VHSCLOP,13,0.0092,98655,69.53
1623,Venerable999,13,0.0092,98668,69.54
1624,YuZhouWuDiDaDaDaDaShuai,13,0.0092,98681,69.55
1625,ZESUMI,13,0.0092,98694,69.56
1626,Zakolover,13,0.0092,98707,69.57
1627,Zdagi,13,0.0092,98720,69.58
1628,alpharice,13,0.0092,98733,69.58
1629,arkrite,13,0.0092,98746,69.59
1630,artemius15,13,0.0092,98759,69.6
1631,azuminakama708,13,0.0092,98772,69.61
1632,blowdolliris391,13,0.0092,98785,69.62
1633,caphalorthrow,13,0.0092,98798,69.63
1634,coguy2012,13,0.0092,98811,69.64
1635,darkroast175696,13,0.0092,98824,69.65
1636,demorjea776,13,0.0092,98837,69.66
1637,dermasterblaster419763,13,0.0092,98850,69.67
1638,djninkirby,13,0.0092,98863,69.68
1639,dondorodan729,13,0.0092,98876,69.68
1640,duncan99968o,13,0.0092,98889,69.69
1641,emanr,13,0.0092,98902,69.7
1642,f22raptorman,13,0.0092,98915,69.71
1643,guppis49889,13,0.0092,98928,69.72
1644,iPiKo,13,0.0092,98941,69.73
1645,impossiblesage,13,0.0092,98954,69.74
1646,ja204127845,13,0.0092,98967,69.75
1647,jgan,13,0.0092,98980,69.76
1648,jsmithys12312995,13,0.0092,98993,69.77
1649,kabutozero,13,0.0092,99006,69.78
1650,lolzuera22826,13,0.0092,99019,69.79
1651,magmirant0011,13,0.0092,99032,69.79
1652,mis3coec423asd,13,0.0092,99045,69.8
1653,misterbradberry50,13,0.0092,99058,69.81
1654,mixannic,13,0.0092,99071,69.82
1655,n0242099765,13,0.0092,99084,69.83
1656,nectarine_dream,13,0.0092,99097,69.84
1657,nerpoen,13,0.0092,99110,69.85
1658,news_v_com,13,0.0092,99123,69.86
1659,oosayam,13,0.0092,99136,69.87
1660,rayxshat470,13,0.0092,99149,69.88
1661,reggiemccorthy1457,13,0.0092,99162,69.89
1662,renarenarenaaa,13,0.0092,99175,69.9
1663,rezazz,13,0.0092,99188,69.9
1664,schneed,13,0.0092,99201,69.91
1665,septagon,13,0.0092,99214,69.92
1666,sleepbreaker,13,0.0092,99227,69.93
1667,stevejones19,13,0.0092,99240,69.94
1668,swift2931981,13,0.0092,99253,69.95
1669,tangokiss,13,0.0092,99266,69.96
1670,thedragongenerator,13,0.0092,99279,69.97
1671,thepignosedkid,13,0.0092,99292,69.98
1672,trackmml,13,0.0092,99305,69.99
1673,tranlam03588733,13,0.0092,99318,70.0
1674,valeur,13,0.0092,99331,70.01
1675,vgt13,13,0.0092,99344,70.01
1676,vtuberfan,13,0.0092,99357,70.02
1677,w324t3653w,13,0.0092,99370,70.03
1678,xshwitzbert1,13,0.0092,99383,70.04
1679,zeldarion,13,0.0092,99396,70.05
1680,1784690678624,12,0.0085,99408,70.06
1681,211canaloficialdemusica99,12,0.0085,99420,70.07
1682,25kk,12,0.0085,99432,70.08
1683,4amRgC,12,0.0085,99444,70.09
1684,616minutes,12,0.0085,99456,70.09
1685,A4tpop,12,0.0085,99468,70.1
1686,AI_KiraXIII,12,0.0085,99480,70.11
1687,AkaHimeP,12,0.0085,99492,70.12
1688,AuRaEnthusiast,12,0.0085,99504,70.13
1689,Bedbugbedbug,12,0.0085,99516,70.14
1690,BigWoodArt,12,0.0085,99528,70.14
1691,CCFantasy86,12,0.0085,99540,70.15
1692,Cixiao,12,0.0085,99552,70.16
1693,Coolhyena5,12,0.0085,99564,70.17
1694,Corruptedcupid,12,0.0085,99576,70.18
1695,Cumcreature,12,0.0085,99588,70.19
1696,Dead_Sec,12,0.0085,99600,70.2
1697,DrAIvyn,12,0.0085,99612,70.2
1698,DreamAngel,12,0.0085,99624,70.21
1699,DreamImg,12,0.0085,99636,70.22
1700,DriftwoodBeta,12,0.0085,99648,70.23
1701,Dromund,12,0.0085,99660,70.24
1702,Dslayer,12,0.0085,99672,70.25
1703,DumpeeAnderson,12,0.0085,99684,70.25
1704,Eoggg2000777,12,0.0085,99696,70.26
1705,Fervor4,12,0.0085,99708,70.27
1706,GTYT,12,0.0085,99720,70.28
1707,Ghostface1223,12,0.0085,99732,70.29
1708,H8edge,12,0.0085,99744,70.3
1709,HildasNumber1Simp,12,0.0085,99756,70.31
1710,IMFREE,12,0.0085,99768,70.31
1711,Ihavenoname69,12,0.0085,99780,70.32
1712,JonTerboven,12,0.0085,99792,70.33
1713,Kagemaboy,12,0.0085,99804,70.34
1714,Kapora,12,0.0085,99816,70.35
1715,KeithZero,12,0.0085,99828,70.36
1716,Konguito962,12,0.0085,99840,70.36
1717,Lantash,12,0.0085,99852,70.37
1718,Lizascale,12,0.0085,99864,70.38
1719,LotusDreads,12,0.0085,99876,70.39
1720,LylahLuna,12,0.0085,99888,70.4
1721,MachineMinded,12,0.0085,99900,70.41
1722,MackleMoreEy,12,0.0085,99912,70.42
1723,Mattalayoh,12,0.0085,99924,70.42
1724,Mcbblgoonbuster,12,0.0085,99936,70.43
1725,Midnightcrawler,12,0.0085,99948,70.44
1726,MrAnime_18,12,0.0085,99960,70.45
1727,NakedSpaceMan,12,0.0085,99972,70.46
1728,Naoto209,12,0.0085,99984,70.47
1729,NiijimasFatazz,12,0.0085,99996,70.47
1730,NoxLight,12,0.0085,100008,70.48
1731,Nunyab22,12,0.0085,100020,70.49
1732,Oddrich,12,0.0085,100032,70.5
1733,PVequalsNRT,12,0.0085,100044,70.51
1734,Pauper_Grave,12,0.0085,100056,70.52
1735,Puppis810,12,0.0085,100068,70.53
1736,RMFAN,12,0.0085,100080,70.53
1737,R_6283,12,0.0085,100092,70.54
1738,ReanLs,12,0.0085,100104,70.55
1739,SamLiu,12,0.0085,100116,70.56
1740,Sanday888,12,0.0085,100128,70.57
1741,SerasRP,12,0.0085,100140,70.58
1742,Shoukolpb,12,0.0085,100152,70.58
1743,SugmaBa11s,12,0.0085,100164,70.59
1744,TananjoAI,12,0.0085,100176,70.6
1745,ThatGuyOfficial,12,0.0085,100188,70.61
1746,TheGreatAdmirer,12,0.0085,100200,70.62
1747,The_LeafMakerGod,12,0.0085,100212,70.63
1748,ToasterXD,12,0.0085,100224,70.63
1749,Umiushi1993,12,0.0085,100236,70.64
1750,Underpants_Gnome,12,0.0085,100248,70.65
1751,Unit3320079,12,0.0085,100260,70.66
1752,Used911,12,0.0085,100272,70.67
1753,Vetka_Barbarisa,12,0.0085,100284,70.68
1754,Viulenza,12,0.0085,100296,70.69
1755,WizardMcMerlin,12,0.0085,100308,70.69
1756,Zilient,12,0.0085,100320,70.7
1757,Zyalyum,12,0.0085,100332,70.71
1758,a95700800951,12,0.0085,100344,70.72
1759,aestheticsSoftcore,12,0.0085,100356,70.73
1760,ai_universe56,12,0.0085,100368,70.74
1761,aruji_sama,12,0.0085,100380,70.74
1762,asdfgh1230,12,0.0085,100392,70.75
1763,bbuilder8,12,0.0085,100404,70.76
1764,bonsoirdude,12,0.0085,100416,70.77
1765,boygito01901,12,0.0085,100428,70.78
1766,bufupkk,12,0.0085,100440,70.79
1767,camotoe,12,0.0085,100452,70.8
1768,canthackthis1640395,12,0.0085,100464,70.8
1769,cesar13,12,0.0085,100476,70.81
1770,chaior02,12,0.0085,100488,70.82
1771,creati2stab,12,0.0085,100500,70.83
1772,de_65,12,0.0085,100512,70.84
1773,deangelo_stevens10734,12,0.0085,100524,70.85
1774,deaththrash27,12,0.0085,100536,70.85
1775,fdgdgsdffdfgdgf,12,0.0085,100548,70.86
1776,golbof123779,12,0.0085,100560,70.87
1777,hfansupreme,12,0.0085,100572,70.88
1778,jess1222,12,0.0085,100584,70.89
1779,karl1688,12,0.0085,100596,70.9
1780,ktiseos_nyx,12,0.0085,100608,70.91
1781,lebowquade,12,0.0085,100620,70.91
1782,lexdixea760,12,0.0085,100632,70.92
1783,lqc,12,0.0085,100644,70.93
1784,matmorantt,12,0.0085,100656,70.94
1785,millburn,12,0.0085,100668,70.95
1786,miniphak,12,0.0085,100680,70.96
1787,mnst0319224,12,0.0085,100692,70.96
1788,nobodythereject,12,0.0085,100704,70.97
1789,pino7,12,0.0085,100716,70.98
1790,purppurp,12,0.0085,100728,70.99
1791,rickstevens957464,12,0.0085,100740,71.0
1792,sumezawa,12,0.0085,100752,71.01
1793,takamiyaichiro23208,12,0.0085,100764,71.02
1794,tamara590,12,0.0085,100776,71.02
1795,thelostfutures,12,0.0085,100788,71.03
1796,throwawayjm,12,0.0085,100800,71.04
1797,xiamiyaxmi,12,0.0085,100812,71.05
1798,xipomus502,12,0.0085,100824,71.06
1799,xorihe3734,12,0.0085,100836,71.07
1800,yamakei,12,0.0085,100848,71.07
1801,yazloba,12,0.0085,100860,71.08
1802,yuming335995672,12,0.0085,100872,71.09
1803,7Zager7,11,0.0078,100883,71.1
1804,AI_Aurora,11,0.0078,100894,71.11
1805,AngryNorwegian,11,0.0078,100905,71.11
1806,Ani_ani,11,0.0078,100916,71.12
1807,AnimaCode,11,0.0078,100927,71.13
1808,AstroVariant,11,0.0078,100938,71.14
1809,Avwadd,11,0.0078,100949,71.15
1810,BackFox99,11,0.0078,100960,71.15
1811,Bacterial_Inflammation,11,0.0078,100971,71.16
1812,BeansnaeB,11,0.0078,100982,71.17
1813,Beef_Master,11,0.0078,100993,71.18
1814,Believe_what_you_like,11,0.0078,101004,71.18
1815,BetterPorn,11,0.0078,101015,71.19
1816,Bigfatboobs0080,11,0.0078,101026,71.2
1817,Blitzkralle1505,11,0.0078,101037,71.21
1818,BulbyBooty,11,0.0078,101048,71.22
1819,Cathexis77,11,0.0078,101059,71.22
1820,Chiliboy,11,0.0078,101070,71.23
1821,CocaColaRightNow,11,0.0078,101081,71.24
1822,CulturedVanillaDegenerate,11,0.0078,101092,71.25
1823,CupcakeDreamer,11,0.0078,101103,71.25
1824,DarkEffect,11,0.0078,101114,71.26
1825,Deviano384,11,0.0078,101125,71.27
1826,DevilDogAV,11,0.0078,101136,71.28
1827,Dobryy,11,0.0078,101147,71.29
1828,Doctor2am,11,0.0078,101158,71.29
1829,DuckLabz,11,0.0078,101169,71.3
1830,EclipseXAi,11,0.0078,101180,71.31
1831,EggsNPancakes72,11,0.0078,101191,71.32
1832,Epispasm,11,0.0078,101202,71.32
1833,Estuar,11,0.0078,101213,71.33
1834,FatsIncognito,11,0.0078,101224,71.34
1835,FoxFoyler,11,0.0078,101235,71.35
1836,Freedomrare,11,0.0078,101246,71.36
1837,FunnyFungusMonkey,11,0.0078,101257,71.36
1838,Gener_AI,11,0.0078,101268,71.37
1839,GoblinGold,11,0.0078,101279,71.38
1840,Hairdryer1486,11,0.0078,101290,71.39
1841,ImagineBreaker,11,0.0078,101301,71.39
1842,JohnTzee,11,0.0078,101312,71.4
1843,JollyIm,11,0.0078,101323,71.41
1844,Jou72,11,0.0078,101334,71.42
1845,JuDHoppser,11,0.0078,101345,71.43
1846,K1T0,11,0.0078,101356,71.43
1847,KRASH55,11,0.0078,101367,71.44
1848,KitteyLL,11,0.0078,101378,71.45
1849,Knistari,11,0.0078,101389,71.46
1850,LONGERSTAR,11,0.0078,101400,71.46
1851,LPcoore,11,0.0078,101411,71.47
1852,Lamancha50002310,11,0.0078,101422,71.48
1853,LazyCPT,11,0.0078,101433,71.49
1854,Lewdz,11,0.0078,101444,71.49
1855,Loatheus,11,0.0078,101455,71.5
1856,MadeofSteel,11,0.0078,101466,71.51
1857,MajesticTriumph,11,0.0078,101477,71.52
1858,ManRay_,11,0.0078,101488,71.53
1859,MarvellousPecktot,11,0.0078,101499,71.53
1860,MooMind,11,0.0078,101510,71.54
1861,Muyjj11394,11,0.0078,101521,71.55
1862,NRDX,11,0.0078,101532,71.56
1863,NerdyGamerbf,11,0.0078,101543,71.56
1864,Nyaa,11,0.0078,101554,71.57
1865,Nyx94,11,0.0078,101565,71.58
1866,PointerWarriorAI,11,0.0078,101576,71.59
1867,Qwerty_knight,11,0.0078,101587,71.6
1868,Rockabillydude,11,0.0078,101598,71.6
1869,SXCD2719,11,0.0078,101609,71.61
1870,SaltedFishFox,11,0.0078,101620,71.62
1871,ScrambledEgg1337,11,0.0078,101631,71.63
1872,SimianHose,11,0.0078,101642,71.63
1873,Smoke_Room,11,0.0078,101653,71.64
1874,Subfuror,11,0.0078,101664,71.65
1875,Sylwia,11,0.0078,101675,71.66
1876,Talvetmenee,11,0.0078,101686,71.67
1877,Telekinetic_tomato,11,0.0078,101697,71.67
1878,Thatdude96,11,0.0078,101708,71.68
1879,TheArnoldPickaxe,11,0.0078,101719,71.69
1880,Themasterx00,11,0.0078,101730,71.7
1881,VariVi,11,0.0078,101741,71.7
1882,Welch,11,0.0078,101752,71.71
1883,Wolf23232,11,0.0078,101763,71.72
1884,Yifftator,11,0.0078,101774,71.73
1885,Ynagoya,11,0.0078,101785,71.74
1886,Zarubiant,11,0.0078,101796,71.74
1887,ZootAllures9111,11,0.0078,101807,71.75
1888,adelie23,11,0.0078,101818,71.76
1889,aiurzealous,11,0.0078,101829,71.77
1890,almeidap,11,0.0078,101840,71.77
1891,arkinson,11,0.0078,101851,71.78
1892,barlogspam176,11,0.0078,101862,71.79
1893,basedbase,11,0.0078,101873,71.8
1894,bengbeng,11,0.0078,101884,71.8
1895,bunbunbun092955,11,0.0078,101895,71.81
1896,captaindread,11,0.0078,101906,71.82
1897,charlesdrew,11,0.0078,101917,71.83
1898,coldwood,11,0.0078,101928,71.84
1899,coralblue,11,0.0078,101939,71.84
1900,denny208,11,0.0078,101950,71.85
1901,dongus_the_wise,11,0.0078,101961,71.86
1902,doshi4672,11,0.0078,101972,71.87
1903,dragonluckily15778,11,0.0078,101983,71.87
1904,etude2k,11,0.0078,101994,71.88
1905,faux,11,0.0078,102005,71.89
1906,froznlamb,11,0.0078,102016,71.9
1907,furrymain263,11,0.0078,102027,71.91
1908,guomingyang173413530,11,0.0078,102038,71.91
1909,heroiclord,11,0.0078,102049,71.92
1910,igordd,11,0.0078,102060,71.93
1911,jedikun,11,0.0078,102071,71.94
1912,jmorganjmorgan5577,11,0.0078,102082,71.94
1913,john_doedoe,11,0.0078,102093,71.95
1914,johnsena1027435,11,0.0078,102104,71.96
1915,jus98,11,0.0078,102115,71.97
1916,kalitexAI,11,0.0078,102126,71.98
1917,krswrs,11,0.0078,102137,71.98
1918,lololpls,11,0.0078,102148,71.99
1919,malibu79617,11,0.0078,102159,72.0
1920,marigil,11,0.0078,102170,72.01
1921,mashley,11,0.0078,102181,72.01
1922,miaalhernandez411,11,0.0078,102192,72.02
1923,mrawesome2k697,11,0.0078,102203,72.03
1924,myredcode,11,0.0078,102214,72.04
1925,nonameman0724545,11,0.0078,102225,72.05
1926,ozimsdaniel762353,11,0.0078,102236,72.05
1927,png_krngn,11,0.0078,102247,72.06
1928,polygon111,11,0.0078,102258,72.07
1929,raconteur222,11,0.0078,102269,72.08
1930,radoma537,11,0.0078,102280,72.08
1931,redsuns,11,0.0078,102291,72.09
1932,rima2go,11,0.0078,102302,72.1
1933,rp544,11,0.0078,102313,72.11
1934,schsch,11,0.0078,102324,72.12
1935,screamlouder,11,0.0078,102335,72.12
1936,secondus99212,11,0.0078,102346,72.13
1937,shura490,11,0.0078,102357,72.14
1938,sluttykate992,11,0.0078,102368,72.15
1939,spaceai2077,11,0.0078,102379,72.15
1940,st636111111121,11,0.0078,102390,72.16
1941,superfluenzo,11,0.0078,102401,72.17
1942,t_andrew30,11,0.0078,102412,72.18
1943,takamiyashinichi965225,11,0.0078,102423,72.18
1944,tap_oyirixi74297,11,0.0078,102434,72.19
1945,the_jamon_,11,0.0078,102445,72.2
1946,triplejungle790854,11,0.0078,102456,72.21
1947,tutyutyutyuytu410,11,0.0078,102467,72.22
1948,uchiha_zak,11,0.0078,102478,72.22
1949,urias779,11,0.0078,102489,72.23
1950,zagando2500700,11,0.0078,102500,72.24
1951,zura_janai,11,0.0078,102511,72.25
1952,zzycool16,11,0.0078,102522,72.25
1953,10zen,10,0.007,102532,72.26
1954,123_xyz,10,0.007,102542,72.27
1955,AdultLisaSimpsonIsHot,10,0.007,102552,72.28
1956,AkiorAutumn,10,0.007,102562,72.28
1957,Alkor64,10,0.007,102572,72.29
1958,Altaiir,10,0.007,102582,72.3
1959,ArmetDaraco,10,0.007,102592,72.3
1960,Arusu_rex,10,0.007,102602,72.31
1961,Astr3,10,0.007,102612,72.32
1962,BargainBin,10,0.007,102622,72.33
1963,Blitz2317,10,0.007,102632,72.33
1964,BloodBeer8,10,0.007,102642,72.34
1965,BomBarda2001,10,0.007,102652,72.35
1966,Box_xFox_x,10,0.007,102662,72.35
1967,Bradlo,10,0.007,102672,72.36
1968,Bruhstar,10,0.007,102682,72.37
1969,CREAGRAPH,10,0.007,102692,72.37
1970,Citrusjuice,10,0.007,102702,72.38
1971,CobaltDawg0621,10,0.007,102712,72.39
1972,CuauhtemocI5MAL,10,0.007,102722,72.4
1973,Cyph3r,10,0.007,102732,72.4
1974,Dallas_Morningstar,10,0.007,102742,72.41
1975,Damn64,10,0.007,102752,72.42
1976,Deady,10,0.007,102762,72.42
1977,DerekDragon,10,0.007,102772,72.43
1978,DrLox,10,0.007,102782,72.44
1979,Dragoneater,10,0.007,102792,72.44
1980,EleGe,10,0.007,102802,72.45
1981,FoylerTF,10,0.007,102812,72.46
1982,Frierenlover,10,0.007,102822,72.47
1983,Frog_Master,10,0.007,102832,72.47
1984,GMWalker,10,0.007,102842,72.48
1985,GalacticNugs,10,0.007,102852,72.49
1986,GarupanEnthusiast,10,0.007,102862,72.49
1987,Gegatio,10,0.007,102872,72.5
1988,Hakua,10,0.007,102882,72.51
1989,IanSan,10,0.007,102892,72.52
1990,IgorKir,10,0.007,102902,72.52
1991,ItsKevin,10,0.007,102912,72.53
1992,JazzyBravo,10,0.007,102922,72.54
1993,Jedas,10,0.007,102932,72.54
1994,KaigoPictures,10,0.007,102942,72.55
1995,KatieHolland,10,0.007,102952,72.56
1996,KonjacBurdock,10,0.007,102962,72.56
1997,KouyaSIMP,10,0.007,102972,72.57
1998,LaDy99999,10,0.007,102982,72.58
1999,LapisMYT,10,0.007,102992,72.59
2000,Leti,10,0.007,103002,72.59
2001,Login5,10,0.007,103012,72.6
2002,MLGnom,10,0.007,103022,72.61
2003,Menshiki,10,0.007,103032,72.61
2004,MommyLover,10,0.007,103042,72.62
2005,Moon101,10,0.007,103052,72.63
2006,NaiHua,10,0.007,103062,72.64
2007,Nyxie7,10,0.007,103072,72.64
2008,Palayer,10,0.007,103082,72.65
2009,Rauthos,10,0.007,103092,72.66
2010,Rougie,10,0.007,103102,72.66
2011,Sansenskiy,10,0.007,103112,72.67
2012,SeaEng,10,0.007,103122,72.68
2013,Solfcrof,10,0.007,103132,72.68
2014,StarAIStarAI,10,0.007,103142,72.69
2015,Sublorma,10,0.007,103152,72.7
2016,Sweet_Pixeline,10,0.007,103162,72.71
2017,Sylsatra,10,0.007,103172,72.71
2018,TheFullDazeBlaze,10,0.007,103182,72.72
2019,Tiegoo2,10,0.007,103192,72.73
2020,Trapia,10,0.007,103202,72.73
2021,TrinityDeVayne,10,0.007,103212,72.74
2022,TwoMoreLurker,10,0.007,103222,72.75
2023,UnknownBandant,10,0.007,103232,72.75
2024,Westside_AI,10,0.007,103242,72.76
2025,Wikky,10,0.007,103252,72.77
2026,Wooshytunca,10,0.007,103262,72.78
2027,XEZ,10,0.007,103272,72.78
2028,XQAnima,10,0.007,103282,72.79
2029,Yotei,10,0.007,103292,72.8
2030,You_serName,10,0.007,103302,72.8
2031,ZairaSass,10,0.007,103312,72.81
2032,aiartspam,10,0.007,103322,72.82
2033,albondinga18,10,0.007,103332,72.83
2034,aoba00742,10,0.007,103342,72.83
2035,arrssenne,10,0.007,103352,72.84
2036,arsen1312877,10,0.007,103362,72.85
2037,aurenigma,10,0.007,103372,72.85
2038,azki_is_very_cute,10,0.007,103382,72.86
2039,bbbbbj876684,10,0.007,103392,72.87
2040,beefylegend,10,0.007,103402,72.87
2041,bert02071969537,10,0.007,103412,72.88
2042,bethiella423221,10,0.007,103422,72.89
2043,blackbrond,10,0.007,103432,72.9
2044,bosomancer,10,0.007,103442,72.9
2045,cargoreel,10,0.007,103452,72.91
2046,ccbbaaa,10,0.007,103462,72.92
2047,clarencecoggins,10,0.007,103472,72.92
2048,counterpunchhopper,10,0.007,103482,72.93
2049,daarionaarias,10,0.007,103492,72.94
2050,denis24ni732,10,0.007,103502,72.95
2051,dersevichinnikolai110,10,0.007,103512,72.95
2052,dheroddd,10,0.007,103522,72.96
2053,dstar1,10,0.007,103532,72.97
2054,edwardsstuff,10,0.007,103542,72.97
2055,erededer850,10,0.007,103552,72.98
2056,fateh1912,10,0.007,103562,72.99
2057,fishi121,10,0.007,103572,72.99
2058,gameboychik1556,10,0.007,103582,73.0
2059,gpan830,10,0.007,103592,73.01
2060,hawt,10,0.007,103602,73.02
2061,hbmst,10,0.007,103612,73.02
2062,hemefe4271344,10,0.007,103622,73.03
2063,hirokatu01263,10,0.007,103632,73.04
2064,horima3217,10,0.007,103642,73.04
2065,hrm1331,10,0.007,103652,73.05
2066,hrnylzrd,10,0.007,103662,73.06
2067,ididapig2,10,0.007,103672,73.07
2068,imperialsocialista,10,0.007,103682,73.07
2069,insidertrading,10,0.007,103692,73.08
2070,jeqtreqt,10,0.007,103702,73.09
2071,jmichell1440,10,0.007,103712,73.09
2072,johnsmith8matrix831,10,0.007,103722,73.1
2073,kanisanebisan,10,0.007,103732,73.11
2074,kitsunekun2,10,0.007,103742,73.11
2075,kwResearch,10,0.007,103752,73.12
2076,liaowushi,10,0.007,103762,73.13
2077,litchaudhumide,10,0.007,103772,73.14
2078,liuming_yue,10,0.007,103782,73.14
2079,lovehammer89,10,0.007,103792,73.15
2080,lu2024,10,0.007,103802,73.16
2081,luxiaoaiq233102,10,0.007,103812,73.16
2082,maeri,10,0.007,103822,73.17
2083,mendozamarkzandreius11294,10,0.007,103832,73.18
2084,mnemosynekotorin,10,0.007,103842,73.18
2085,mrfeet,10,0.007,103852,73.19
2086,muell659,10,0.007,103862,73.2
2087,multilazor,10,0.007,103872,73.21
2088,n640,10,0.007,103882,73.21
2089,nariaak,10,0.007,103892,73.22
2090,nemo474,10,0.007,103902,73.23
2091,njjjninijij740,10,0.007,103912,73.23
2092,omaha261,10,0.007,103922,73.24
2093,oskarsson,10,0.007,103932,73.25
2094,oyuki2,10,0.007,103942,73.26
2095,piales,10,0.007,103952,73.26
2096,pikenrover,10,0.007,103962,73.27
2097,plop22,10,0.007,103972,73.28
2098,q7777,10,0.007,103982,73.28
2099,rampampo33,10,0.007,103992,73.29
2100,razortsax640,10,0.007,104002,73.3
2101,rdgreinodosgames,10,0.007,104012,73.3
2102,ronaldmclovin92604,10,0.007,104022,73.31
2103,runningfromdeer,10,0.007,104032,73.32
2104,sixponhub187365,10,0.007,104042,73.33
2105,slimed,10,0.007,104052,73.33
2106,smipj2012440,10,0.007,104062,73.34
2107,spark009,10,0.007,104072,73.35
2108,sparks466,10,0.007,104082,73.35
2109,sqbeljp436,10,0.007,104092,73.36
2110,stary115,10,0.007,104102,73.37
2111,ten_159,10,0.007,104112,73.38
2112,thunderkin,10,0.007,104122,73.38
2113,tiagorods100380,10,0.007,104132,73.39
2114,waguimxxx,10,0.007,104142,73.4
2115,weebalot,10,0.007,104152,73.4
2116,wylon2219261,10,0.007,104162,73.41
2117,yungho778,10,0.007,104172,73.42
2118,zibuAI,10,0.007,104182,73.42
2119,31413,9,0.0063,104191,73.43
2120,3llismann,9,0.0063,104200,73.44
2121,AC9000,9,0.0063,104209,73.44
2122,AIGirlsWorld,9,0.0063,104218,73.45
2123,AInonymous,9,0.0063,104227,73.46
2124,AURat,9,0.0063,104236,73.46
2125,Acta1771,9,0.0063,104245,73.47
2126,AenCroll,9,0.0063,104254,73.48
2127,Aerem,9,0.0063,104263,73.48
2128,AiTimeIsNow,9,0.0063,104272,73.49
2129,Ai_Corn,9,0.0063,104281,73.49
2130,Alkoxyl,9,0.0063,104290,73.5
2131,Alucard_Kuroki,9,0.0063,104299,73.51
2132,AnguishedBrass56,9,0.0063,104308,73.51
2133,AnonymouSchmuck,9,0.0063,104317,73.52
2134,Arukaruka,9,0.0063,104326,73.53
2135,AsuraStriker,9,0.0063,104335,73.53
2136,Belasco,9,0.0063,104344,73.54
2137,BlackLynk,9,0.0063,104353,73.54
2138,Bodyshotbandit,9,0.0063,104362,73.55
2139,Breathingtrash,9,0.0063,104371,73.56
2140,Cringler,9,0.0063,104380,73.56
2141,CumtasticVision,9,0.0063,104389,73.57
2142,Dave8081,9,0.0063,104398,73.58
2143,DeepSculptor,9,0.0063,104407,73.58
2144,Dewal76,9,0.0063,104416,73.59
2145,Disruptor1,9,0.0063,104425,73.6
2146,Djff88,9,0.0063,104434,73.6
2147,Doggy_aii,9,0.0063,104443,73.61
2148,DomPanda,9,0.0063,104452,73.61
2149,EikkoTheLast,9,0.0063,104461,73.62
2150,Elfangor42,9,0.0063,104470,73.63
2151,Encasise,9,0.0063,104479,73.63
2152,Enigmata,9,0.0063,104488,73.64
2153,Envertix,9,0.0063,104497,73.65
2154,Exlater,9,0.0063,104506,73.65
2155,Fakhry,9,0.0063,104515,73.66
2156,FallenEnder,9,0.0063,104524,73.67
2157,Fantomas911,9,0.0063,104533,73.67
2158,FeetAnimeMaster,9,0.0063,104542,73.68
2159,Femchud,9,0.0063,104551,73.68
2160,Fenny93,9,0.0063,104560,73.69
2161,Foxsnakeboy4,9,0.0063,104569,73.7
2162,FunnyKen,9,0.0063,104578,73.7
2163,FutaWaifu,9,0.0063,104587,73.71
2164,GameboyLoRa,9,0.0063,104596,73.72
2165,GamingBrohamcoal9512,9,0.0063,104605,73.72
2166,Garden_Of_Edin,9,0.0063,104614,73.73
2167,GarejiSama,9,0.0063,104623,73.74
2168,Getpantiesripped,9,0.0063,104632,73.74
2169,Goblintide,9,0.0063,104641,73.75
2170,Gostar,9,0.0063,104650,73.75
2171,Hapticmaniac,9,0.0063,104659,73.76
2172,HarambesRevenge,9,0.0063,104668,73.77
2173,HighMaxer,9,0.0063,104677,73.77
2174,HongryHongryHippo,9,0.0063,104686,73.78
2175,Hoss585,9,0.0063,104695,73.79
2176,I_dont_want_karma_,9,0.0063,104704,73.79
2177,Ikaro2,9,0.0063,104713,73.8
2178,ImJohnJohn,9,0.0063,104722,73.81
2179,Im_Batman,9,0.0063,104731,73.81
2180,ImminentFun,9,0.0063,104740,73.82
2181,IndolentCat,9,0.0063,104749,73.82
2182,IronElder,9,0.0063,104758,73.83
2183,Isekaifan,9,0.0063,104767,73.84
2184,KVestra,9,0.0063,104776,73.84
2185,Kan3o,9,0.0063,104785,73.85
2186,Kenichi_Kuroki,9,0.0063,104794,73.86
2187,Kiinkkite,9,0.0063,104803,73.86
2188,Kuro_Ai,9,0.0063,104812,73.87
2189,Kyuuz,9,0.0063,104821,73.87
2190,Lancelot69lol,9,0.0063,104830,73.88
2191,Liber0820,9,0.0063,104839,73.89
2192,Litty877,9,0.0063,104848,73.89
2193,Liver020,9,0.0063,104857,73.9
2194,LocalOptima,9,0.0063,104866,73.91
2195,LusciousFawkes,9,0.0063,104875,73.91
2196,Lustre_Art,9,0.0063,104884,73.92
2197,LysandreTaint,9,0.0063,104893,73.93
2198,MiaAI,9,0.0063,104902,73.93
2199,MonkeyTwist,9,0.0063,104911,73.94
2200,Moonpaws,9,0.0063,104920,73.94
2201,MoroccoSheep,9,0.0063,104929,73.95
2202,MuscleEnjoyer,9,0.0063,104938,73.96
2203,NSFWshark,9,0.0063,104947,73.96
2204,Nemu86,9,0.0063,104956,73.97
2205,Ng_SowhaT,9,0.0063,104965,73.98
2206,NoNoNo2312,9,0.0063,104974,73.98
2207,Nodegama,9,0.0063,104983,73.99
2208,NuclearNinja9,9,0.0063,104992,74.0
2209,Nyavi,9,0.0063,105001,74.0
2210,OrphyLabs,9,0.0063,105010,74.01
2211,PlayerX1234567,9,0.0063,105019,74.01
2212,Pr0fession4ln00b,9,0.0063,105028,74.02
2213,Psih__S___Evro,9,0.0063,105037,74.03
2214,ReSuika,9,0.0063,105046,74.03
2215,RonSlapalot,9,0.0063,105055,74.04
2216,SKangAI,9,0.0063,105064,74.05
2217,Shario,9,0.0063,105073,74.05
2218,Sheha4949,9,0.0063,105082,74.06
2219,Signalytix,9,0.0063,105091,74.07
2220,SilverCuriousW,9,0.0063,105100,74.07
2221,Skynetz,9,0.0063,105109,74.08
2222,Spoony,9,0.0063,105118,74.08
2223,SquaringAway,9,0.0063,105127,74.09
2224,Stampede13,9,0.0063,105136,74.1
2225,SuperBal00,9,0.0063,105145,74.1
2226,Sweres,9,0.0063,105154,74.11
2227,T1BR,9,0.0063,105163,74.12
2228,Thatguy96,9,0.0063,105172,74.12
2229,Tumor7tg,9,0.0063,105181,74.13
2230,TurkeyCannon,9,0.0063,105190,74.13
2231,Unstable_Specularity,9,0.0063,105199,74.14
2232,VIXAI,9,0.0063,105208,74.15
2233,WTF7,9,0.0063,105217,74.15
2234,WaifuEditor069,9,0.0063,105226,74.16
2235,WaifuWizardWong,9,0.0063,105235,74.17
2236,Wakestone,9,0.0063,105244,74.17
2237,Wicalypso,9,0.0063,105253,74.18
2238,Wolfies,9,0.0063,105262,74.19
2239,XenoXYZ,9,0.0063,105271,74.19
2240,XlyshaAI,9,0.0063,105280,74.2
2241,YDDLJW,9,0.0063,105289,74.2
2242,YaGirlFemmy,9,0.0063,105298,74.21
2243,YamaiLaguna,9,0.0063,105307,74.22
2244,Ynck,9,0.0063,105316,74.22
2245,Zekons,9,0.0063,105325,74.23
2246,ZellArista,9,0.0063,105334,74.24
2247,ZoeLeeBanana,9,0.0063,105343,74.24
2248,Zorkpics,9,0.0063,105352,74.25
2249,_NSFW_,9,0.0063,105361,74.26
2250,_sunai_,9,0.0063,105370,74.26
2251,aiartrt829831,9,0.0063,105379,74.27
2252,alfonsodolz582,9,0.0063,105388,74.27
2253,almijosj226,9,0.0063,105397,74.28
2254,anus_pear108,9,0.0063,105406,74.29
2255,arisabeitiao516,9,0.0063,105415,74.29
2256,bickaroo,9,0.0063,105424,74.3
2257,blackbear_co,9,0.0063,105433,74.31
2258,blurred0202,9,0.0063,105442,74.31
2259,c_starlight,9,0.0063,105451,74.32
2260,cornholiolu,9,0.0063,105460,74.33
2261,crashslash174,9,0.0063,105469,74.33
2262,dims2,9,0.0063,105478,74.34
2263,drake187_eva,9,0.0063,105487,74.34
2264,ecfnmbabez69,9,0.0063,105496,74.35
2265,faxlun2024938,9,0.0063,105505,74.36
2266,fongletto,9,0.0063,105514,74.36
2267,forcekin44,9,0.0063,105523,74.37
2268,fudruckers,9,0.0063,105532,74.38
2269,gen558,9,0.0063,105541,74.38
2270,ghue191,9,0.0063,105550,74.39
2271,gooseymoosey,9,0.0063,105559,74.39
2272,gothicdom,9,0.0063,105568,74.4
2273,holysan,9,0.0063,105577,74.41
2274,insertusername,9,0.0063,105586,74.41
2275,ironwulfer,9,0.0063,105595,74.42
2276,jackstephen1975,9,0.0063,105604,74.43
2277,jagdbursch783,9,0.0063,105613,74.43
2278,janxd,9,0.0063,105622,74.44
2279,jellycap,9,0.0063,105631,74.45
2280,jguy2267401,9,0.0063,105640,74.45
2281,joe78,9,0.0063,105649,74.46
2282,jreach303,9,0.0063,105658,74.46
2283,kingofpop34992,9,0.0063,105667,74.47
2284,know77wonk,9,0.0063,105676,74.48
2285,kotorororo,9,0.0063,105685,74.48
2286,lberbetz,9,0.0063,105694,74.49
2287,liililiilii,9,0.0063,105703,74.5
2288,linda431ai,9,0.0063,105712,74.5
2289,llxkatz,9,0.0063,105721,74.51
2290,lolipoutanaki676,9,0.0063,105730,74.52
2291,lucithemad,9,0.0063,105739,74.52
2292,ludii,9,0.0063,105748,74.53
2293,maurice_,9,0.0063,105757,74.53
2294,maxhitman,9,0.0063,105766,74.54
2295,mcqw3rty,9,0.0063,105775,74.55
2296,mylo1337,9,0.0063,105784,74.55
2297,nothappyclown,9,0.0063,105793,74.56
2298,octoskulzart17,9,0.0063,105802,74.57
2299,onionxgarlic7382,9,0.0063,105811,74.57
2300,ourouwus225,9,0.0063,105820,74.58
2301,passing_hybrid982122,9,0.0063,105829,74.59
2302,pepeetecech805975,9,0.0063,105838,74.59
2303,playfulvagina951,9,0.0063,105847,74.6
2304,pretty_pixels,9,0.0063,105856,74.6
2305,quite813,9,0.0063,105865,74.61
2306,ryk_civit,9,0.0063,105874,74.62
2307,seanbrilla,9,0.0063,105883,74.62
2308,shadowdio25,9,0.0063,105892,74.63
2309,sirdrak,9,0.0063,105901,74.64
2310,sound0101,9,0.0063,105910,74.64
2311,swingwings,9,0.0063,105919,74.65
2312,tiwaz10,9,0.0063,105928,74.66
2313,toenein840,9,0.0063,105937,74.66
2314,tomgatz,9,0.0063,105946,74.67
2315,topside_johnny,9,0.0063,105955,74.67
2316,unexpectedlyprovided,9,0.0063,105964,74.68
2317,weteran50000389ggf,9,0.0063,105973,74.69
2318,wzc0083,9,0.0063,105982,74.69
2319,xedkrab,9,0.0063,105991,74.7
2320,xinewer,9,0.0063,106000,74.71
2321,yijun0405,9,0.0063,106009,74.71
2322,zakp,9,0.0063,106018,74.72
2323,zoeywild21922,9,0.0063,106027,74.72
2324,0_Freetime_0,8,0.0056,106035,74.73
2325,1018511225,8,0.0056,106043,74.74
2326,4m4y4,8,0.0056,106051,74.74
2327,81dks,8,0.0056,106059,74.75
2328,AT5500,8,0.0056,106067,74.75
2329,Abasdaron,8,0.0056,106075,74.76
2330,AcryliccsAI,8,0.0056,106083,74.76
2331,AgentChip,8,0.0056,106091,74.77
2332,Ai_rado,8,0.0056,106099,74.78
2333,Aikou_here,8,0.0056,106107,74.78
2334,Akinzer,8,0.0056,106115,74.79
2335,Albatross10,8,0.0056,106123,74.79
2336,Alucardy,8,0.0056,106131,74.8
2337,Amanisgod,8,0.0056,106139,74.8
2338,Amidoucute,8,0.0056,106147,74.81
2339,Antondovou,8,0.0056,106155,74.81
2340,Arimia34,8,0.0056,106163,74.82
2341,ArtificalisAnima,8,0.0056,106171,74.83
2342,Ascended_T,8,0.0056,106179,74.83
2343,Atsurubi,8,0.0056,106187,74.84
2344,Aurus_AI,8,0.0056,106195,74.84
2345,Azathoth,8,0.0056,106203,74.85
2346,Baekdoosixt,8,0.0056,106211,74.85
2347,Bibobos,8,0.0056,106219,74.86
2348,BigMen,8,0.0056,106227,74.87
2349,BitLogger,8,0.0056,106235,74.87
2350,Bogu_stydno_za_menya,8,0.0056,106243,74.88
2351,BuffaloSymphony,8,0.0056,106251,74.88
2352,Buzzington,8,0.0056,106259,74.89
2353,CapAndABull,8,0.0056,106267,74.89
2354,Cayi,8,0.0056,106275,74.9
2355,Cbummer2,8,0.0056,106283,74.91
2356,Cealwal,8,0.0056,106291,74.91
2357,ChronoKnight,8,0.0056,106299,74.92
2358,CitronLegacy,8,0.0056,106307,74.92
2359,Clark_H,8,0.0056,106315,74.93
2360,DTAL835217,8,0.0056,106323,74.93
2361,Dadadala,8,0.0056,106331,74.94
2362,Daddyrabbit,8,0.0056,106339,74.94
2363,Daestar,8,0.0056,106347,74.95
2364,DapperDungeonLord,8,0.0056,106355,74.96
2365,Deadly_Sly,8,0.0056,106363,74.96
2366,Desilga,8,0.0056,106371,74.97
2367,Dioxide,8,0.0056,106379,74.97
2368,Dkm86,8,0.0056,106387,74.98
2369,Dondaz,8,0.0056,106395,74.98
2370,Dr_Plant,8,0.0056,106403,74.99
2371,Exelscior,8,0.0056,106411,75.0
2372,Fenrrero,8,0.0056,106419,75.0
2373,Flintmongoose,8,0.0056,106427,75.01
2374,Foursan78,8,0.0056,106435,75.01
2375,FreakyTaurEnjoyer,8,0.0056,106443,75.02
2376,Futurediffusion,8,0.0056,106451,75.02
2377,GeneralCoos,8,0.0056,106459,75.03
2378,Geno667,8,0.0056,106467,75.03
2379,Glesu,8,0.0056,106475,75.04
2380,Globster,8,0.0056,106483,75.05
2381,GolmoVIDCCXCIV,8,0.0056,106491,75.05
2382,Goola,8,0.0056,106499,75.06
2383,GoonEr20209,8,0.0056,106507,75.06
2384,GuyCohen,8,0.0056,106515,75.07
2385,Hesefy,8,0.0056,106523,75.07
2386,IWTD,8,0.0056,106531,75.08
2387,I_dont_exsist,8,0.0056,106539,75.09
2388,IsnAI,8,0.0056,106547,75.09
2389,Izmia,8,0.0056,106555,75.1
2390,Jackkarate,8,0.0056,106563,75.1
2391,Jonesy781,8,0.0056,106571,75.11
2392,Jugglar,8,0.0056,106579,75.11
2393,Just1Apple,8,0.0056,106587,75.12
2394,KKK9999,8,0.0056,106595,75.13
2395,KULty,8,0.0056,106603,75.13
2396,KattKomi,8,0.0056,106611,75.14
2397,Keita_Izumi,8,0.0056,106619,75.14
2398,Lanter,8,0.0056,106627,75.15
2399,Leem0nStudio,8,0.0056,106635,75.15
2400,LeoTheCat,8,0.0056,106643,75.16
2401,LoRen13,8,0.0056,106651,75.16
2402,LoraForge,8,0.0056,106659,75.17
2403,LuxnoxAeternum,8,0.0056,106667,75.18
2404,MXXV,8,0.0056,106675,75.18
2405,MaddyMurdock,8,0.0056,106683,75.19
2406,MaleJoy,8,0.0056,106691,75.19
2407,MalkhaiC,8,0.0056,106699,75.2
2408,Mamamooey,8,0.0056,106707,75.2
2409,Mandude92,8,0.0056,106715,75.21
2410,Masterwetra,8,0.0056,106723,75.22
2411,Meomugen,8,0.0056,106731,75.22
2412,MikeWrld,8,0.0056,106739,75.23
2413,Minostical,8,0.0056,106747,75.23
2414,Misteltoe,8,0.0056,106755,75.24
2415,MixedPixelColour,8,0.0056,106763,75.24
2416,Mlaofmd,8,0.0056,106771,75.25
2417,Mlimpyd77,8,0.0056,106779,75.25
2418,MoxiChan,8,0.0056,106787,75.26
2419,Mr_EXP,8,0.0056,106795,75.27
2420,NathanielClaw,8,0.0056,106803,75.27
2421,Nephilim,8,0.0056,106811,75.28
2422,NewCummer187,8,0.0056,106819,75.28
2423,Nick_r34,8,0.0056,106827,75.29
2424,Noelzu,8,0.0056,106835,75.29
2425,Ohayo_Sempai,8,0.0056,106843,75.3
2426,OneRing,8,0.0056,106851,75.31
2427,Osobarbudo,8,0.0056,106859,75.31
2428,PhoenixMercurous,8,0.0056,106867,75.32
2429,Pikani,8,0.0056,106875,75.32
2430,Pnox,8,0.0056,106883,75.33
2431,PuddleWorks,8,0.0056,106891,75.33
2432,PukeSkywalker,8,0.0056,106899,75.34
2433,QuattroBajina2,8,0.0056,106907,75.34
2434,Quebick,8,0.0056,106915,75.35
2435,Querts,8,0.0056,106923,75.36
2436,QuincyUltimate,8,0.0056,106931,75.36
2437,REICHII,8,0.0056,106939,75.37
2438,RazielStar,8,0.0056,106947,75.37
2439,RedGlass17,8,0.0056,106955,75.38
2440,Ron73,8,0.0056,106963,75.38
2441,RoxxiedaPunk,8,0.0056,106971,75.39
2442,Sanctusmorti,8,0.0056,106979,75.4
2443,Shiggles,8,0.0056,106987,75.4
2444,SilkeiAP,8,0.0056,106995,75.41
2445,SilverGalaxy,8,0.0056,107003,75.41
2446,Sinixz,8,0.0056,107011,75.42
2447,Skurkgurkan,8,0.0056,107019,75.42
2448,Slopanon,8,0.0056,107027,75.43
2449,SpicyChupacabra,8,0.0056,107035,75.44
2450,SpoiledBiscuit,8,0.0056,107043,75.44
2451,StarPpik,8,0.0056,107051,75.45
2452,SunInShadow,8,0.0056,107059,75.45
2453,TNewsman,8,0.0056,107067,75.46
2454,TOF_enjoyer,8,0.0056,107075,75.46
2455,Takolite,8,0.0056,107083,75.47
2456,Taucaim,8,0.0056,107091,75.47
2457,TeddieRiggs,8,0.0056,107099,75.48
2458,TestingOVER,8,0.0056,107107,75.49
2459,TharjaAddict,8,0.0056,107115,75.49
2460,That_Dang_Elk,8,0.0056,107123,75.5
2461,TheMustache,8,0.0056,107131,75.5
2462,The_Unknown_Badger,8,0.0056,107139,75.51
2463,ThelastMartian,8,0.0056,107147,75.51
2464,Tiny_Tsuruta,8,0.0056,107155,75.52
2465,Tocci,8,0.0056,107163,75.53
2466,Tomosimp,8,0.0056,107171,75.53
2467,Tottiy,8,0.0056,107179,75.54
2468,TrevizeCz,8,0.0056,107187,75.54
2469,TroubleDarkness,8,0.0056,107195,75.55
2470,Tyranna,8,0.0056,107203,75.55
2471,UA123,8,0.0056,107211,75.56
2472,WhatTheGuy,8,0.0056,107219,75.56
2473,Wilnaya,8,0.0056,107227,75.57
2474,XKNSFWAI,8,0.0056,107235,75.58
2475,YNET_Lab,8,0.0056,107243,75.58
2476,YankzDK,8,0.0056,107251,75.59
2477,Yepyep540,8,0.0056,107259,75.59
2478,ZapIzChairTrap,8,0.0056,107267,75.6
2479,ZeroXRagdeX,8,0.0056,107275,75.6
2480,Zessica,8,0.0056,107283,75.61
2481,ZikViM,8,0.0056,107291,75.62
2482,_REME_,8,0.0056,107299,75.62
2483,aaabbbccccccc,8,0.0056,107307,75.63
2484,abadawn35,8,0.0056,107315,75.63
2485,afobapple,8,0.0056,107323,75.64
2486,aidang,8,0.0056,107331,75.64
2487,aigenie,8,0.0056,107339,75.65
2488,anaha50738,8,0.0056,107347,75.66
2489,animationanime8859,8,0.0056,107355,75.66
2490,antoinevertgalant658,8,0.0056,107363,75.67
2491,antoniocerquilha509,8,0.0056,107371,75.67
2492,atatAI,8,0.0056,107379,75.68
2493,avaya,8,0.0056,107387,75.68
2494,avodizzy,8,0.0056,107395,75.69
2495,bedri,8,0.0056,107403,75.69
2496,birdyGoBang,8,0.0056,107411,75.7
2497,blowdolliris519,8,0.0056,107419,75.71
2498,boijapan000773,8,0.0056,107427,75.71
2499,bozoguy69,8,0.0056,107435,75.72
2500,brand175,8,0.0056,107443,75.72
2501,budddddd,8,0.0056,107451,75.73
2502,caintheotherbrother,8,0.0056,107459,75.73
2503,cheese179,8,0.0056,107467,75.74
2504,chesthole,8,0.0056,107475,75.75
2505,chrgg,8,0.0056,107483,75.75
2506,cr6ae7883,8,0.0056,107491,75.76
2507,criderx7619,8,0.0056,107499,75.76
2508,dacelty885,8,0.0056,107507,75.77
2509,dai2527,8,0.0056,107515,75.77
2510,dalela,8,0.0056,107523,75.78
2511,datse,8,0.0056,107531,75.78
2512,dragon_eye,8,0.0056,107539,75.79
2513,dragonbonek20552,8,0.0056,107547,75.8
2514,drdrarres246,8,0.0056,107555,75.8
2515,duncan9968o,8,0.0056,107563,75.81
2516,dusk422,8,0.0056,107571,75.81
2517,emptyluve502,8,0.0056,107579,75.82
2518,epic_fantasy,8,0.0056,107587,75.82
2519,faminto,8,0.0056,107595,75.83
2520,fdlr,8,0.0056,107603,75.84
2521,foreskinshredder459,8,0.0056,107611,75.84
2522,futaanthroponyguy,8,0.0056,107619,75.85
2523,futastik533,8,0.0056,107627,75.85
2524,gam3r7115,8,0.0056,107635,75.86
2525,gekkhomoryah801,8,0.0056,107643,75.86
2526,ghostpaint,8,0.0056,107651,75.87
2527,ghr64534024996,8,0.0056,107659,75.87
2528,goonygoogoo85219,8,0.0056,107667,75.88
2529,guy90,8,0.0056,107675,75.89
2530,gyouunnosora420,8,0.0056,107683,75.89
2531,habitgap,8,0.0056,107691,75.9
2532,hamstornado,8,0.0056,107699,75.9
2533,haramaki,8,0.0056,107707,75.91
2534,heckzaflexz932,8,0.0056,107715,75.91
2535,imotaku,8,0.0056,107723,75.92
2536,irisyan2023cn764,8,0.0056,107731,75.93
2537,jmpanda637,8,0.0056,107739,75.93
2538,jova5,8,0.0056,107747,75.94
2539,justahumanbeing,8,0.0056,107755,75.94
2540,kanegani,8,0.0056,107763,75.95
2541,karkinosai,8,0.0056,107771,75.95
2542,key18156642677143,8,0.0056,107779,75.96
2543,kmilkica97,8,0.0056,107787,75.97
2544,kokoropyonpyon,8,0.0056,107795,75.97
2545,kounou789,8,0.0056,107803,75.98
2546,krillson95792,8,0.0056,107811,75.98
2547,kumpiser,8,0.0056,107819,75.99
2548,ladylin111,8,0.0056,107827,75.99
2549,leerlauf,8,0.0056,107835,76.0
2550,lilipilow,8,0.0056,107843,76.0
2551,maddog1984,8,0.0056,107851,76.01
2552,makes311351,8,0.0056,107859,76.02
2553,manxbull159,8,0.0056,107867,76.02
2554,marauderdwarfent1852,8,0.0056,107875,76.03
2555,mediadragon,8,0.0056,107883,76.03
2556,mgmsaliasout,8,0.0056,107891,76.04
2557,mikiwazang427,8,0.0056,107899,76.04
2558,monstergirlfan,8,0.0056,107907,76.05
2559,morcob,8,0.0056,107915,76.06
2560,motimalu,8,0.0056,107923,76.06
2561,mrdion,8,0.0056,107931,76.07
2562,mrspock056,8,0.0056,107939,76.07
2563,muicruz0306220,8,0.0056,107947,76.08
2564,mzzzzzhang,8,0.0056,107955,76.08
2565,necosander,8,0.0056,107963,76.09
2566,nemesis2k7,8,0.0056,107971,76.09
2567,nintendoemily,8,0.0056,107979,76.1
2568,official_imvoiid,8,0.0056,107987,76.11
2569,orichalkonium,8,0.0056,107995,76.11
2570,orobert,8,0.0056,108003,76.12
2571,otamoi,8,0.0056,108011,76.12
2572,palettepaletta,8,0.0056,108019,76.13
2573,plus1,8,0.0056,108027,76.13
2574,plw431,8,0.0056,108035,76.14
2575,poopybutt3000,8,0.0056,108043,76.15
2576,pozmcaowjfdz,8,0.0056,108051,76.15
2577,presets,8,0.0056,108059,76.16
2578,preston123,8,0.0056,108067,76.16
2579,ptdmca154,8,0.0056,108075,76.17
2580,rayray323,8,0.0056,108083,76.17
2581,retoto,8,0.0056,108091,76.18
2582,rodriog3321,8,0.0056,108099,76.19
2583,rogerpie,8,0.0056,108107,76.19
2584,rrgtysewfw326,8,0.0056,108115,76.2
2585,rubiseus,8,0.0056,108123,76.2
2586,sbnsvidspics469,8,0.0056,108131,76.21
2587,scavru,8,0.0056,108139,76.21
2588,sevora,8,0.0056,108147,76.22
2589,shiroppo,8,0.0056,108155,76.22
2590,shyuka,8,0.0056,108163,76.23
2591,smoothieben4645,8,0.0056,108171,76.24
2592,spacecowboy2397155,8,0.0056,108179,76.24
2593,stormwulf13656,8,0.0056,108187,76.25
2594,storyAura,8,0.0056,108195,76.25
2595,svnsgsgdkcahafuv822,8,0.0056,108203,76.26
2596,swimsuitlife773,8,0.0056,108211,76.26
2597,szmmwf,8,0.0056,108219,76.27
2598,szuflan,8,0.0056,108227,76.28
2599,takamiyashin9834,8,0.0056,108235,76.28
2600,tedbiv,8,0.0056,108243,76.29
2601,ukb,8,0.0056,108251,76.29
2602,vinsitbusiness521,8,0.0056,108259,76.3
2603,wewewew,8,0.0056,108267,76.3
2604,wsdaily22,8,0.0056,108275,76.31
2605,wxy8598946,8,0.0056,108283,76.31
2606,xdreamwand,8,0.0056,108291,76.32
2607,yakitoritamago,8,0.0056,108299,76.33
2608,yksb293,8,0.0056,108307,76.33
2609,yogabear204,8,0.0056,108315,76.34
2610,yosaaa,8,0.0056,108323,76.34
2611,zardizumisakai666,8,0.0056,108331,76.35
2612,zedandtwo,8,0.0056,108339,76.35
2613,zetaplus92,8,0.0056,108347,76.36
2614,zomds,8,0.0056,108355,76.37
2615,zuriyagoempress471,8,0.0056,108363,76.37
2616,0B0Rmot,7,0.0049,108370,76.38
2617,1032456,7,0.0049,108377,76.38
2618,1570pink636,7,0.0049,108384,76.39
2619,29xcartoon29,7,0.0049,108391,76.39
2620,3L3V3N,7,0.0049,108398,76.4
2621,4pron,7,0.0049,108405,76.4
2622,544221,7,0.0049,108412,76.41
2623,AI_vVonka,7,0.0049,108419,76.41
2624,AbbyRyumi,7,0.0049,108426,76.42
2625,Aerethy99,7,0.0049,108433,76.42
2626,AkiroZ2025,7,0.0049,108440,76.43
2627,AlexaQX,7,0.0049,108447,76.43
2628,Alligator1,7,0.0049,108454,76.44
2629,Aquamarine_,7,0.0049,108461,76.44
2630,ArtArtArt11,7,0.0049,108468,76.45
2631,ArtistArt_Civitai,7,0.0049,108475,76.45
2632,Arturito,7,0.0049,108482,76.46
2633,Asteryxiv,7,0.0049,108489,76.46
2634,AtlanticCanary,7,0.0049,108496,76.46
2635,Axen,7,0.0049,108503,76.47
2636,BackUPFFEnjoyer,7,0.0049,108510,76.47
2637,BalmoAI,7,0.0049,108517,76.48
2638,Bert5535,7,0.0049,108524,76.48
2639,BigHHH,7,0.0049,108531,76.49
2640,BiggestGoatLover,7,0.0049,108538,76.49
2641,BlazAI,7,0.0049,108545,76.5
2642,Blurrypc,7,0.0049,108552,76.5
2643,BrandoNaNaNa,7,0.0049,108559,76.51
2644,BreederKukui,7,0.0049,108566,76.51
2645,Bussy_Connoisseur,7,0.0049,108573,76.52
2646,Buzz_lover,7,0.0049,108580,76.52
2647,Caca26,7,0.0049,108587,76.53
2648,Cell1310,7,0.0049,108594,76.53
2649,CherryRobin,7,0.0049,108601,76.54
2650,Chiken77,7,0.0049,108608,76.54
2651,ClangLord,7,0.0049,108615,76.55
2652,Cronchwrap,7,0.0049,108622,76.55
2653,Crow40000,7,0.0049,108629,76.56
2654,CruZz127,7,0.0049,108636,76.56
2655,Cyberfolk,7,0.0049,108643,76.57
2656,DKZLFFP,7,0.0049,108650,76.57
2657,DLang_originalArtist,7,0.0049,108657,76.58
2658,DMDx10,7,0.0049,108664,76.58
2659,DXS360,7,0.0049,108671,76.59
2660,Daria_Flavin,7,0.0049,108678,76.59
2661,DarkArtAI,7,0.0049,108685,76.6
2662,Dark_Yami79,7,0.0049,108692,76.6
2663,Darkeden993,7,0.0049,108699,76.61
2664,Decode,7,0.0049,108706,76.61
2665,Demonessa,7,0.0049,108713,76.62
2666,DerpyDerogatory,7,0.0049,108720,76.62
2667,DigitalAF,7,0.0049,108727,76.63
2668,DigitalDreamStudio,7,0.0049,108734,76.63
2669,DoctorOS,7,0.0049,108741,76.64
2670,Domer17,7,0.0049,108748,76.64
2671,Dragunmuscle,7,0.0049,108755,76.65
2672,Dry_Swimming9743817773737,7,0.0049,108762,76.65
2673,Dunanwi,7,0.0049,108769,76.66
2674,Eanon96AIE,7,0.0049,108776,76.66
2675,EdgeofNightfall,7,0.0049,108783,76.67
2676,EigoKawashima,7,0.0049,108790,76.67
2677,ElDoradoJoe,7,0.0049,108797,76.68
2678,Elf_Cafe,7,0.0049,108804,76.68
2679,Eloc_Starwind,7,0.0049,108811,76.69
2680,Explatord,7,0.0049,108818,76.69
2681,FDJ_2099,7,0.0049,108825,76.7
2682,FFlame,7,0.0049,108832,76.7
2683,FWS,7,0.0049,108839,76.71
2684,Faye777,7,0.0049,108846,76.71
2685,Felith,7,0.0049,108853,76.72
2686,Flashlight237,7,0.0049,108860,76.72
2687,Flyckah,7,0.0049,108867,76.73
2688,ForeverRatedM,7,0.0049,108874,76.73
2689,FoxFantasy,7,0.0049,108881,76.74
2690,FroggyWoggy,7,0.0049,108888,76.74
2691,FruityMelon,7,0.0049,108895,76.75
2692,GGGG_,7,0.0049,108902,76.75
2693,Gartus,7,0.0049,108909,76.76
2694,Geno,7,0.0049,108916,76.76
2695,German1828,7,0.0049,108923,76.77
2696,Gia728,7,0.0049,108930,76.77
2697,Gordosapiens,7,0.0049,108937,76.78
2698,Grefnic,7,0.0049,108944,76.78
2699,Gwenwithgreeneyes,7,0.0049,108951,76.79
2700,GwynplaineHamelin,7,0.0049,108958,76.79
2701,HS_hi,7,0.0049,108965,76.8
2702,Hammiwhammi,7,0.0049,108972,76.8
2703,HannahLove,7,0.0049,108979,76.81
2704,HanyoAI,7,0.0049,108986,76.81
2705,HarryMCKenzie,7,0.0049,108993,76.82
2706,HenrysDar,7,0.0049,109000,76.82
2707,Hoshikuchi,7,0.0049,109007,76.83
2708,Hyborean69,7,0.0049,109014,76.83
2709,IvanMilin,7,0.0049,109021,76.83
2710,JamieBlenderLicker,7,0.0049,109028,76.84
2711,Jod4135,7,0.0049,109035,76.84
2712,Joidkwho,7,0.0049,109042,76.85
2713,Julio912,7,0.0049,109049,76.85
2714,Karcane,7,0.0049,109056,76.86
2715,KelevraQuackenstein2,7,0.0049,109063,76.86
2716,KiwiSpin,7,0.0049,109070,76.87
2717,Koradrel_of_Chrace,7,0.0049,109077,76.87
2718,LSandman24,7,0.0049,109084,76.88
2719,Lafleur,7,0.0049,109091,76.88
2720,LannaD,7,0.0049,109098,76.89
2721,LatteLeopard,7,0.0049,109105,76.89
2722,Legionman81,7,0.0049,109112,76.9
2723,LeiderhosenAI,7,0.0049,109119,76.9
2724,LeonorLioness,7,0.0049,109126,76.91
2725,Lionius,7,0.0049,109133,76.91
2726,Lolsmaster12,7,0.0049,109140,76.92
2727,LoonaticBjurne,7,0.0049,109147,76.92
2728,Los_Norelos,7,0.0049,109154,76.93
2729,LouieBJ,7,0.0049,109161,76.93
2730,Lustfallen,7,0.0049,109168,76.94
2731,MGF460,7,0.0049,109175,76.94
2732,MQ_Lab,7,0.0049,109182,76.95
2733,Malary,7,0.0049,109189,76.95
2734,Mannia,7,0.0049,109196,76.96
2735,MasqueradeCat,7,0.0049,109203,76.96
2736,Miamimorty,7,0.0049,109210,76.97
2737,Mimi_c,7,0.0049,109217,76.97
2738,MissingNameCode23,7,0.0049,109224,76.98
2739,MistressHop,7,0.0049,109231,76.98
2740,MollyAnne,7,0.0049,109238,76.99
2741,Monogrim,7,0.0049,109245,76.99
2742,Munchie28,7,0.0049,109252,77.0
2743,NSFWExperts,7,0.0049,109259,77.0
2744,Namako2,7,0.0049,109266,77.01
2745,Nastalgic,7,0.0049,109273,77.01
2746,NatMontero,7,0.0049,109280,77.02
2747,Nekodenn,7,0.0049,109287,77.02
2748,Neo_Yggdrasil,7,0.0049,109294,77.03
2749,Nightmareferr12,7,0.0049,109301,77.03
2750,NimbusfromEast,7,0.0049,109308,77.04
2751,NotAnon0666,7,0.0049,109315,77.04
2752,NotSinox,7,0.0049,109322,77.05
2753,NylonDreamer,7,0.0049,109329,77.05
2754,OExtreme,7,0.0049,109336,77.06
2755,OffTone,7,0.0049,109343,77.06
2756,OnlyWinningMove,7,0.0049,109350,77.07
2757,Orckun99,7,0.0049,109357,77.07
2758,Pantheonmanguy,7,0.0049,109364,77.08
2759,PeakyWaifu,7,0.0049,109371,77.08
2760,PervertedDiffusion,7,0.0049,109378,77.09
2761,Proark79,7,0.0049,109385,77.09
2762,Producer_Y,7,0.0049,109392,77.1
2763,PsySpy,7,0.0049,109399,77.1
2764,Psycoke,7,0.0049,109406,77.11
2765,RED_MUSE,7,0.0049,109413,77.11
2766,RT96Z,7,0.0049,109420,77.12
2767,Rakmin,7,0.0049,109427,77.12
2768,Reelai,7,0.0049,109434,77.13
2769,Reinz08,7,0.0049,109441,77.13
2770,RelaxRehab935,7,0.0049,109448,77.14
2771,Rey_Spartan,7,0.0049,109455,77.14
2772,RhapsodyXVI,7,0.0049,109462,77.15
2773,Rickeyz,7,0.0049,109469,77.15
2774,Ricky__Spanish,7,0.0049,109476,77.16
2775,RivenKassle,7,0.0049,109483,77.16
2776,RulingGallantScythe,7,0.0049,109490,77.17
2777,Rutiques,7,0.0049,109497,77.17
2778,Rydel,7,0.0049,109504,77.18
2779,SENKY,7,0.0049,109511,77.18
2780,ScR1Pt0R,7,0.0049,109518,77.19
2781,Shadester657,7,0.0049,109525,77.19
2782,Shunsui,7,0.0049,109532,77.2
2783,SingularUnity,7,0.0049,109539,77.2
2784,SirenSturm,7,0.0049,109546,77.2
2785,Sliverro,7,0.0049,109553,77.21
2786,SlothLucas59,7,0.0049,109560,77.21
2787,StripedYote,7,0.0049,109567,77.22
2788,Subordinate1,7,0.0049,109574,77.22
2789,SugarOuroboros,7,0.0049,109581,77.23
2790,SulfurSniffer,7,0.0049,109588,77.23
2791,Sweepingiris,7,0.0049,109595,77.24
2792,TE4T0Y,7,0.0049,109602,77.24
2793,TGP,7,0.0049,109609,77.25
2794,TakamiyaShin,7,0.0049,109616,77.25
2795,TeaOM_903,7,0.0049,109623,77.26
2796,Tekkino,7,0.0049,109630,77.26
2797,Tetsuoo,7,0.0049,109637,77.27
2798,Tezozomoctli,7,0.0049,109644,77.27
2799,TheZeke,7,0.0049,109651,77.28
2800,The_rule_of_Thetra,7,0.0049,109658,77.28
2801,Toad_boi,7,0.0049,109665,77.29
2802,TrailCat,7,0.0049,109672,77.29
2803,TribeofGypsies,7,0.0049,109679,77.3
2804,Tyly123,7,0.0049,109686,77.3
2805,Tyn920368,7,0.0049,109693,77.31
2806,UndefinedUsername,7,0.0049,109700,77.31
2807,VVindHunteR,7,0.0049,109707,77.32
2808,Vantairet_Lili,7,0.0049,109714,77.32
2809,Visidious99,7,0.0049,109721,77.33
2810,WTFMoment,7,0.0049,109728,77.33
2811,WhyYouNoDoctorYet,7,0.0049,109735,77.34
2812,Xizorr,7,0.0049,109742,77.34
2813,YoBingle,7,0.0049,109749,77.35
2814,Yuyake0520,7,0.0049,109756,77.35
2815,Z1os,7,0.0049,109763,77.36
2816,_____Bob_____,7,0.0049,109770,77.36
2817,aa4666lo,7,0.0049,109777,77.37
2818,aaaaaa12212332202,7,0.0049,109784,77.37
2819,acoolrocket,7,0.0049,109791,77.38
2820,affa1988,7,0.0049,109798,77.38
2821,aicreator1992saab110,7,0.0049,109805,77.39
2822,aigleumpire327,7,0.0049,109812,77.39
2823,aimatch,7,0.0049,109819,77.4
2824,ainow,7,0.0049,109826,77.4
2825,aipornarts,7,0.0049,109833,77.41
2826,andemaral,7,0.0049,109840,77.41
2827,badgersi,7,0.0049,109847,77.42
2828,barabroAI,7,0.0049,109854,77.42
2829,bender1334,7,0.0049,109861,77.43
2830,billyballo171353,7,0.0049,109868,77.43
2831,blancpin,7,0.0049,109875,77.44
2832,blisterfingers,7,0.0049,109882,77.44
2833,bluejetpics329,7,0.0049,109889,77.45
2834,bob_tekken,7,0.0049,109896,77.45
2835,brainysam75,7,0.0049,109903,77.46
2836,buffing_sequester538246,7,0.0049,109910,77.46
2837,bun6,7,0.0049,109917,77.47
2838,canAI809,7,0.0049,109924,77.47
2839,carni5,7,0.0049,109931,77.48
2840,clippedwingss,7,0.0049,109938,77.48
2841,coffeebugg,7,0.0049,109945,77.49
2842,coolmotorcycle913,7,0.0049,109952,77.49
2843,crawlingstuff,7,0.0049,109959,77.5
2844,cricrimendez6859,7,0.0049,109966,77.5
2845,cyberwave3d,7,0.0049,109973,77.51
2846,daniel20019,7,0.0049,109980,77.51
2847,danxx3446,7,0.0049,109987,77.52
2848,davi49516,7,0.0049,109994,77.52
2849,dawn66666666,7,0.0049,110001,77.53
2850,dawnbringer47,7,0.0049,110008,77.53
2851,differentdimensionreturn,7,0.0049,110015,77.54
2852,drill,7,0.0049,110022,77.54
2853,eldersedai505,7,0.0049,110029,77.55
2854,ermtest,7,0.0049,110036,77.55
2855,eternal_zero,7,0.0049,110043,77.56
2856,exhexnichi99647,7,0.0049,110050,77.56
2857,faielin990,7,0.0049,110057,77.57
2858,faydra882,7,0.0049,110064,77.57
2859,filipposkleidaras299,7,0.0049,110071,77.57
2860,flyx3,7,0.0049,110078,77.58
2861,frexxgre,7,0.0049,110085,77.58
2862,furry_0305,7,0.0049,110092,77.59
2863,g94,7,0.0049,110099,77.59
2864,galdin1234968,7,0.0049,110106,77.6
2865,gaywolfcgi917,7,0.0049,110113,77.6
2866,giulvsdhglksdjh,7,0.0049,110120,77.61
2867,gooster,7,0.0049,110127,77.61
2868,guythis31773,7,0.0049,110134,77.62
2869,harumonia123182,7,0.0049,110141,77.62
2870,heladodevainilla334377,7,0.0049,110148,77.63
2871,hori3go,7,0.0049,110155,77.63
2872,hunder4,7,0.0049,110162,77.64
2873,hzface1412,7,0.0049,110169,77.64
2874,ididapig3,7,0.0049,110176,77.65
2875,idwthbgicy42,7,0.0049,110183,77.65
2876,ilikefrenchfries,7,0.0049,110190,77.66
2877,imb101,7,0.0049,110197,77.66
2878,imeyefly,7,0.0049,110204,77.67
2879,jackalmagi0t629,7,0.0049,110211,77.67
2880,jishui3qian,7,0.0049,110218,77.68
2881,jon422995580,7,0.0049,110225,77.68
2882,juliandmc2001844,7,0.0049,110232,77.69
2883,justabro,7,0.0049,110239,77.69
2884,kalli9920,7,0.0049,110246,77.7
2885,katudonman0177,7,0.0049,110253,77.7
2886,kbv1,7,0.0049,110260,77.71
2887,kevincool9873725,7,0.0049,110267,77.71
2888,kevinjjones1989407,7,0.0049,110274,77.72
2889,kichi999611,7,0.0049,110281,77.72
2890,kinrofnn209,7,0.0049,110288,77.73
2891,kitakaze5691,7,0.0049,110295,77.73
2892,kiyomoritaira,7,0.0049,110302,77.74
2893,kohlkitchin988,7,0.0049,110309,77.74
2894,koolnoob656,7,0.0049,110316,77.75
2895,koumaru99,7,0.0049,110323,77.75
2896,kravapogh,7,0.0049,110330,77.76
2897,kryfox,7,0.0049,110337,77.76
2898,lonban,7,0.0049,110344,77.77
2899,lordquad209,7,0.0049,110351,77.77
2900,lottalewds,7,0.0049,110358,77.78
2901,lowmobile915,7,0.0049,110365,77.78
2902,lucidgate,7,0.0049,110372,77.79
2903,lupin_nut_juice,7,0.0049,110379,77.79
2904,m1n1on33,7,0.0049,110386,77.8
2905,maddie00,7,0.0049,110393,77.8
2906,masa1331,7,0.0049,110400,77.81
2907,mashmac99,7,0.0049,110407,77.81
2908,mega_quazar,7,0.0049,110414,77.82
2909,megaman108265,7,0.0049,110421,77.82
2910,mgmsalias1out,7,0.0049,110428,77.83
2911,midnight1111,7,0.0049,110435,77.83
2912,miketuffin,7,0.0049,110442,77.84
2913,mitra_metroo,7,0.0049,110449,77.84
2914,mog,7,0.0049,110456,77.85
2915,mortemarcus056559,7,0.0049,110463,77.85
2916,morty_est_morty,7,0.0049,110470,77.86
2917,ms09fdomfunf376,7,0.0049,110477,77.86
2918,ms2023,7,0.0049,110484,77.87
2919,msjsrj,7,0.0049,110491,77.87
2920,nancynuttingtons499,7,0.0049,110498,77.88
2921,ntrlover204177,7,0.0049,110505,77.88
2922,nyu,7,0.0049,110512,77.89
2923,ocjedd,7,0.0049,110519,77.89
2924,omaehadarenanda8648,7,0.0049,110526,77.9
2925,oppaimaker,7,0.0049,110533,77.9
2926,oyrna,7,0.0049,110540,77.91
2927,ozzzzzz,7,0.0049,110547,77.91
2928,pachirapong484,7,0.0049,110554,77.92
2929,pazpazanda686,7,0.0049,110561,77.92
2930,phageoussurgery439,7,0.0049,110568,77.93
2931,potbelliedconan,7,0.0049,110575,77.93
2932,potoconcaka124,7,0.0049,110582,77.94
2933,pozzi,7,0.0049,110589,77.94
2934,pppppppyr,7,0.0049,110596,77.94
2935,pusherman,7,0.0049,110603,77.95
2936,rawr5555140,7,0.0049,110610,77.95
2937,remaker12,7,0.0049,110617,77.96
2938,riosvidalsofia85761,7,0.0049,110624,77.96
2939,rokot,7,0.0049,110631,77.97
2940,rotechacon667,7,0.0049,110638,77.97
2941,roundelka,7,0.0049,110645,77.98
2942,rwwills,7,0.0049,110652,77.98
2943,sasha__sanddorn,7,0.0049,110659,77.99
2944,sassytwinklol,7,0.0049,110666,77.99
2945,schism616,7,0.0049,110673,78.0
2946,servicejunk,7,0.0049,110680,78.0
2947,sibilu778,7,0.0049,110687,78.01
2948,silentlips007,7,0.0049,110694,78.01
2949,smooonk,7,0.0049,110701,78.02
2950,snake100el450,7,0.0049,110708,78.02
2951,spartanjohn1994112,7,0.0049,110715,78.03
2952,spidajawn,7,0.0049,110722,78.03
2953,steran891670,7,0.0049,110729,78.04
2954,suigindeng,7,0.0049,110736,78.04
2955,suka_enot,7,0.0049,110743,78.05
2956,superneurotypical,7,0.0049,110750,78.05
2957,superpyro00,7,0.0049,110757,78.06
2958,suuwiifur,7,0.0049,110764,78.06
2959,sw6712,7,0.0049,110771,78.07
2960,swissbliss,7,0.0049,110778,78.07
2961,sycamore0111,7,0.0049,110785,78.08
2962,takamiyashin072386,7,0.0049,110792,78.08
2963,tangoscout,7,0.0049,110799,78.09
2964,tastyaiart,7,0.0049,110806,78.09
2965,thawheathop892,7,0.0049,110813,78.1
2966,theelectroduende,7,0.0049,110820,78.1
2967,tomom5,7,0.0049,110827,78.11
2968,tqfrxdz,7,0.0049,110834,78.11
2969,trilogyunknown,7,0.0049,110841,78.12
2970,unknown1992,7,0.0049,110848,78.12
2971,valentinkognito365,7,0.0049,110855,78.13
2972,verdurewoks34352,7,0.0049,110862,78.13
2973,villy_89,7,0.0049,110869,78.14
2974,w0tann,7,0.0049,110876,78.14
2975,warden008384,7,0.0049,110883,78.15
2976,wetsplash,7,0.0049,110890,78.15
2977,wibevibe,7,0.0049,110897,78.16
2978,wigfish,7,0.0049,110904,78.16
2979,wms64wms64,7,0.0049,110911,78.17
2980,wolverine32x,7,0.0049,110918,78.17
2981,xCrimson_07,7,0.0049,110925,78.18
2982,xmattar,7,0.0049,110932,78.18
2983,xsvlust712,7,0.0049,110939,78.19
2984,yyy55555,7,0.0049,110946,78.19
2985,123qu,6,0.0042,110952,78.2
2986,22797,6,0.0042,110958,78.2
2987,2Bnot2B,6,0.0042,110964,78.2
2988,3Promises,6,0.0042,110970,78.21
2989,51stABI,6,0.0042,110976,78.21
2990,83catsonthemoon,6,0.0042,110982,78.22
2991,AIBaraFree,6,0.0042,110988,78.22
2992,AIMenLover,6,0.0042,110994,78.23
2993,AI_Wolf,6,0.0042,111000,78.23
2994,AI_slave,6,0.0042,111006,78.23
2995,ARST9999,6,0.0042,111012,78.24
2996,A_banana,6,0.0042,111018,78.24
2997,AbstractPhila,6,0.0042,111024,78.25
2998,Agino,6,0.0042,111030,78.25
2999,Agustin_D,6,0.0042,111036,78.25
3000,AiRatso,6,0.0042,111042,78.26
3001,Aifurry23,6,0.0042,111048,78.26
3002,AlfredosTrue,6,0.0042,111054,78.27
3003,AmericanAI,6,0.0042,111060,78.27
3004,AmyAyamiSF,6,0.0042,111066,78.28
3005,Anonimo049J,6,0.0042,111072,78.28
3006,AnyKey,6,0.0042,111078,78.28
3007,Aphelia_Endless,6,0.0042,111084,78.29
3008,ArteNexus,6,0.0042,111090,78.29
3009,AssCreamPi,6,0.0042,111096,78.3
3010,Astrolab,6,0.0042,111102,78.3
3011,Axelros,6,0.0042,111108,78.31
3012,Azekk,6,0.0042,111114,78.31
3013,Azkckr69,6,0.0042,111120,78.31
3014,B4B,6,0.0042,111126,78.32
3015,BEN_W,6,0.0042,111132,78.32
3016,BIGDOMsmallsubEnjoyer,6,0.0042,111138,78.33
3017,Babathu,6,0.0042,111144,78.33
3018,Baiiner,6,0.0042,111150,78.34
3019,Barauwu,6,0.0042,111156,78.34
3020,BauceTori,6,0.0042,111162,78.34
3021,BeefyCakes,6,0.0042,111168,78.35
3022,BellyLover2025,6,0.0042,111174,78.35
3023,BigBoyBird,6,0.0042,111180,78.36
3024,Bigbanker,6,0.0042,111186,78.36
3025,BlackFly67,6,0.0042,111192,78.36
3026,BurningW,6,0.0042,111198,78.37
3027,C0C,6,0.0042,111204,78.37
3028,C2P,6,0.0042,111210,78.38
3029,CC107,6,0.0042,111216,78.38
3030,CLUBSTEP2000k,6,0.0042,111222,78.39
3031,CMrC,6,0.0042,111228,78.39
3032,CabbageBatman,6,0.0042,111234,78.39
3033,Caelvanost,6,0.0042,111240,78.4
3034,Cardiboii,6,0.0042,111246,78.4
3035,Cassienoinu,6,0.0042,111252,78.41
3036,CautionMergeAhead,6,0.0042,111258,78.41
3037,Chaiororor,6,0.0042,111264,78.42
3038,Chanter,6,0.0042,111270,78.42
3039,Chik,6,0.0042,111276,78.42
3040,Ciuron,6,0.0042,111282,78.43
3041,CivilCivit1,6,0.0042,111288,78.43
3042,CognitionFlow,6,0.0042,111294,78.44
3043,CooKeysLLC,6,0.0042,111300,78.44
3044,Corgblam,6,0.0042,111306,78.45
3045,CornmeisterNL,6,0.0042,111312,78.45
3046,Crazy_Monkey,6,0.0042,111318,78.45
3047,Crendagord,6,0.0042,111324,78.46
3048,DBloser,6,0.0042,111330,78.46
3049,DaOneWhoDontSnooze,6,0.0042,111336,78.47
3050,DarkEngine2024,6,0.0042,111342,78.47
3051,Dave55,6,0.0042,111348,78.47
3052,DeluxeWaifu,6,0.0042,111354,78.48
3053,DickyLong,6,0.0042,111360,78.48
3054,DimWitEnjoyer,6,0.0042,111366,78.49
3055,DirtMcGirt,6,0.0042,111372,78.49
3056,DirtyWeazel,6,0.0042,111378,78.5
3057,DivineZero,6,0.0042,111384,78.5
3058,DommyMommy,6,0.0042,111390,78.5
3059,DragonSoul2875,6,0.0042,111396,78.51
3060,Dxdesignia,6,0.0042,111402,78.51
3061,EauDeNoire,6,0.0042,111408,78.52
3062,Edmis1234,6,0.0042,111414,78.52
3063,ErrorCode404,6,0.0042,111420,78.53
3064,EthanC12,6,0.0042,111426,78.53
3065,FX_FeiHou,6,0.0042,111432,78.53
3066,Fally,6,0.0042,111438,78.54
3067,FeeBanana,6,0.0042,111444,78.54
3068,FefaAIart,6,0.0042,111450,78.55
3069,Fiksilver,6,0.0042,111456,78.55
3070,FootguyUwU,6,0.0042,111462,78.56
3071,Frankainstein,6,0.0042,111468,78.56
3072,Funanddun,6,0.0042,111474,78.56
3073,GAMEGON,6,0.0042,111480,78.57
3074,GUHES,6,0.0042,111486,78.57
3075,GabyEzrael,6,0.0042,111492,78.58
3076,GhouliamonsterFan1,6,0.0042,111498,78.58
3077,GonzAN89,6,0.0042,111504,78.58
3078,GotwerkRobin,6,0.0042,111510,78.59
3079,Graizelle,6,0.0042,111516,78.59
3080,Gravix,6,0.0042,111522,78.6
3081,Grejejejej3214,6,0.0042,111528,78.6
3082,GtsuyaStudio,6,0.0042,111534,78.61
3083,HAK1,6,0.0042,111540,78.61
3084,Hard_Computer,6,0.0042,111546,78.61
3085,Harry_Jizzard,6,0.0042,111552,78.62
3086,HeROPhANT,6,0.0042,111558,78.62
3087,HexdTime,6,0.0042,111564,78.63
3088,Hipos12,6,0.0042,111570,78.63
3089,HomerEroticAI,6,0.0042,111576,78.64
3090,Honest_Abe,6,0.0042,111582,78.64
3091,HornyThrowaway,6,0.0042,111588,78.64
3092,HuskAI,6,0.0042,111594,78.65
3093,IagoBlueSky,6,0.0042,111600,78.65
3094,Ikareichan,6,0.0042,111606,78.66
3095,ImnoJedi73,6,0.0042,111612,78.66
3096,Inknoir,6,0.0042,111618,78.67
3097,InsaneMonday,6,0.0042,111624,78.67
3098,InterStella5790,6,0.0042,111630,78.67
3099,JAIInvestigator918,6,0.0042,111636,78.68
3100,JAS2023,6,0.0042,111642,78.68
3101,JasonCMK,6,0.0042,111648,78.69
3102,JaybythebayAiArt,6,0.0042,111654,78.69
3103,Johann45,6,0.0042,111660,78.69
3104,Kanwa,6,0.0042,111666,78.7
3105,Kapiki,6,0.0042,111672,78.7
3106,Kasaki136,6,0.0042,111678,78.71
3107,KimWithDaPuss,6,0.0042,111684,78.71
3108,KingBastion4987,6,0.0042,111690,78.72
3109,Kingmog30,6,0.0042,111696,78.72
3110,KinkLover,6,0.0042,111702,78.72
3111,KitsuneVixen,6,0.0042,111708,78.73
3112,Krestfallen,6,0.0042,111714,78.73
3113,Kuukuu,6,0.0042,111720,78.74
3114,LAWRENNCE,6,0.0042,111726,78.74
3115,LISETTE,6,0.0042,111732,78.75
3116,Lelenamics,6,0.0042,111738,78.75
3117,LenzCustomz27,6,0.0042,111744,78.75
3118,Lewd_N_Geeky,6,0.0042,111750,78.76
3119,Lifi_Haf,6,0.0042,111756,78.76
3120,Lineko,6,0.0042,111762,78.77
3121,Lluminartis,6,0.0042,111768,78.77
3122,Lolingtons77,6,0.0042,111774,78.78
3123,LoonaLynn420,6,0.0042,111780,78.78
3124,LordSin19,6,0.0042,111786,78.78
3125,Luminilalia,6,0.0042,111792,78.79
3126,LunarSoda,6,0.0042,111798,78.79
3127,Lunelius,6,0.0042,111804,78.8
3128,MS9k,6,0.0042,111810,78.8
3129,Maelstorm,6,0.0042,111816,78.8
3130,Maestier,6,0.0042,111822,78.81
3131,ManiacMan287,6,0.0042,111828,78.81
3132,MassiveBioChristmas,6,0.0042,111834,78.82
3133,Maximoo,6,0.0042,111840,78.82
3134,Mayuri_sin_dinero,6,0.0042,111846,78.83
3135,Mcborrow,6,0.0042,111852,78.83
3136,Mecki1234,6,0.0042,111858,78.83
3137,Melenamics,6,0.0042,111864,78.84
3138,Microtom,6,0.0042,111870,78.84
3139,Monsterlove75,6,0.0042,111876,78.85
3140,MontezumaNigel394,6,0.0042,111882,78.85
3141,Moxi420,6,0.0042,111888,78.86
3142,MrKeb,6,0.0042,111894,78.86
3143,MrMacho,6,0.0042,111900,78.86
3144,MrMiniMoose,6,0.0042,111906,78.87
3145,NOxT,6,0.0042,111912,78.87
3146,NSFWthots,6,0.0042,111918,78.88
3147,Naoto18,6,0.0042,111924,78.88
3148,Neofake,6,0.0042,111930,78.89
3149,NiceRice,6,0.0042,111936,78.89
3150,Nickbrown77875p,6,0.0042,111942,78.89
3151,Nightwolf7,6,0.0042,111948,78.9
3152,Niko3DX,6,0.0042,111954,78.9
3153,Nosakasanzo,6,0.0042,111960,78.91
3154,NuxSinistra,6,0.0042,111966,78.91
3155,Nyx2D,6,0.0042,111972,78.91
3156,Ocapi_God,6,0.0042,111978,78.92
3157,Odracirlml,6,0.0042,111984,78.92
3158,OldWhiteMan,6,0.0042,111990,78.93
3159,OnlyFams,6,0.0042,111996,78.93
3160,Oogersmoogle,6,0.0042,112002,78.94
3161,PEDR4,6,0.0042,112008,78.94
3162,PackMaster,6,0.0042,112014,78.94
3163,Penguinlover,6,0.0042,112020,78.95
3164,Pest64,6,0.0042,112026,78.95
3165,PhatGrapes,6,0.0042,112032,78.96
3166,PiaFTS,6,0.0042,112038,78.96
3167,PixAIIMGS,6,0.0042,112044,78.97
3168,Pokiuspokpok,6,0.0042,112050,78.97
3169,PootisPenser,6,0.0042,112056,78.97
3170,Praelatus,6,0.0042,112062,78.98
3171,Primarch,6,0.0042,112068,78.98
3172,PupaBoo,6,0.0042,112074,78.99
3173,Quinnity,6,0.0042,112080,78.99
3174,Ravager,6,0.0042,112086,78.99
3175,Red1mp552,6,0.0042,112092,79.0
3176,Respiration,6,0.0042,112098,79.0
3177,Ryha,6,0.0042,112104,79.01
3178,SAICON,6,0.0042,112110,79.01
3179,SBlaidd,6,0.0042,112116,79.02
3180,SEELREAL,6,0.0042,112122,79.02
3181,Sakine,6,0.0042,112128,79.02
3182,SasiVolnu,6,0.0042,112134,79.03
3183,Saudade_Scarpia,6,0.0042,112140,79.03
3184,Scariness2570,6,0.0042,112146,79.04
3185,Sdaniel94,6,0.0042,112152,79.04
3186,SensualMind,6,0.0042,112158,79.05
3187,ShadyDegenerateX21,6,0.0042,112164,79.05
3188,Singularity115,6,0.0042,112170,79.05
3189,SmokeMonday,6,0.0042,112176,79.06
3190,Snikt,6,0.0042,112182,79.06
3191,Solmyr,6,0.0042,112188,79.07
3192,Speculakun,6,0.0042,112194,79.07
3193,Squirrelz,6,0.0042,112200,79.08
3194,StableGeniusAi,6,0.0042,112206,79.08
3195,Sukicy,6,0.0042,112212,79.08
3196,Suma_AI_Explorer,6,0.0042,112218,79.09
3197,Sunstone,6,0.0042,112224,79.09
3198,SuzunoMiya,6,0.0042,112230,79.1
3199,SweatyRiolu,6,0.0042,112236,79.1
3200,Szvnhsg,6,0.0042,112242,79.1
3201,TIANRUIAN,6,0.0042,112248,79.11
3202,TRUx23,6,0.0042,112254,79.11
3203,TTVST,6,0.0042,112260,79.12
3204,TauMaxim,6,0.0042,112266,79.12
3205,TaurisKhan,6,0.0042,112272,79.13
3206,Temari44,6,0.0042,112278,79.13
3207,Tetsu18,6,0.0042,112284,79.13
3208,TheAIDoctor,6,0.0042,112290,79.14
3209,TheGranfino,6,0.0042,112296,79.14
3210,TheHyperInsectoid,6,0.0042,112302,79.15
3211,TheMightyMinoty,6,0.0042,112308,79.15
3212,TheRobotMonster,6,0.0042,112314,79.16
3213,The_Deamon_Inside,6,0.0042,112320,79.16
3214,Toonzebo,6,0.0042,112326,79.16
3215,Trex,6,0.0042,112332,79.17
3216,TribalDragon,6,0.0042,112338,79.17
3217,TruskawkizKalem,6,0.0042,112344,79.18
3218,Tsugi,6,0.0042,112350,79.18
3219,UhhThisSucks,6,0.0042,112356,79.19
3220,Uretisay,6,0.0042,112362,79.19
3221,UserProfile_419,6,0.0042,112368,79.19
3222,ValienteVangaurd68,6,0.0042,112374,79.2
3223,VegetableTip3329497,6,0.0042,112380,79.2
3224,Veltiel,6,0.0042,112386,79.21
3225,Vennin,6,0.0042,112392,79.21
3226,Voraciously,6,0.0042,112398,79.21
3227,WaffleBroZ,6,0.0042,112404,79.22
3228,WayneB87,6,0.0042,112410,79.22
3229,WesleyTRV,6,0.0042,112416,79.23
3230,World_Ai,6,0.0042,112422,79.23
3231,XPHG,6,0.0042,112428,79.24
3232,Xegakup,6,0.0042,112434,79.24
3233,Xie,6,0.0042,112440,79.24
3234,YNHDice,6,0.0042,112446,79.25
3235,Yervinator185,6,0.0042,112452,79.25
3236,YoshbuttLovah,6,0.0042,112458,79.26
3237,YummyKat,6,0.0042,112464,79.26
3238,Zarhardu,6,0.0042,112470,79.27
3239,Zoe293,6,0.0042,112476,79.27
3240,_MOONLESS_,6,0.0042,112482,79.27
3241,__UndeadDynamite__,6,0.0042,112488,79.28
3242,_shirogane,6,0.0042,112494,79.28
3243,_yumidreams,6,0.0042,112500,79.29
3244,_zeropoint,6,0.0042,112506,79.29
3245,aaamovaaa854,6,0.0042,112512,79.3
3246,aadsadfk863260,6,0.0042,112518,79.3
3247,aicougara1505,6,0.0042,112524,79.3
3248,aithings2231217,6,0.0042,112530,79.31
3249,akira729,6,0.0042,112536,79.31
3250,akizz,6,0.0042,112542,79.32
3251,alcaitiff,6,0.0042,112548,79.32
3252,amogussusus,6,0.0042,112554,79.32
3253,anon981106,6,0.0042,112560,79.33
3254,anuganamon,6,0.0042,112566,79.33
3255,arurumi8,6,0.0042,112572,79.34
3256,ashenone1295ai178,6,0.0042,112578,79.34
3257,atortheinvincible,6,0.0042,112584,79.35
3258,aurora93,6,0.0042,112590,79.35
3259,azuminakamaxxx118,6,0.0042,112596,79.35
3260,baconman55,6,0.0042,112602,79.36
3261,beastd,6,0.0042,112608,79.36
3262,bla,6,0.0042,112614,79.37
3263,black_mate47,6,0.0042,112620,79.37
3264,bloonut34,6,0.0042,112626,79.38
3265,bmx187,6,0.0042,112632,79.38
3266,bobthemainthing389,6,0.0042,112638,79.38
3267,boystreames683,6,0.0042,112644,79.39
3268,braydin72450,6,0.0042,112650,79.39
3269,brentcjohnson716,6,0.0042,112656,79.4
3270,bruiser8210,6,0.0042,112662,79.4
3271,btal,6,0.0042,112668,79.41
3272,bunbogutenhasubara810,6,0.0042,112674,79.41
3273,bustyboyenjoyer,6,0.0042,112680,79.41
3274,caleb_florian,6,0.0042,112686,79.42
3275,callerid,6,0.0042,112692,79.42
3276,caravan01,6,0.0042,112698,79.43
3277,carlosfalzar,6,0.0042,112704,79.43
3278,cb807761680677801,6,0.0042,112710,79.43
3279,chadwik_ludens,6,0.0042,112716,79.44
3280,chaitiankaew,6,0.0042,112722,79.44
3281,charlinchen,6,0.0042,112728,79.45
3282,citrusquirt,6,0.0042,112734,79.45
3283,codaArm,6,0.0042,112740,79.46
3284,collarbee,6,0.0042,112746,79.46
3285,confusion2021995,6,0.0042,112752,79.46
3286,culiworksai528,6,0.0042,112758,79.47
3287,dandyrandy25385902502,6,0.0042,112764,79.47
3288,daoooooo,6,0.0042,112770,79.48
3289,darksouls2473764,6,0.0042,112776,79.48
3290,deadeyes_00,6,0.0042,112782,79.49
3291,definitelynotadog,6,0.0042,112788,79.49
3292,deokitusu,6,0.0042,112794,79.49
3293,derikcruz391853,6,0.0042,112800,79.5
3294,diabloslance,6,0.0042,112806,79.5
3295,didongren,6,0.0042,112812,79.51
3296,dirty_biker,6,0.0042,112818,79.51
3297,dmalizer,6,0.0042,112824,79.52
3298,donutA1,6,0.0042,112830,79.52
3299,dpog7364155,6,0.0042,112836,79.52
3300,dpsjksjx614,6,0.0042,112842,79.53
3301,drakedcm154,6,0.0042,112848,79.53
3302,drsmilexxx87,6,0.0042,112854,79.54
3303,eeblyt0nne177,6,0.0042,112860,79.54
3304,efternamnet,6,0.0042,112866,79.54
3305,emanuel000luiz313,6,0.0042,112872,79.55
3306,ephermeron01,6,0.0042,112878,79.55
3307,erik28173,6,0.0042,112884,79.56
3308,eusujwzmzn838,6,0.0042,112890,79.56
3309,factorabdl,6,0.0042,112896,79.57
3310,fathimarotten234,6,0.0042,112902,79.57
3311,fattynephew,6,0.0042,112908,79.57
3312,flaxozz,6,0.0042,112914,79.58
3313,foxflame1891,6,0.0042,112920,79.58
3314,franklinstewart026192,6,0.0042,112926,79.59
3315,frybread002268,6,0.0042,112932,79.59
3316,funkmachine7,6,0.0042,112938,79.6
3317,fyzxc,6,0.0042,112944,79.6
3318,g123,6,0.0042,112950,79.6
3319,gabsmayo210756,6,0.0042,112956,79.61
3320,gagcauz11154,6,0.0042,112962,79.61
3321,gigigamer,6,0.0042,112968,79.62
3322,gimley409,6,0.0042,112974,79.62
3323,gorhinos931,6,0.0042,112980,79.63
3324,graphicukb92767,6,0.0042,112986,79.63
3325,grendar,6,0.0042,112992,79.63
3326,gthianhuat884,6,0.0042,112998,79.64
3327,guanperson,6,0.0042,113004,79.64
3328,gurilagardnr,6,0.0042,113010,79.65
3329,gyneceon,6,0.0042,113016,79.65
3330,gynoidneko,6,0.0042,113022,79.65
3331,haruharuha,6,0.0042,113028,79.66
3332,himbocatboy,6,0.0042,113034,79.66
3333,honk_honk,6,0.0042,113040,79.67
3334,horny_cloudtomo,6,0.0042,113046,79.67
3335,houki953124,6,0.0042,113052,79.68
3336,hro99,6,0.0042,113058,79.68
3337,hsyu2,6,0.0042,113064,79.68
3338,humanoidcumgun,6,0.0042,113070,79.69
3339,iHonolulu,6,0.0042,113076,79.69
3340,ikkunsai11112,6,0.0042,113082,79.7
3341,instineissac507,6,0.0042,113088,79.7
3342,inventai,6,0.0042,113094,79.71
3343,ipsylon0000,6,0.0042,113100,79.71
3344,itzzzhanna08,6,0.0042,113106,79.71
3345,jamaleon33667,6,0.0042,113112,79.72
3346,jasonafex,6,0.0042,113118,79.72
3347,jerrywashere256810,6,0.0042,113124,79.73
3348,jhonny09,6,0.0042,113130,79.73
3349,joecondor,6,0.0042,113136,79.74
3350,jspp3733410,6,0.0042,113142,79.74
3351,junkbastardlie,6,0.0042,113148,79.74
3352,kaelemakule,6,0.0042,113154,79.75
3353,kiki638,6,0.0042,113160,79.75
3354,killedmyself,6,0.0042,113166,79.76
3355,kingstons336,6,0.0042,113172,79.76
3356,kiratian,6,0.0042,113178,79.76
3357,kkntr,6,0.0042,113184,79.77
3358,klikkeri1,6,0.0042,113190,79.77
3359,konomi_p,6,0.0042,113196,79.78
3360,kp634,6,0.0042,113202,79.78
3361,kryptek360,6,0.0042,113208,79.79
3362,lamialoveless,6,0.0042,113214,79.79
3363,landshark999,6,0.0042,113220,79.79
3364,lantern_pumpkin,6,0.0042,113226,79.8
3365,lcarsonimages255,6,0.0042,113232,79.8
3366,lettucecheese,6,0.0042,113238,79.81
3367,likearobot_,6,0.0042,113244,79.81
3368,likolorytal490,6,0.0042,113250,79.82
3369,lolboy27,6,0.0042,113256,79.82
3370,luckiskind,6,0.0042,113262,79.82
3371,luckystones,6,0.0042,113268,79.83
3372,lunariaxlee789,6,0.0042,113274,79.83
3373,maaaatt,6,0.0042,113280,79.84
3374,man0gold506,6,0.0042,113286,79.84
3375,marcopasqualino005,6,0.0042,113292,79.84
3376,mariegold,6,0.0042,113298,79.85
3377,maximuslustr,6,0.0042,113304,79.85
3378,megaman303,6,0.0042,113310,79.86
3379,mgmsalias11,6,0.0042,113316,79.86
3380,michspa09390,6,0.0042,113322,79.87
3381,midhunlm65834,6,0.0042,113328,79.87
3382,mildwastaken,6,0.0042,113334,79.87
3383,minxdragon,6,0.0042,113340,79.88
3384,momox,6,0.0042,113346,79.88
3385,mori661990,6,0.0042,113352,79.89
3386,motka,6,0.0042,113358,79.89
3387,muscleace,6,0.0042,113364,79.9
3388,naga3,6,0.0042,113370,79.9
3389,nboyFly,6,0.0042,113376,79.9
3390,nikkudonarudo,6,0.0042,113382,79.91
3391,nikohogwen,6,0.0042,113388,79.91
3392,nitroAI,6,0.0042,113394,79.92
3393,nk,6,0.0042,113400,79.92
3394,nkjnk9,6,0.0042,113406,79.93
3395,notSoHappyFace,6,0.0042,113412,79.93
3396,nyrfixe109,6,0.0042,113418,79.93
3397,observationunit55,6,0.0042,113424,79.94
3398,ol6tooj,6,0.0042,113430,79.94
3399,olapepe599299,6,0.0042,113436,79.95
3400,oliverclosof7963,6,0.0042,113442,79.95
3401,one_quark,6,0.0042,113448,79.95
3402,orang568,6,0.0042,113454,79.96
3403,otakudragon65,6,0.0042,113460,79.96
3404,otherworlderotic,6,0.0042,113466,79.97
3405,oyorun0707,6,0.0042,113472,79.97
3406,parlayjp840,6,0.0042,113478,79.98
3407,pasqus0603290,6,0.0042,113484,79.98
3408,paulgreyrat_Yourboss,6,0.0042,113490,79.98
3409,peerawut_sri741,6,0.0042,113496,79.99
3410,perrosalioo,6,0.0042,113502,79.99
3411,pheonixlord2005876,6,0.0042,113508,80.0
3412,prolma,6,0.0042,113514,80.0
3413,qz037509767,6,0.0042,113520,80.01
3414,razputin,6,0.0042,113526,80.01
3415,redeehea,6,0.0042,113532,80.01
3416,rickets_xxx,6,0.0042,113538,80.02
3417,sa_yuki,6,0.0042,113544,80.02
3418,sabi123456,6,0.0042,113550,80.03
3419,sakurandou,6,0.0042,113556,80.03
3420,sathal,6,0.0042,113562,80.04
3421,sca285,6,0.0042,113568,80.04
3422,shakunalexandr751,6,0.0042,113574,80.04
3423,shumaii,6,0.0042,113580,80.05
3424,shvcx,6,0.0042,113586,80.05
3425,sinedact,6,0.0042,113592,80.06
3426,sofiariosvidal32392,6,0.0042,113598,80.06
3427,soljama,6,0.0042,113604,80.06
3428,spectri619920,6,0.0042,113610,80.07
3429,spillerrec,6,0.0042,113616,80.07
3430,spline,6,0.0042,113622,80.08
3431,steven0000david131,6,0.0042,113628,80.08
3432,studioscaiman869,6,0.0042,113634,80.09
3433,sutekichi,6,0.0042,113640,80.09
3434,taniyasharma121995999,6,0.0042,113646,80.09
3435,tanjam765,6,0.0042,113652,80.1
3436,tanzarian_one,6,0.0042,113658,80.1
3437,tappy,6,0.0042,113664,80.11
3438,tastefulaiDA,6,0.0042,113670,80.11
3439,td70225942,6,0.0042,113676,80.12
3440,tgpm,6,0.0042,113682,80.12
3441,timjr4301299,6,0.0042,113688,80.12
3442,tkmm748,6,0.0042,113694,80.13
3443,tremolo28,6,0.0042,113700,80.13
3444,tsukaisute315,6,0.0042,113706,80.14
3445,tuscanenard838,6,0.0042,113712,80.14
3446,tyburspotify,6,0.0042,113718,80.15
3447,u238678945,6,0.0042,113724,80.15
3448,uberlaidback,6,0.0042,113730,80.15
3449,unknown11490662,6,0.0042,113736,80.16
3450,uragons,6,0.0042,113742,80.16
3451,vento1,6,0.0042,113748,80.17
3452,vrendaspacea161,6,0.0042,113754,80.17
3453,wabwwamaw,6,0.0042,113760,80.17
3454,wagenta,6,0.0042,113766,80.18
3455,watahan491,6,0.0042,113772,80.18
3456,wd40zx298,6,0.0042,113778,80.19
3457,windgo12,6,0.0042,113784,80.19
3458,wiz_,6,0.0042,113790,80.2
3459,wizdroid,6,0.0042,113796,80.2
3460,wrunk,6,0.0042,113802,80.2
3461,wtvrfits489,6,0.0042,113808,80.21
3462,xdante100756,6,0.0042,113814,80.21
3463,xoxilzu,6,0.0042,113820,80.22
3464,xwslemming,6,0.0042,113826,80.22
3465,yampound,6,0.0042,113832,80.23
3466,yeta2,6,0.0042,113838,80.23
3467,yotsuki,6,0.0042,113844,80.23
3468,yukeclub241,6,0.0042,113850,80.24
3469,yvettelin235,6,0.0042,113856,80.24
3470,zed,6,0.0042,113862,80.25
3471,zefie_,6,0.0042,113868,80.25
3472,zwcowboy85,6,0.0042,113874,80.26
3473,010679,5,0.0035,113879,80.26
3474,0_697_75297_8,5,0.0035,113884,80.26
3475,1999good,5,0.0035,113889,80.27
3476,1nfern0,5,0.0035,113894,80.27
3477,3dcringe,5,0.0035,113899,80.27
3478,40706,5,0.0035,113904,80.28
3479,5chneewei55,5,0.0035,113909,80.28
3480,619474,5,0.0035,113914,80.28
3481,98cuck,5,0.0035,113919,80.29
3482,AIMonsterSlop,5,0.0035,113924,80.29
3483,AI_Anime_Girls,5,0.0035,113929,80.29
3484,AI_Characters,5,0.0035,113934,80.3
3485,AI_FySyde,5,0.0035,113939,80.3
3486,ARandomAI,5,0.0035,113944,80.3
3487,ASeiKKa,5,0.0035,113949,80.31
3488,AV10generations,5,0.0035,113954,80.31
3489,AbesG,5,0.0035,113959,80.32
3490,Abstractionary,5,0.0035,113964,80.32
3491,AiHaven,5,0.0035,113969,80.32
3492,Aigurin,5,0.0035,113974,80.33
3493,Aikage,5,0.0035,113979,80.33
3494,AirtDragoon,5,0.0035,113984,80.33
3495,Aisbruk,5,0.0035,113989,80.34
3496,AkiJoi,5,0.0035,113994,80.34
3497,Akiseki,5,0.0035,113999,80.34
3498,Akito,5,0.0035,114004,80.35
3499,Ale617,5,0.0035,114009,80.35
3500,Aliang_Jun,5,0.0035,114014,80.35
3501,AliveSayte,5,0.0035,114019,80.36
3502,AllinEnergyFuelsInc,5,0.0035,114024,80.36
3503,Alo23,5,0.0035,114029,80.36
3504,AmazoniaBM,5,0.0035,114034,80.37
3505,Amur_X,5,0.0035,114039,80.37
3506,Anakii,5,0.0035,114044,80.37
3507,AnimLover,5,0.0035,114049,80.38
3508,AnnaXXX1122,5,0.0035,114054,80.38
3509,Anonymous8055,5,0.0035,114059,80.39
3510,AnotherThrowawayHEN,5,0.0035,114064,80.39
3511,Atheuz,5,0.0035,114069,80.39
3512,Avdicija,5,0.0035,114074,80.4
3513,Azerof_,5,0.0035,114079,80.4
3514,Azzy06,5,0.0035,114084,80.4
3515,BBS_revenger,5,0.0035,114089,80.41
3516,BONA7,5,0.0035,114094,80.41
3517,BUSANPERSON,5,0.0035,114099,80.41
3518,BadIdea6780,5,0.0035,114104,80.42
3519,Bad_Girl,5,0.0035,114109,80.42
3520,Ballisticarain,5,0.0035,114114,80.42
3521,BananaGuy,5,0.0035,114119,80.43
3522,Bandi_Alter,5,0.0035,114124,80.43
3523,BeFair9142,5,0.0035,114129,80.43
3524,BePatientImOnA1080Ti,5,0.0035,114134,80.44
3525,BearGrizz,5,0.0035,114139,80.44
3526,BellpeppersandBeef,5,0.0035,114144,80.45
3527,Benny_Bo,5,0.0035,114149,80.45
3528,Berterny,5,0.0035,114154,80.45
3529,Bhanu23,5,0.0035,114159,80.46
3530,BigWillyJohnson1,5,0.0035,114164,80.46
3531,BimboSadako,5,0.0035,114169,80.46
3532,BlueWolfz,5,0.0035,114174,80.47
3533,BoomAi,5,0.0035,114179,80.47
3534,Boon6,5,0.0035,114184,80.47
3535,Br4d0ck,5,0.0035,114189,80.48
3536,Braga,5,0.0035,114194,80.48
3537,BunnyWaffles,5,0.0035,114199,80.48
3538,CKWickham,5,0.0035,114204,80.49
3539,CL0T,5,0.0035,114209,80.49
3540,C_zZz_K,5,0.0035,114214,80.49
3541,CardinalOfSin,5,0.0035,114219,80.5
3542,Caseydavis1990,5,0.0035,114224,80.5
3543,Cass_,5,0.0035,114229,80.51
3544,Cerisety,5,0.0035,114234,80.51
3545,Chaiphat,5,0.0035,114239,80.51
3546,ChaosWlf,5,0.0035,114244,80.52
3547,Chemo90,5,0.0035,114249,80.52
3548,Chiffon45,5,0.0035,114254,80.52
3549,Choosetherightpath,5,0.0035,114259,80.53
3550,Citryy,5,0.0035,114264,80.53
3551,CivitIsTooCensored,5,0.0035,114269,80.53
3552,ColinRogers,5,0.0035,114274,80.54
3553,ContainmentBreach,5,0.0035,114279,80.54
3554,Crunchymilk,5,0.0035,114284,80.54
3555,DREADKASS,5,0.0035,114289,80.55
3556,DaiTenshi44,5,0.0035,114294,80.55
3557,DareDevilry,5,0.0035,114299,80.55
3558,DarkFawkes,5,0.0035,114304,80.56
3559,DarkMarauderX,5,0.0035,114309,80.56
3560,Dark_Mikk,5,0.0035,114314,80.57
3561,Darkhide,5,0.0035,114319,80.57
3562,Datlizardass,5,0.0035,114324,80.57
3563,Dealso,5,0.0035,114329,80.58
3564,Deletetdyslexi,5,0.0035,114334,80.58
3565,DeltaDragon50,5,0.0035,114339,80.58
3566,Dezik99,5,0.0035,114344,80.59
3567,DibujosPuercos,5,0.0035,114349,80.59
3568,Dimar12,5,0.0035,114354,80.59
3569,Dimensionjumper,5,0.0035,114359,80.6
3570,DommeSeeker,5,0.0035,114364,80.6
3571,DontTellYourMom,5,0.0035,114369,80.6
3572,Doradow,5,0.0035,114374,80.61
3573,Dpisbest26,5,0.0035,114379,80.61
3574,DrSpeedygAInZ,5,0.0035,114384,80.61
3575,DragonKnight6427,5,0.0035,114389,80.62
3576,Dragy89,5,0.0035,114394,80.62
3577,DrakPai,5,0.0035,114399,80.63
3578,Drakensang,5,0.0035,114404,80.63
3579,DreamBringer642,5,0.0035,114409,80.63
3580,DuramenoAFK,5,0.0035,114414,80.64
3581,Duruduguda,5,0.0035,114419,80.64
3582,ERYTH_AI,5,0.0035,114424,80.64
3583,ElTucuGardella,5,0.0035,114429,80.65
3584,Elcinordnaumran,5,0.0035,114434,80.65
3585,Emphamized,5,0.0035,114439,80.65
3586,Epepe,5,0.0035,114444,80.66
3587,EroticVibes,5,0.0035,114449,80.66
3588,EsotericSpam,5,0.0035,114454,80.66
3589,Eureka_vi,5,0.0035,114459,80.67
3590,ExtraProject,5,0.0035,114464,80.67
3591,ExtraThicc,5,0.0035,114469,80.67
3592,FLXD,5,0.0035,114474,80.68
3593,Faitlessess,5,0.0035,114479,80.68
3594,FarahAi,5,0.0035,114484,80.69
3595,Fernan141,5,0.0035,114489,80.69
3596,Fiir3,5,0.0035,114494,80.69
3597,Firo98,5,0.0035,114499,80.7
3598,Fish005,5,0.0035,114504,80.7
3599,Fish_Love,5,0.0035,114509,80.7
3600,Flange,5,0.0035,114514,80.71
3601,Fliegenpatscher,5,0.0035,114519,80.71
3602,Fobbing,5,0.0035,114524,80.71
3603,FoobarNanashi,5,0.0035,114529,80.72
3604,ForFluxSlake,5,0.0035,114534,80.72
3605,Freaky_stuff,5,0.0035,114539,80.72
3606,FredoGarvin,5,0.0035,114544,80.73
3607,FreneticAI,5,0.0035,114549,80.73
3608,Fritzgerald71,5,0.0035,114554,80.73
3609,FudgedDouble,5,0.0035,114559,80.74
3610,GEHENA_executives,5,0.0035,114564,80.74
3611,Ghost141000,5,0.0035,114569,80.74
3612,Gobleteer,5,0.0035,114574,80.75
3613,Gokhru,5,0.0035,114579,80.75
3614,GoldenAwoken,5,0.0035,114584,80.76
3615,GoodLordTheresPenice,5,0.0035,114589,80.76
3616,Goory,5,0.0035,114594,80.76
3617,Greasy_uncle,5,0.0035,114599,80.77
3618,Griphen116,5,0.0035,114604,80.77
3619,Gusiso,5,0.0035,114609,80.77
3620,HSDHC,5,0.0035,114614,80.78
3621,HakTheShark,5,0.0035,114619,80.78
3622,Haxxxer,5,0.0035,114624,80.78
3623,HearmemanAI,5,0.0035,114629,80.79
3624,HeartWhole,5,0.0035,114634,80.79
3625,Hizami,5,0.0035,114639,80.79
3626,HornyWarlock,5,0.0035,114644,80.8
3627,Horny_kid,5,0.0035,114649,80.8
3628,Hotep_Bubba,5,0.0035,114654,80.8
3629,Hrund,5,0.0035,114659,80.81
3630,HumanDiffusion,5,0.0035,114664,80.81
3631,ICE_jelly,5,0.0035,114669,80.82
3632,IRLCatGirl,5,0.0035,114674,80.82
3633,IWantAIStuffs,5,0.0035,114679,80.82
3634,IWasKind,5,0.0035,114684,80.83
3635,I_Necoach,5,0.0035,114689,80.83
3636,Ibanezman,5,0.0035,114694,80.83
3637,Idontknow117,5,0.0035,114699,80.84
3638,Ikojgdre,5,0.0035,114704,80.84
3639,Inquis_Eisenhorn,5,0.0035,114709,80.84
3640,Inssei,5,0.0035,114714,80.85
3641,Irisaz,5,0.0035,114719,80.85
3642,ItsSheriff,5,0.0035,114724,80.85
3643,JFF_RG07,5,0.0035,114729,80.86
3644,JTZ,5,0.0035,114734,80.86
3645,Jadewind,5,0.0035,114739,80.86
3646,Jadoople,5,0.0035,114744,80.87
3647,Janloy,5,0.0035,114749,80.87
3648,JawSFM,5,0.0035,114754,80.88
3649,JeNnYn,5,0.0035,114759,80.88
3650,Jelosus1,5,0.0035,114764,80.88
3651,Jermo2609,5,0.0035,114769,80.89
3652,JiangPaomian,5,0.0035,114774,80.89
3653,Johnnny687,5,0.0035,114779,80.89
3654,Juggy,5,0.0035,114784,80.9
3655,JuicyJouster,5,0.0035,114789,80.9
3656,JuicyToons,5,0.0035,114794,80.9
3657,JulianoCoelho,5,0.0035,114799,80.91
3658,KZPantheon,5,0.0035,114804,80.91
3659,Kadi_Sapa,5,0.0035,114809,80.91
3660,KaenniARG,5,0.0035,114814,80.92
3661,Kamrosha,5,0.0035,114819,80.92
3662,KariteDono,5,0.0035,114824,80.92
3663,Kbrloras,5,0.0035,114829,80.93
3664,Kelomanya,5,0.0035,114834,80.93
3665,KinkyPalace,5,0.0035,114839,80.94
3666,Kirokumi,5,0.0035,114844,80.94
3667,Kolasio,5,0.0035,114849,80.94
3668,KotoPero,5,0.0035,114854,80.95
3669,Kr1st,5,0.0035,114859,80.95
3670,Kratnori,5,0.0035,114864,80.95
3671,Kristaf,5,0.0035,114869,80.96
3672,Kyor,5,0.0035,114874,80.96
3673,Lalolanda70,5,0.0035,114879,80.96
3674,LanaLuna,5,0.0035,114884,80.97
3675,Lat1nat0xicozis,5,0.0035,114889,80.97
3676,LeeBecks,5,0.0035,114894,80.97
3677,LegendaryBird,5,0.0035,114899,80.98
3678,Lemil,5,0.0035,114904,80.98
3679,LemonBristol,5,0.0035,114909,80.98
3680,Lil_Green_Man,5,0.0035,114914,80.99
3681,Loranater9000,5,0.0035,114919,80.99
3682,Lormaky,5,0.0035,114924,81.0
3683,LoveSweets,5,0.0035,114929,81.0
3684,M3d3x,5,0.0035,114934,81.0
3685,MESMERIZERS,5,0.0035,114939,81.01
3686,MG11,5,0.0035,114944,81.01
3687,MGGOT,5,0.0035,114949,81.01
3688,MIke1113,5,0.0035,114954,81.02
3689,Mackensen_2207,5,0.0035,114959,81.02
3690,Mackensky,5,0.0035,114964,81.02
3691,MagicAI_Alizs,5,0.0035,114969,81.03
3692,MajorMotion,5,0.0035,114974,81.03
3693,Makoto_Yuki,5,0.0035,114979,81.03
3694,Makou6372,5,0.0035,114984,81.04
3695,MarcVader,5,0.0035,114989,81.04
3696,MasterJaeKai,5,0.0035,114994,81.04
3697,MidnightRaven,5,0.0035,114999,81.05
3698,Milch,5,0.0035,115004,81.05
3699,Milf_Peaches,5,0.0035,115009,81.06
3700,Mirily,5,0.0035,115014,81.06
3701,Mittoshura,5,0.0035,115019,81.06
3702,MochiTits,5,0.0035,115024,81.07
3703,ModelSynth,5,0.0035,115029,81.07
3704,MrEmbargo,5,0.0035,115034,81.07
3705,MrLoreTaker,5,0.0035,115039,81.08
3706,Mr_WuSecret,5,0.0035,115044,81.08
3707,MuddyVenus,5,0.0035,115049,81.08
3708,Muffalo,5,0.0035,115054,81.09
3709,Murasaka,5,0.0035,115059,81.09
3710,NOUsagi,5,0.0035,115064,81.09
3711,NO_One6969,5,0.0035,115069,81.1
3712,NSr4,5,0.0035,115074,81.1
3713,Nanozell_spirit,5,0.0035,115079,81.1
3714,Nasuky323310,5,0.0035,115084,81.11
3715,NekonoMikeko,5,0.0035,115089,81.11
3716,Nemi_1,5,0.0035,115094,81.11
3717,Nerubian,5,0.0035,115099,81.12
3718,NeverStopGivingUp,5,0.0035,115104,81.12
3719,NewTang,5,0.0035,115109,81.13
3720,Nexus_Ai,5,0.0035,115114,81.13
3721,Nezarec,5,0.0035,115119,81.13
3722,NightFang94,5,0.0035,115124,81.14
3723,Nimblefingers,5,0.0035,115129,81.14
3724,Nomoregoodnames,5,0.0035,115134,81.14
3725,Nooneinparticular1,5,0.0035,115139,81.15
3726,Nox_Taka,5,0.0035,115144,81.15
3727,NsfwAIAddict,5,0.0035,115149,81.15
3728,Ntaly,5,0.0035,115154,81.16
3729,Null901,5,0.0035,115159,81.16
3730,Nynx_AI,5,0.0035,115164,81.16
3731,Obliqeray,5,0.0035,115169,81.17
3732,Ocelot_88,5,0.0035,115174,81.17
3733,Odoacr1,5,0.0035,115179,81.17
3734,Open12,5,0.0035,115184,81.18
3735,OptimalOyster,5,0.0035,115189,81.18
3736,OrangePumpking,5,0.0035,115194,81.19
3737,Order_of_the_1st_Class,5,0.0035,115199,81.19
3738,Otter_Enjoyer,5,0.0035,115204,81.19
3739,PaiHero,5,0.0035,115209,81.2
3740,Panache,5,0.0035,115214,81.2
3741,Paroipa,5,0.0035,115219,81.2
3742,PearyArt,5,0.0035,115224,81.21
3743,Pieliker2,5,0.0035,115229,81.21
3744,PinkPlant69,5,0.0035,115234,81.21
3745,Pink_Shit,5,0.0035,115239,81.22
3746,PixelMark,5,0.0035,115244,81.22
3747,Poyon1284,5,0.0035,115249,81.22
3748,Primid,5,0.0035,115254,81.23
3749,PrincessDark,5,0.0035,115259,81.23
3750,Privatemeh,5,0.0035,115264,81.23
3751,ProfRaven,5,0.0035,115269,81.24
3752,Prog420ress,5,0.0035,115274,81.24
3753,Psych_AI_delic,5,0.0035,115279,81.25
3754,QUEEN_MEDUSA,5,0.0035,115284,81.25
3755,RSW69,5,0.0035,115289,81.25
3756,Rafaelai20,5,0.0035,115294,81.26
3757,RandomOne1,5,0.0035,115299,81.26
3758,RandomweirdArt096,5,0.0035,115304,81.26
3759,RavenAeye,5,0.0035,115309,81.27
3760,Rayla,5,0.0035,115314,81.27
3761,RealitySeeker,5,0.0035,115319,81.27
3762,RevanStarKiller,5,0.0035,115324,81.28
3763,Robjohn55555,5,0.0035,115329,81.28
3764,RockFrog,5,0.0035,115334,81.28
3765,RoquerIA,5,0.0035,115339,81.29
3766,Ru83n,5,0.0035,115344,81.29
3767,Rylee,5,0.0035,115349,81.29
3768,SANZO2,5,0.0035,115354,81.3
3769,SLEDGE_SLEDGE,5,0.0035,115359,81.3
3770,SamMYamy,5,0.0035,115364,81.31
3771,SanSay,5,0.0035,115369,81.31
3772,Sayaka1,5,0.0035,115374,81.31
3773,Shamshoo777,5,0.0035,115379,81.32
3774,Shephard,5,0.0035,115384,81.32
3775,ShinanoX,5,0.0035,115389,81.32
3776,ShirouGetsu,5,0.0035,115394,81.33
3777,Shitass1337,5,0.0035,115399,81.33
3778,Shmyork,5,0.0035,115404,81.33
3779,SirTeralian,5,0.0035,115409,81.34
3780,Skadi_Fans,5,0.0035,115414,81.34
3781,Skidoo,5,0.0035,115419,81.34
3782,SlushieAI,5,0.0035,115424,81.35
3783,SluttyAmy,5,0.0035,115429,81.35
3784,Smorgasbox,5,0.0035,115434,81.35
3785,SnowStorm3D,5,0.0035,115439,81.36
3786,SomeSloppyBoi,5,0.0035,115444,81.36
3787,SomniaSoda,5,0.0035,115449,81.37
3788,Sorrowkun,5,0.0035,115454,81.37
3789,SpectralAsura,5,0.0035,115459,81.37
3790,Squ1zzles,5,0.0035,115464,81.38
3791,SquidHack,5,0.0035,115469,81.38
3792,Stani9931,5,0.0035,115474,81.38
3793,Starlight_Ellie_11,5,0.0035,115479,81.39
3794,Staticsc,5,0.0035,115484,81.39
3795,StatusError92,5,0.0035,115489,81.39
3796,Stegorosaurus,5,0.0035,115494,81.4
3797,Stickys_Cumcircus,5,0.0035,115499,81.4
3798,SubtleShader,5,0.0035,115504,81.4
3799,SunMoonStar,5,0.0035,115509,81.41
3800,Sunbutt,5,0.0035,115514,81.41
3801,Suppressor,5,0.0035,115519,81.41
3802,SurferRosa,5,0.0035,115524,81.42
3803,Sus17,5,0.0035,115529,81.42
3804,SuzuHoshi,5,0.0035,115534,81.43
3805,SweetMoistPear,5,0.0035,115539,81.43
3806,Syled,5,0.0035,115544,81.43
3807,T4ur_L3ns,5,0.0035,115549,81.44
3808,TIGERACE,5,0.0035,115554,81.44
3809,TTangSlgy,5,0.0035,115559,81.44
3810,Talboc,5,0.0035,115564,81.45
3811,Tammys,5,0.0035,115569,81.45
3812,TangYin_,5,0.0035,115574,81.45
3813,TanoshiKa,5,0.0035,115579,81.46
3814,Tarterbox,5,0.0035,115584,81.46
3815,TeaTimeSensei,5,0.0035,115589,81.46
3816,TelephoneOk,5,0.0035,115594,81.47
3817,TheJohnnySigma,5,0.0035,115599,81.47
3818,TheTaxer0019,5,0.0035,115604,81.47
3819,TheTransformer,5,0.0035,115609,81.48
3820,TherasaJean,5,0.0035,115614,81.48
3821,Theslayonetta,5,0.0035,115619,81.48
3822,ThighPastor,5,0.0035,115624,81.49
3823,Thunderous,5,0.0035,115629,81.49
3824,TickleDiffusionXL,5,0.0035,115634,81.5
3825,TijuanaSlumlord,5,0.0035,115639,81.5
3826,Tippytippy,5,0.0035,115644,81.5
3827,TkskKurumi,5,0.0035,115649,81.51
3828,Togoshiba56,5,0.0035,115654,81.51
3829,Tokendreams,5,0.0035,115659,81.51
3830,TomPH,5,0.0035,115664,81.52
3831,Tooru111,5,0.0035,115669,81.52
3832,TorikoSuki,5,0.0035,115674,81.52
3833,Trinity5544332211,5,0.0035,115679,81.53
3834,Twisowk,5,0.0035,115684,81.53
3835,UncleJert,5,0.0035,115689,81.53
3836,Underrein,5,0.0035,115694,81.54
3837,Unfoldable,5,0.0035,115699,81.54
3838,Ursinos,5,0.0035,115704,81.54
3839,UsernameStolen,5,0.0035,115709,81.55
3840,Utlia,5,0.0035,115714,81.55
3841,Uvoginzin,5,0.0035,115719,81.56
3842,Uwak,5,0.0035,115724,81.56
3843,VIHenryIV,5,0.0035,115729,81.56
3844,Valterax,5,0.0035,115734,81.57
3845,VamSlave,5,0.0035,115739,81.57
3846,Vamikaya,5,0.0035,115744,81.57
3847,VersoMax,5,0.0035,115749,81.58
3848,VizeBeam,5,0.0035,115754,81.58
3849,VoidVoyagerAI,5,0.0035,115759,81.58
3850,Vula_Dawn,5,0.0035,115764,81.59
3851,Wadufuk1,5,0.0035,115769,81.59
3852,Waliah,5,0.0035,115774,81.59
3853,WarpedAnimation63,5,0.0035,115779,81.6
3854,Whatever123456,5,0.0035,115784,81.6
3855,WhatisDisThing,5,0.0035,115789,81.6
3856,WildPetrie,5,0.0035,115794,81.61
3857,WillAInukeusallalready,5,0.0035,115799,81.61
3858,Wolf_Knight,5,0.0035,115804,81.62
3859,WrenX,5,0.0035,115809,81.62
3860,Writer_Dude,5,0.0035,115814,81.62
3861,X_Asmodesu_X,5,0.0035,115819,81.63
3862,XeroSp4ce,5,0.0035,115824,81.63
3863,XucroYuri,5,0.0035,115829,81.63
3864,Yaboidel,5,0.0035,115834,81.64
3865,YasBooty,5,0.0035,115839,81.64
3866,YimYou,5,0.0035,115844,81.64
3867,YokanHiden,5,0.0035,115849,81.65
3868,YouAlright,5,0.0035,115854,81.65
3869,Yummyboy37,5,0.0035,115859,81.65
3870,ZGear,5,0.0035,115864,81.66
3871,Zakutsune,5,0.0035,115869,81.66
3872,Zelrikriando,5,0.0035,115874,81.66
3873,Zergio,5,0.0035,115879,81.67
3874,Zeropope,5,0.0035,115884,81.67
3875,ZestycloseTap4834275,5,0.0035,115889,81.68
3876,ZeusArt,5,0.0035,115894,81.68
3877,_Envy_,5,0.0035,115899,81.68
3878,_Hiroto_,5,0.0035,115904,81.69
3879,_NOD_Stalker,5,0.0035,115909,81.69
3880,_Null_0,5,0.0035,115914,81.69
3881,_Wolverine_,5,0.0035,115919,81.7
3882,aHoy,5,0.0035,115924,81.7
3883,aZalf,5,0.0035,115929,81.7
3884,abao_0628,5,0.0035,115934,81.71
3885,abbey8904,5,0.0035,115939,81.71
3886,aceta405,5,0.0035,115944,81.71
3887,adaleo,5,0.0035,115949,81.72
3888,adickus,5,0.0035,115954,81.72
3889,afoooooooooox,5,0.0035,115959,81.72
3890,agamemnon112994,5,0.0035,115964,81.73
3891,aiartistonly,5,0.0035,115969,81.73
3892,aidanjackson2112767,5,0.0035,115974,81.74
3893,ailukilv,5,0.0035,115979,81.74
3894,aka0604,5,0.0035,115984,81.74
3895,alastor174390,5,0.0035,115989,81.75
3896,aleksanyan_art96432,5,0.0035,115994,81.75
3897,alternateboi,5,0.0035,115999,81.75
3898,alternative_Universe,5,0.0035,116004,81.76
3899,alternioorigin201,5,0.0035,116009,81.76
3900,and91915290,5,0.0035,116014,81.76
3901,anonymous73663,5,0.0035,116019,81.77
3902,applebottomjeans,5,0.0035,116024,81.77
3903,arcgx71140,5,0.0035,116029,81.77
3904,arielrp15017991,5,0.0035,116034,81.78
3905,artfullyprompt,5,0.0035,116039,81.78
3906,artificialguybr,5,0.0035,116044,81.78
3907,astonizh557,5,0.0035,116049,81.79
3908,asugonomi,5,0.0035,116054,81.79
3909,aytaafhhh,5,0.0035,116059,81.8
3910,azzazel,5,0.0035,116064,81.8
3911,baizhichen83232,5,0.0035,116069,81.8
3912,ballscardwell901,5,0.0035,116074,81.81
3913,bambetty,5,0.0035,116079,81.81
3914,beencha,5,0.0035,116084,81.81
3915,beowulf77,5,0.0035,116089,81.82
3916,bigkek330,5,0.0035,116094,81.82
3917,bingusdingusa,5,0.0035,116099,81.82
3918,bjl21012,5,0.0035,116104,81.83
3919,bk_201,5,0.0035,116109,81.83
3920,blyss,5,0.0035,116114,81.83
3921,bonetrousers,5,0.0035,116119,81.84
3922,brandnewfakeuser,5,0.0035,116124,81.84
3923,bright_shyness,5,0.0035,116129,81.84
3924,bubblepunk,5,0.0035,116134,81.85
3925,bugmAIster,5,0.0035,116139,81.85
3926,carlson121,5,0.0035,116144,81.85
3927,cdee186376,5,0.0035,116149,81.86
3928,chimphenry89629,5,0.0035,116154,81.86
3929,ciedevel,5,0.0035,116159,81.87
3930,civitaixen,5,0.0035,116164,81.87
3931,complexsafety859,5,0.0035,116169,81.87
3932,conchiglie,5,0.0035,116174,81.88
3933,crayshyt,5,0.0035,116179,81.88
3934,creatureko,5,0.0035,116184,81.88
3935,crowngolem,5,0.0035,116189,81.89
3936,cyberprincessdomme,5,0.0035,116194,81.89
3937,danilasmol13528,5,0.0035,116199,81.89
3938,dar90105,5,0.0035,116204,81.9
3939,darkseal,5,0.0035,116209,81.9
3940,dcravero2367,5,0.0035,116214,81.9
3941,demidchik_dmitry,5,0.0035,116219,81.91
3942,denton7xx349,5,0.0035,116224,81.91
3943,dexterfrost1976815,5,0.0035,116229,81.91
3944,dfree3305149,5,0.0035,116234,81.92
3945,diamondjulia309144,5,0.0035,116239,81.92
3946,diffusiondudes,5,0.0035,116244,81.93
3947,digitalghosts,5,0.0035,116249,81.93
3948,disaiprntech,5,0.0035,116254,81.93
3949,dksdkffiwna,5,0.0035,116259,81.94
3950,donnyraves,5,0.0035,116264,81.94
3951,drake109124,5,0.0035,116269,81.94
3952,drinkgin818,5,0.0035,116274,81.95
3953,dron3mutt,5,0.0035,116279,81.95
3954,drtdshelton,5,0.0035,116284,81.95
3955,dultrap,5,0.0035,116289,81.96
3956,eOnCivit,5,0.0035,116294,81.96
3957,eent74551255,5,0.0035,116299,81.96
3958,el_fluppe,5,0.0035,116304,81.97
3959,elvove13651,5,0.0035,116309,81.97
3960,emerjk,5,0.0035,116314,81.97
3961,enter741852963,5,0.0035,116319,81.98
3962,epikdecoyemailnumber1116,5,0.0035,116324,81.98
3963,fatlover420,5,0.0035,116329,81.99
3964,feoh,5,0.0035,116334,81.99
3965,fewta,5,0.0035,116339,81.99
3966,figge1,5,0.0035,116344,82.0
3967,fog1,5,0.0035,116349,82.0
3968,folowerofzaros,5,0.0035,116354,82.0
3969,fominhavi,5,0.0035,116359,82.01
3970,fotoblogowaniepl739,5,0.0035,116364,82.01
3971,fuletor,5,0.0035,116369,82.01
3972,furballai,5,0.0035,116374,82.02
3973,gamjemsin5e,5,0.0035,116379,82.02
3974,generatorofthingsreal,5,0.0035,116384,82.02
3975,genshi_studio,5,0.0035,116389,82.03
3976,gerryone0721677,5,0.0035,116394,82.03
3977,giko,5,0.0035,116399,82.03
3978,gohan041992,5,0.0035,116404,82.04
3979,guille15nlf368,5,0.0035,116409,82.04
3980,gyy944123,5,0.0035,116414,82.05
3981,hadriel7337,5,0.0035,116419,82.05
3982,hapemxg,5,0.0035,116424,82.05
3983,heart_eyes_Salute_love777,5,0.0035,116429,82.06
3984,helbentfry,5,0.0035,116434,82.06
3985,henl469,5,0.0035,116439,82.06
3986,hentai_Researcher_blue,5,0.0035,116444,82.07
3987,hermiboy,5,0.0035,116449,82.07
3988,himagenarydude,5,0.0035,116454,82.07
3989,hipper1230,5,0.0035,116459,82.08
3990,hubtis,5,0.0035,116464,82.08
3991,hugebubeluvr,5,0.0035,116469,82.08
3992,huskyhi,5,0.0035,116474,82.09
3993,icecoldlars,5,0.0035,116479,82.09
3994,ikoy396,5,0.0035,116484,82.09
3995,ilgrandepippoilpallino147,5,0.0035,116489,82.1
3996,instabeepbeep2724927,5,0.0035,116494,82.1
3997,jabboy,5,0.0035,116499,82.11
3998,jdemon2010,5,0.0035,116504,82.11
3999,jdmonte,5,0.0035,116509,82.11
4000,jenya1337,5,0.0035,116514,82.12
4001,jeppodl0ga,5,0.0035,116519,82.12
4002,jerksjorks,5,0.0035,116524,82.12
4003,johnjon3s115474,5,0.0035,116529,82.13
4004,jorkington,5,0.0035,116534,82.13
4005,joshkerr,5,0.0035,116539,82.13
4006,juancastellap802,5,0.0035,116544,82.14
4007,juandiegomorenonavas585,5,0.0035,116549,82.14
4008,kalinovdp350,5,0.0035,116554,82.14
4009,kan455,5,0.0035,116559,82.15
4010,kar,5,0.0035,116564,82.15
4011,keronian,5,0.0035,116569,82.15
4012,kinnseb,5,0.0035,116574,82.16
4013,kk9876,5,0.0035,116579,82.16
4014,kokomoiij919,5,0.0035,116584,82.17
4015,konnerhelms97,5,0.0035,116589,82.17
4016,koshapehve,5,0.0035,116594,82.17
4017,kyron95345,5,0.0035,116599,82.18
4018,lamrin2k,5,0.0035,116604,82.18
4019,lapin90mapin,5,0.0035,116609,82.18
4020,lexus118,5,0.0035,116614,82.19
4021,lilylilith,5,0.0035,116619,82.19
4022,locker13,5,0.0035,116624,82.19
4023,loraley,5,0.0035,116629,82.2
4024,lordrashika3,5,0.0035,116634,82.2
4025,lucablight,5,0.0035,116639,82.2
4026,lucybbey,5,0.0035,116644,82.21
4027,mags_zol,5,0.0035,116649,82.21
4028,majorx,5,0.0035,116654,82.21
4029,maliceinrend,5,0.0035,116659,82.22
4030,mamemame333,5,0.0035,116664,82.22
4031,mandalillz587,5,0.0035,116669,82.22
4032,marranator88,5,0.0035,116674,82.23
4033,mattheath869,5,0.0035,116679,82.23
4034,maxhilio133,5,0.0035,116684,82.24
4035,mbede,5,0.0035,116689,82.24
4036,meduardo666386,5,0.0035,116694,82.24
4037,melzaft,5,0.0035,116699,82.25
4038,michaelbarbotos99,5,0.0035,116704,82.25
4039,miksitisgunars596,5,0.0035,116709,82.25
4040,mikuhatsune,5,0.0035,116714,82.26
4041,misaki_s,5,0.0035,116719,82.26
4042,misseldek,5,0.0035,116724,82.26
4043,mixermacs,5,0.0035,116729,82.27
4044,mla186,5,0.0035,116734,82.27
4045,mlpshit1210,5,0.0035,116739,82.27
4046,mmmliwwen639,5,0.0035,116744,82.28
4047,mmmmmmmk,5,0.0035,116749,82.28
4048,mongot,5,0.0035,116754,82.28
4049,muhahhastar5555313,5,0.0035,116759,82.29
4050,mumi000,5,0.0035,116764,82.29
4051,muscleking652,5,0.0035,116769,82.3
4052,muywenas131571,5,0.0035,116774,82.3
4053,mypenisthebest128,5,0.0035,116779,82.3
4054,n15g,5,0.0035,116784,82.31
4055,nazan,5,0.0035,116789,82.31
4056,nebling123385,5,0.0035,116794,82.31
4057,nec_zeven,5,0.0035,116799,82.32
4058,neisanawsaib,5,0.0035,116804,82.32
4059,nekuroute,5,0.0035,116809,82.32
4060,nett1234,5,0.0035,116814,82.33
4061,nico911,5,0.0035,116819,82.33
4062,nikotoskani,5,0.0035,116824,82.33
4063,noalcoholbeer,5,0.0035,116829,82.34
4064,nokk,5,0.0035,116834,82.34
4065,noxomorph,5,0.0035,116839,82.34
4066,nyxsable3684,5,0.0035,116844,82.35
4067,ohgunsgenerations,5,0.0035,116849,82.35
4068,okingly,5,0.0035,116854,82.36
4069,okuma2023,5,0.0035,116859,82.36
4070,osdjkfhiojk,5,0.0035,116864,82.36
4071,ottocolossus,5,0.0035,116869,82.37
4072,parab3llum,5,0.0035,116874,82.37
4073,patatumstudios,5,0.0035,116879,82.37
4074,peepeetrain,5,0.0035,116884,82.38
4075,penchopenchov,5,0.0035,116889,82.38
4076,perorobinnn,5,0.0035,116894,82.38
4077,pgc,5,0.0035,116899,82.39
4078,plut00h,5,0.0035,116904,82.39
4079,pmdp,5,0.0035,116909,82.39
4080,pmgrohman678,5,0.0035,116914,82.4
4081,poooooooooaeng,5,0.0035,116919,82.4
4082,pornworksai,5,0.0035,116924,82.4
4083,px11,5,0.0035,116929,82.41
4084,pzrk12,5,0.0035,116934,82.41
4085,qe19181112530,5,0.0035,116939,82.42
4086,qshaw,5,0.0035,116944,82.42
4087,qwertz2024,5,0.0035,116949,82.42
4088,randocreator,5,0.0035,116954,82.43
4089,repocob,5,0.0035,116959,82.43
4090,rfncomment7,5,0.0035,116964,82.43
4091,riiahworld,5,0.0035,116969,82.44
4092,rowanzero69473,5,0.0035,116974,82.44
4093,rrnbt65s446,5,0.0035,116979,82.44
4094,ruseman1388,5,0.0035,116984,82.45
4095,ryderbase22358,5,0.0035,116989,82.45
4096,s317820205707,5,0.0035,116994,82.45
4097,sabin,5,0.0035,116999,82.46
4098,saehara151,5,0.0035,117004,82.46
4099,salaxas,5,0.0035,117009,82.46
4100,samysilvers2003507,5,0.0035,117014,82.47
4101,sansflaire,5,0.0035,117019,82.47
4102,santschief_66,5,0.0035,117024,82.48
4103,shadow10r43741,5,0.0035,117029,82.48
4104,sheendrewn,5,0.0035,117034,82.48
4105,shiftywords,5,0.0035,117039,82.49
4106,simpletroutzhgy163,5,0.0035,117044,82.49
4107,sixfe9222,5,0.0035,117049,82.49
4108,sketckntosh,5,0.0035,117054,82.5
4109,skyrimconnoisseur,5,0.0035,117059,82.5
4110,slutdoll307,5,0.0035,117064,82.5
4111,sndmfg657,5,0.0035,117069,82.51
4112,sorrywilson6011892,5,0.0035,117074,82.51
4113,soulinferno,5,0.0035,117079,82.51
4114,sparkfun,5,0.0035,117084,82.52
4115,squirz,5,0.0035,117089,82.52
4116,st1541100996,5,0.0035,117094,82.52
4117,stabled69,5,0.0035,117099,82.53
4118,stareagle000294,5,0.0035,117104,82.53
4119,starplatinump,5,0.0035,117109,82.54
4120,stimkill,5,0.0035,117114,82.54
4121,strikeraid,5,0.0035,117119,82.54
4122,superflight308,5,0.0035,117124,82.55
4123,tazmannner379,5,0.0035,117129,82.55
4124,terrytexasbronco619,5,0.0035,117134,82.55
4125,test123netgain,5,0.0035,117139,82.56
4126,that1AIguy,5,0.0035,117144,82.56
4127,theforest,5,0.0035,117149,82.56
4128,thesauceer,5,0.0035,117154,82.57
4129,tingcheng428114,5,0.0035,117159,82.57
4130,tinman777,5,0.0035,117164,82.57
4131,tsf_mango,5,0.0035,117169,82.58
4132,tunan996,5,0.0035,117174,82.58
4133,udou37405,5,0.0035,117179,82.58
4134,unable,5,0.0035,117184,82.59
4135,undef01,5,0.0035,117189,82.59
4136,usaginaba,5,0.0035,117194,82.59
4137,vadigr123_,5,0.0035,117199,82.6
4138,valenok,5,0.0035,117204,82.6
4139,valtzu5663,5,0.0035,117209,82.61
4140,velvet_toroyashi,5,0.0035,117214,82.61
4141,veriasseifert127,5,0.0035,117219,82.61
4142,victerprime,5,0.0035,117224,82.62
4143,vincent754,5,0.0035,117229,82.62
4144,vomwor,5,0.0035,117234,82.62
4145,vovkka,5,0.0035,117239,82.63
4146,watchingporn363,5,0.0035,117244,82.63
4147,wgrigw197,5,0.0035,117249,82.63
4148,wildcard_tripping470173,5,0.0035,117254,82.64
4149,wliiexn103,5,0.0035,117259,82.64
4150,wymanimac954,5,0.0035,117264,82.64
4151,xd696969,5,0.0035,117269,82.65
4152,xerox3,5,0.0035,117274,82.65
4153,xthevoidx,5,0.0035,117279,82.65
4154,yiekiyuri,5,0.0035,117284,82.66
4155,yonimakaroni123,5,0.0035,117289,82.66
4156,zektyt909,5,0.0035,117294,82.67
4157,zionwg648,5,0.0035,117299,82.67
4158,00teonis,4,0.0028,117303,82.67
4159,07kanji,4,0.0028,117307,82.67
4160,0R1G1NAL_C1N,4,0.0028,117311,82.68
4161,0x0x0x,4,0.0028,117315,82.68
4162,10q,4,0.0028,117319,82.68
4163,122215,4,0.0028,117323,82.69
4164,1a1,4,0.0028,117327,82.69
4165,2003hee,4,0.0028,117331,82.69
4166,220Nx,4,0.0028,117335,82.69
4167,2929dance,4,0.0028,117339,82.7
4168,2Tom,4,0.0028,117343,82.7
4169,3241642097533,4,0.0028,117347,82.7
4170,362346234,4,0.0028,117351,82.71
4171,3829335024421,4,0.0028,117355,82.71
4172,4244356,4,0.0028,117359,82.71
4173,970685107993,4,0.0028,117363,82.71
4174,AIMon86,4,0.0028,117367,82.72
4175,AI_Dboy,4,0.0028,117371,82.72
4176,AI_Gentai,4,0.0028,117375,82.72
4177,AI_Heart,4,0.0028,117379,82.73
4178,AIartJI,4,0.0028,117383,82.73
4179,AKRASHA,4,0.0028,117387,82.73
4180,ANOUCKanastasia,4,0.0028,117391,82.73
4181,ARBUZ34,4,0.0028,117395,82.74
4182,ARTMAKA,4,0.0028,117399,82.74
4183,AS193SE,4,0.0028,117403,82.74
4184,AamonDize,4,0.0028,117407,82.75
4185,AcrobaticFront3746383,4,0.0028,117411,82.75
4186,Acsilon,4,0.0028,117415,82.75
4187,Adam_Arclight,4,0.0028,117419,82.75
4188,AegisGoat,4,0.0028,117423,82.76
4189,AgitoRivers,4,0.0028,117427,82.76
4190,Aimidi,4,0.0028,117431,82.76
4191,AirbagGuy,4,0.0028,117435,82.76
4192,Aitouchme,4,0.0028,117439,82.77
4193,Ajuro,4,0.0028,117443,82.77
4194,AkioAI,4,0.0028,117447,82.77
4195,Akitsuki,4,0.0028,117451,82.78
4196,AliceDemencia,4,0.0028,117455,82.78
4197,Alikkus,4,0.0028,117459,82.78
4198,Alkan_AI,4,0.0028,117463,82.78
4199,Altimater,4,0.0028,117467,82.79
4200,Amana,4,0.0028,117471,82.79
4201,Ambatakammmmmmmm,4,0.0028,117475,82.79
4202,Angry_bull,4,0.0028,117479,82.8
4203,Anonimax,4,0.0028,117483,82.8
4204,Anorak13,4,0.0028,117487,82.8
4205,AnthroLover69,4,0.0028,117491,82.8
4206,Applesoda,4,0.0028,117495,82.81
4207,AraAraWaiFu,4,0.0028,117499,82.81
4208,Arbiterus,4,0.0028,117503,82.81
4209,ArmitageShanks,4,0.0028,117507,82.82
4210,Artik7,4,0.0028,117511,82.82
4211,ArtsySafeq,4,0.0028,117515,82.82
4212,As_7033,4,0.0028,117519,82.82
4213,Ascella,4,0.0028,117523,82.83
4214,Aseer,4,0.0028,117527,82.83
4215,Ashen3,4,0.0028,117531,82.83
4216,Asirgames,4,0.0028,117535,82.84
4217,Aspect_of_Hope,4,0.0028,117539,82.84
4218,Atlantes,4,0.0028,117543,82.84
4219,Au79,4,0.0028,117547,82.84
4220,Auratic,4,0.0028,117551,82.85
4221,Auronax,4,0.0028,117555,82.85
4222,AutarchYuri,4,0.0028,117559,82.85
4223,BDuck_AIGC,4,0.0028,117563,82.86
4224,BLUdog,4,0.0028,117567,82.86
4225,BRairt_yn,4,0.0028,117571,82.86
4226,Babidik,4,0.0028,117575,82.86
4227,BadArt,4,0.0028,117579,82.87
4228,BadImagination,4,0.0028,117583,82.87
4229,Badassmoxxie,4,0.0028,117587,82.87
4230,Balthasar00,4,0.0028,117591,82.87
4231,Bantonoth,4,0.0028,117595,82.88
4232,Beats,4,0.0028,117599,82.88
4233,Beleron,4,0.0028,117603,82.88
4234,Benatog,4,0.0028,117607,82.89
4235,Bereft,4,0.0028,117611,82.89
4236,BiNHqX,4,0.0028,117615,82.89
4237,BigPigniteGuy,4,0.0028,117619,82.89
4238,Billiemi02,4,0.0028,117623,82.9
4239,Bimboports,4,0.0028,117627,82.9
4240,BioArk_AI,4,0.0028,117631,82.9
4241,Birdsofafeather,4,0.0028,117635,82.91
4242,BlackLove,4,0.0028,117639,82.91
4243,Black_Snacks,4,0.0028,117643,82.91
4244,BlindBirdHouse,4,0.0028,117647,82.91
4245,BluBluBoy,4,0.0028,117651,82.92
4246,Bnau,4,0.0028,117655,82.92
4247,Boboboy,4,0.0028,117659,82.92
4248,BoneyShawty,4,0.0028,117663,82.93
4249,BoredWorker,4,0.0028,117667,82.93
4250,BreadPepper,4,0.0028,117671,82.93
4251,BritanSuwan,4,0.0028,117675,82.93
4252,Bro18,4,0.0028,117679,82.94
4253,BrochachoTaco,4,0.0028,117683,82.94
4254,Broskidude,4,0.0028,117687,82.94
4255,Bruhala,4,0.0028,117691,82.95
4256,C4ngr3j0,4,0.0028,117695,82.95
4257,CAS966,4,0.0028,117699,82.95
4258,Cain_3000,4,0.0028,117703,82.95
4259,Calivan,4,0.0028,117707,82.96
4260,Cascalover1,4,0.0028,117711,82.96
4261,ChaoticEnergy,4,0.0028,117715,82.96
4262,Chenkin,4,0.0028,117719,82.96
4263,ChronometerH00kup,4,0.0028,117723,82.97
4264,ClassiNess,4,0.0028,117727,82.97
4265,Clay_lover,4,0.0028,117731,82.97
4266,Clopi,4,0.0028,117735,82.98
4267,Cnrjkadjrj34,4,0.0028,117739,82.98
4268,Colayma,4,0.0028,117743,82.98
4269,CollateralDaMaGe,4,0.0028,117747,82.98
4270,Colmillo_blanco,4,0.0028,117751,82.99
4271,Com1cSans,4,0.0028,117755,82.99
4272,ComfyTinker,4,0.0028,117759,82.99
4273,CommanderJozef,4,0.0028,117763,83.0
4274,Comte,4,0.0028,117767,83.0
4275,CrazyGirlAshley,4,0.0028,117771,83.0
4276,CreativeContest3736884,4,0.0028,117775,83.0
4277,CreativeEdge,4,0.0028,117779,83.01
4278,CremedeTorta,4,0.0028,117783,83.01
4279,CulturedNiichan99,4,0.0028,117787,83.01
4280,Cyankill,4,0.0028,117791,83.02
4281,DJPando,4,0.0028,117795,83.02
4282,DKdraven,4,0.0028,117799,83.02
4283,DONTDELETE5678,4,0.0028,117803,83.02
4284,DOOahDEEnum,4,0.0028,117807,83.03
4285,DRmad1999,4,0.0028,117811,83.03
4286,DWeoss,4,0.0028,117815,83.03
4287,DaddyFrank,4,0.0028,117819,83.04
4288,Dannyboy95,4,0.0028,117823,83.04
4289,DeepDelveMiningCo,4,0.0028,117827,83.04
4290,Deffun,4,0.0028,117831,83.04
4291,Deimos2k23,4,0.0028,117835,83.05
4292,DerekG2,4,0.0028,117839,83.05
4293,DesPotoirs,4,0.0028,117843,83.05
4294,DestructiveForce,4,0.0028,117847,83.06
4295,DevilNeverCry24087,4,0.0028,117851,83.06
4296,Di_Gi_Ossan,4,0.0028,117855,83.06
4297,DiffusionArchive,4,0.0028,117859,83.06
4298,Diffussy,4,0.0028,117863,83.07
4299,Dirtybird1007,4,0.0028,117867,83.07
4300,Divinerealm,4,0.0028,117871,83.07
4301,Doc69,4,0.0028,117875,83.07
4302,DocoDoc,4,0.0028,117879,83.08
4303,Droggoc,4,0.0028,117883,83.08
4304,ERA5ER,4,0.0028,117887,83.08
4305,Ed1987,4,0.0028,117891,83.09
4306,Edd_DoubleD,4,0.0028,117895,83.09
4307,EditEdd,4,0.0028,117899,83.09
4308,Egwywu,4,0.0028,117903,83.09
4309,ElArgine,4,0.0028,117907,83.1
4310,Elbereth777,4,0.0028,117911,83.1
4311,Elsa_02,4,0.0028,117915,83.1
4312,ElvishMedicine,4,0.0028,117919,83.11
4313,ErikRaven,4,0.0028,117923,83.11
4314,Ery_,4,0.0028,117927,83.11
4315,EugeoTB,4,0.0028,117931,83.11
4316,Eulollo536,4,0.0028,117935,83.12
4317,Evya_171,4,0.0028,117939,83.12
4318,ExuberantConsent,4,0.0028,117943,83.12
4319,FRMC,4,0.0028,117947,83.13
4320,FaithTestarossa,4,0.0028,117951,83.13
4321,Fein123,4,0.0028,117955,83.13
4322,Feyx101,4,0.0028,117959,83.13
4323,Flamify,4,0.0028,117963,83.14
4324,Flargh,4,0.0028,117967,83.14
4325,FloppyCock,4,0.0028,117971,83.14
4326,Florpa,4,0.0028,117975,83.15
4327,Fluffy_Aurora,4,0.0028,117979,83.15
4328,Flywayz,4,0.0028,117983,83.15
4329,Foolishfoolfoolfool,4,0.0028,117987,83.15
4330,ForgiaDAria,4,0.0028,117991,83.16
4331,ForkY,4,0.0028,117995,83.16
4332,Foxaimen,4,0.0028,117999,83.16
4333,FoxesSoxes,4,0.0028,118003,83.17
4334,FrozenParser,4,0.0028,118007,83.17
4335,Ftlvr34,4,0.0028,118011,83.17
4336,G4COR_K4NG,4,0.0028,118015,83.17
4337,GBall,4,0.0028,118019,83.18
4338,GIGY,4,0.0028,118023,83.18
4339,GUMMYB3ARZ,4,0.0028,118027,83.18
4340,Gabbagoon,4,0.0028,118031,83.18
4341,GameKeaper,4,0.0028,118035,83.19
4342,GavinStormar,4,0.0028,118039,83.19
4343,Gavvah,4,0.0028,118043,83.19
4344,Gebsfrom404,4,0.0028,118047,83.2
4345,Gekk_0,4,0.0028,118051,83.2
4346,Generation3dX,4,0.0028,118055,83.2
4347,Geron97,4,0.0028,118059,83.2
4348,Globullux,4,0.0028,118063,83.21
4349,Goonsterino,4,0.0028,118067,83.21
4350,GopherReflection,4,0.0028,118071,83.21
4351,Goratrix666,4,0.0028,118075,83.22
4352,GreekHobo,4,0.0028,118079,83.22
4353,GregOW,4,0.0028,118083,83.22
4354,Groeni23,4,0.0028,118087,83.22
4355,Grover0,4,0.0028,118091,83.23
4356,GuileGaze,4,0.0028,118095,83.23
4357,HC94,4,0.0028,118099,83.23
4358,HENTAI_FOX,4,0.0028,118103,83.24
4359,HammerAssGirl,4,0.0028,118107,83.24
4360,HawkOfLight,4,0.0028,118111,83.24
4361,HenryWestman,4,0.0028,118115,83.24
4362,HentAI_JP,4,0.0028,118119,83.25
4363,Hitoshura,4,0.0028,118123,83.25
4364,HomeworkFolder,4,0.0028,118127,83.25
4365,HowaType,4,0.0028,118131,83.26
4366,HumanAd228,4,0.0028,118135,83.26
4367,INoiado,4,0.0028,118139,83.26
4368,IPA_AI_Life,4,0.0028,118143,83.26
4369,IVVVVvVVVVI,4,0.0028,118147,83.27
4370,ImPr0mpts,4,0.0028,118151,83.27
4371,Imageized,4,0.0028,118155,83.27
4372,IndecencyofJP,4,0.0028,118159,83.28
4373,InhumanAI55,4,0.0028,118163,83.28
4374,Intosica,4,0.0028,118167,83.28
4375,IronCatMan,4,0.0028,118171,83.28
4376,IslandGirlAriel,4,0.0028,118175,83.29
4377,Iv013,4,0.0028,118179,83.29
4378,J431,4,0.0028,118183,83.29
4379,JJHusk,4,0.0028,118187,83.29
4380,JaGura,4,0.0028,118191,83.3
4381,Jack_Prompt,4,0.0028,118195,83.3
4382,Jarruantura,4,0.0028,118199,83.3
4383,Jascha78,4,0.0028,118203,83.31
4384,JayRen,4,0.0028,118207,83.31
4385,Jetdragon,4,0.0028,118211,83.31
4386,Jiidai,4,0.0028,118215,83.31
4387,JohnB79,4,0.0028,118219,83.32
4388,JohnnyQuickHand,4,0.0028,118223,83.32
4389,Johnny_Mallony,4,0.0028,118227,83.32
4390,JokerDoffy,4,0.0028,118231,83.33
4391,Joof,4,0.0028,118235,83.33
4392,Joxazy,4,0.0028,118239,83.33
4393,Jubb3h,4,0.0028,118243,83.33
4394,Jurassic_C,4,0.0028,118247,83.34
4395,JynxdTea,4,0.0028,118251,83.34
4396,KaibaZax,4,0.0028,118255,83.34
4397,Kalderas,4,0.0028,118259,83.35
4398,Kaligo731,4,0.0028,118263,83.35
4399,Kane3594,4,0.0028,118267,83.35
4400,KaptainSisay,4,0.0028,118271,83.35
4401,KarAIII,4,0.0028,118275,83.36
4402,Kari_corn,4,0.0028,118279,83.36
4403,Karyaga21,4,0.0028,118283,83.36
4404,KeMiliUs,4,0.0028,118287,83.37
4405,Keira_Amara,4,0.0028,118291,83.37
4406,Killa89,4,0.0028,118295,83.37
4407,KindLawyer4369739,4,0.0028,118299,83.37
4408,KingDead,4,0.0028,118303,83.38
4409,Kingmermaiddd,4,0.0028,118307,83.38
4410,KinkyWinkie,4,0.0028,118311,83.38
4411,KioshiNuro,4,0.0028,118315,83.39
4412,Kisaragi_618,4,0.0028,118319,83.39
4413,KlausCass,4,0.0028,118323,83.39
4414,KobeKenichi,4,0.0028,118327,83.39
4415,Kokkmokk,4,0.0028,118331,83.4
4416,Koneko_23,4,0.0028,118335,83.4
4417,Koyaze,4,0.0028,118339,83.4
4418,Kurushi,4,0.0028,118343,83.4
4419,Kuuraidezu,4,0.0028,118347,83.41
4420,Kyrel_,4,0.0028,118351,83.41
4421,LFMX,4,0.0028,118355,83.41
4422,Lacike,4,0.0028,118359,83.42
4423,Ladylalitafantasyart,4,0.0028,118363,83.42
4424,Lahtineer,4,0.0028,118367,83.42
4425,LandeQingqing,4,0.0028,118371,83.42
4426,LangdonAlger,4,0.0028,118375,83.43
4427,LarsesFPC,4,0.0028,118379,83.43
4428,LazyMongrel,4,0.0028,118383,83.43
4429,Learbih,4,0.0028,118387,83.44
4430,LittleApe,4,0.0028,118391,83.44
4431,LittleJelly,4,0.0028,118395,83.44
4432,Lizarus_Naga,4,0.0028,118399,83.44
4433,LocalMan,4,0.0028,118403,83.45
4434,LordBrapSniff,4,0.0028,118407,83.45
4435,LoreDragon,4,0.0028,118411,83.45
4436,Loruma_Lendovron,4,0.0028,118415,83.46
4437,LostxBroken,4,0.0028,118419,83.46
4438,LovelyLife,4,0.0028,118423,83.46
4439,Lroldan85,4,0.0028,118427,83.46
4440,Lucy_Morningstar,4,0.0028,118431,83.47
4441,LumosMiao,4,0.0028,118435,83.47
4442,LunakWind,4,0.0028,118439,83.47
4443,MAFR98,4,0.0028,118443,83.48
4444,MOONSTAA,4,0.0028,118447,83.48
4445,MRGOD2281,4,0.0028,118451,83.48
4446,MSJNSFW,4,0.0028,118455,83.48
4447,M_K_V,4,0.0028,118459,83.49
4448,Machine000,4,0.0028,118463,83.49
4449,MafiapauCZE,4,0.0028,118467,83.49
4450,MaiiaM,4,0.0028,118471,83.49
4451,ManInTree,4,0.0028,118475,83.5
4452,Mapasheai,4,0.0028,118479,83.5
4453,Markowka412,4,0.0028,118483,83.5
4454,Master_of_femboys,4,0.0028,118487,83.51
4455,MattBoy,4,0.0028,118491,83.51
4456,MaxDanyel,4,0.0028,118495,83.51
4457,Maximo666,4,0.0028,118499,83.51
4458,Me007gold,4,0.0028,118503,83.52
4459,MeghanTheImpure,4,0.0028,118507,83.52
4460,MeowsZ,4,0.0028,118511,83.52
4461,Midnightkidnaper,4,0.0028,118515,83.53
4462,Milkplus,4,0.0028,118519,83.53
4463,MillieSimp,4,0.0028,118523,83.53
4464,Mindful_Miner,4,0.0028,118527,83.53
4465,MirrorOnTheGlock,4,0.0028,118531,83.54
4466,MisterPandaAI1989,4,0.0028,118535,83.54
4467,Mo0n,4,0.0028,118539,83.54
4468,Moores,4,0.0028,118543,83.55
4469,Morupo,4,0.0028,118547,83.55
4470,MotherGoddess,4,0.0028,118551,83.55
4471,MrDragon25,4,0.0028,118555,83.55
4472,MrWing,4,0.0028,118559,83.56
4473,MuscMorph,4,0.0028,118563,83.56
4474,Musess,4,0.0028,118567,83.56
4475,MyChocolateRomance,4,0.0028,118571,83.57
4476,NARARILAI,4,0.0028,118575,83.57
4477,NMISNEVTS,4,0.0028,118579,83.57
4478,Nagasakki,4,0.0028,118583,83.57
4479,NateDogg85,4,0.0028,118587,83.58
4480,NaughtyAldui,4,0.0028,118591,83.58
4481,Neco_Sage,4,0.0028,118595,83.58
4482,NekoShiro,4,0.0028,118599,83.59
4483,Neruuz,4,0.0028,118603,83.59
4484,NeverWeather,4,0.0028,118607,83.59
4485,NewGuy112,4,0.0028,118611,83.59
4486,New_Aera,4,0.0028,118615,83.6
4487,Ninnuam,4,0.0028,118619,83.6
4488,NobodyofInterest_Official,4,0.0028,118623,83.6
4489,Nomo16,4,0.0028,118627,83.6
4490,NoneyaBiznis,4,0.0028,118631,83.61
4491,Noob_gogogo,4,0.0028,118635,83.61
4492,Noobvich,4,0.0028,118639,83.61
4493,Noverthink,4,0.0028,118643,83.62
4494,NullNull2,4,0.0028,118647,83.62
4495,Null_ai_director,4,0.0028,118651,83.62
4496,OHSKR,4,0.0028,118655,83.62
4497,OPPAAA,4,0.0028,118659,83.63
4498,OlegFav,4,0.0028,118663,83.63
4499,Ookamiiii,4,0.0028,118667,83.63
4500,Ototuns,4,0.0028,118671,83.64
4501,PHDSauce,4,0.0028,118675,83.64
4502,PascalLover,4,0.0028,118679,83.64
4503,Passionlip13,4,0.0028,118683,83.64
4504,PcheAI,4,0.0028,118687,83.65
4505,Peety0706,4,0.0028,118691,83.65
4506,Pepe98,4,0.0028,118695,83.65
4507,PeppermintRoll,4,0.0028,118699,83.66
4508,Pervert01,4,0.0028,118703,83.66
4509,PervyCat,4,0.0028,118707,83.66
4510,PhantomS232,4,0.0028,118711,83.66
4511,PineAmbassador,4,0.0028,118715,83.67
4512,PizzaRex,4,0.0028,118719,83.67
4513,PlaZmaDragon,4,0.0028,118723,83.67
4514,PlagueDogAI,4,0.0028,118727,83.68
4515,Playerx123456,4,0.0028,118731,83.68
4516,Pleased_Chomusuke,4,0.0028,118735,83.68
4517,Pokefan,4,0.0028,118739,83.68
4518,Pol978SDA,4,0.0028,118743,83.69
4519,PolarBear2000,4,0.0028,118747,83.69
4520,PonyDiffUser,4,0.0028,118751,83.69
4521,Ponygirl_Scarlet,4,0.0028,118755,83.7
4522,Poploll,4,0.0028,118759,83.7
4523,Posrai,4,0.0028,118763,83.7
4524,Powidl43,4,0.0028,118767,83.7
4525,PremierAruthurcrat,4,0.0028,118771,83.71
4526,Princess_Fluttershy,4,0.0028,118775,83.71
4527,Proteinique,4,0.0028,118779,83.71
4528,PuffleDreemurr,4,0.0028,118783,83.71
4529,PurpleWeasel,4,0.0028,118787,83.72
4530,Px_Pecs,4,0.0028,118791,83.72
4531,Pxlsan,4,0.0028,118795,83.72
4532,Qhrome,4,0.0028,118799,83.73
4533,QueenIS,4,0.0028,118803,83.73
4534,QueenZu,4,0.0028,118807,83.73
4535,Quegster,4,0.0028,118811,83.73
4536,R3DUX,4,0.0028,118815,83.74
4537,Ragnareku,4,0.0028,118819,83.74
4538,RandomNoises,4,0.0028,118823,83.74
4539,RariFan,4,0.0028,118827,83.75
4540,Rawerr,4,0.0028,118831,83.75
4541,RazorSharp274,4,0.0028,118835,83.75
4542,Real2Fake,4,0.0028,118839,83.75
4543,RedRayz,4,0.0028,118843,83.76
4544,RegretfulLlama,4,0.0028,118847,83.76
4545,Restart_error,4,0.0028,118851,83.76
4546,ReturnOfForgoten,4,0.0028,118855,83.77
4547,Riskybiznu,4,0.0028,118859,83.77
4548,RobustGoddessArt,4,0.0028,118863,83.77
4549,Romangelo,4,0.0028,118867,83.77
4550,Ronald1813_0,4,0.0028,118871,83.78
4551,RuubyAI,4,0.0028,118875,83.78
4552,S0J,4,0.0028,118879,83.78
4553,SD_Test_user,4,0.0028,118883,83.79
4554,SadBrazillian,4,0.0028,118887,83.79
4555,Sailem,4,0.0028,118891,83.79
4556,Saito_24,4,0.0028,118895,83.79
4557,Saltedhojj,4,0.0028,118899,83.8
4558,Samson07,4,0.0028,118903,83.8
4559,Sanjuro_Tsubaki,4,0.0028,118907,83.8
4560,Saruhey,4,0.0028,118911,83.81
4561,Schoenr,4,0.0028,118915,83.81
4562,ScratchyStar,4,0.0028,118919,83.81
4563,SecondDinner,4,0.0028,118923,83.81
4564,See,4,0.0028,118927,83.82
4565,Seeker70,4,0.0028,118931,83.82
4566,SeekerOfTheThicc,4,0.0028,118935,83.82
4567,Senhadaconta2,4,0.0028,118939,83.82
4568,SenorPizza,4,0.0028,118943,83.83
4569,Shenrui_Ma,4,0.0028,118947,83.83
4570,ShocksOnDeck,4,0.0028,118951,83.83
4571,Sigma010,4,0.0028,118955,83.84
4572,Simisir,4,0.0028,118959,83.84
4573,Sincognito,4,0.0028,118963,83.84
4574,Sinsinn,4,0.0028,118967,83.84
4575,Sintar_057,4,0.0028,118971,83.85
4576,Size_Difference_McGee,4,0.0028,118975,83.85
4577,SketchyAang,4,0.0028,118979,83.85
4578,Sketiku,4,0.0028,118983,83.86
4579,Skormino,4,0.0028,118987,83.86
4580,SkullBaron,4,0.0028,118991,83.86
4581,SmockVR,4,0.0028,118995,83.86
4582,SocalDiva1776,4,0.0028,118999,83.87
4583,Someone97421,4,0.0028,119003,83.87
4584,Sorbet101,4,0.0028,119007,83.87
4585,Soup_Fusion,4,0.0028,119011,83.88
4586,Sozin,4,0.0028,119015,83.88
4587,Sparta49,4,0.0028,119019,83.88
4588,Spaze42,4,0.0028,119023,83.88
4589,SpeedyBudgie,4,0.0028,119027,83.89
4590,Speedymcsppederzen,4,0.0028,119031,83.89
4591,Srfarter,4,0.0028,119035,83.89
4592,StableVibrations,4,0.0028,119039,83.9
4593,Stefanius,4,0.0028,119043,83.9
4594,Stinkek,4,0.0028,119047,83.9
4595,Stone808,4,0.0028,119051,83.9
4596,StoryRighter1331,4,0.0028,119055,83.91
4597,SuceSuce,4,0.0028,119059,83.91
4598,SultryFlux,4,0.0028,119063,83.91
4599,SummerGaming,4,0.0028,119067,83.92
4600,Suttinjay,4,0.0028,119071,83.92
4601,SwampGas,4,0.0028,119075,83.92
4602,Syimbiote,4,0.0028,119079,83.92
4603,SynthCelebreaker,4,0.0028,119083,83.93
4604,TANKqwq,4,0.0028,119087,83.93
4605,TB123123,4,0.0028,119091,83.93
4606,Tanosso,4,0.0028,119095,83.93
4607,Tanukibuki,4,0.0028,119099,83.94
4608,Teapose,4,0.0028,119103,83.94
4609,Tegmen,4,0.0028,119107,83.94
4610,TemporaryVisit0063,4,0.0028,119111,83.95
4611,TemptingSenpai,4,0.0028,119115,83.95
4612,Terahertz,4,0.0028,119119,83.95
4613,ThatSeriousGuy,4,0.0028,119123,83.95
4614,TheAbsol_ument,4,0.0028,119127,83.96
4615,TheHeavyOne,4,0.0028,119131,83.96
4616,TheLuckyBunny,4,0.0028,119135,83.96
4617,ThePDawg,4,0.0028,119139,83.97
4618,TheSixFingeredMan,4,0.0028,119143,83.97
4619,Thechachi,4,0.0028,119147,83.97
4620,Thekkermen,4,0.0028,119151,83.97
4621,Theriddlei,4,0.0028,119155,83.98
4622,ThicRogue,4,0.0028,119159,83.98
4623,Thomred,4,0.0028,119163,83.98
4624,Thotfactory,4,0.0028,119167,83.99
4625,Three3tree,4,0.0028,119171,83.99
4626,Thrill7,4,0.0028,119175,83.99
4627,Tib_lo,4,0.0028,119179,83.99
4628,TipsWelcome,4,0.0028,119183,84.0
4629,TrueKringe,4,0.0028,119187,84.0
4630,True_Ninja,4,0.0028,119191,84.0
4631,USD00,4,0.0028,119195,84.01
4632,UglyBoyPlg,4,0.0028,119199,84.01
4633,Unhing3d,4,0.0028,119203,84.01
4634,UntamedCurves,4,0.0028,119207,84.01
4635,Usmangooner,4,0.0028,119211,84.02
4636,UwUCivit,4,0.0028,119215,84.02
4637,VHS_downbad,4,0.0028,119219,84.02
4638,ValkArt,4,0.0028,119223,84.02
4639,VankyPanky96,4,0.0028,119227,84.03
4640,Vatlerz,4,0.0028,119231,84.03
4641,Victorcae,4,0.0028,119235,84.03
4642,Vilen_Grime,4,0.0028,119239,84.04
4643,VisionaryAI_Studio,4,0.0028,119243,84.04
4644,Vivid_dream,4,0.0028,119247,84.04
4645,VoltorReaper,4,0.0028,119251,84.04
4646,Vordana,4,0.0028,119255,84.05
4647,VoreGod,4,0.0028,119259,84.05
4648,Vudoll360,4,0.0028,119263,84.05
4649,WaifuCrafter,4,0.0028,119267,84.06
4650,WankerWolf,4,0.0028,119271,84.06
4651,WarTorn54,4,0.0028,119275,84.06
4652,WhiteZ,4,0.0028,119279,84.06
4653,WhoKilledReno,4,0.0028,119283,84.07
4654,WiseMatronAI,4,0.0028,119287,84.07
4655,Wizardludas,4,0.0028,119291,84.07
4656,Wizzi131,4,0.0028,119295,84.08
4657,Wolfie2358,4,0.0028,119299,84.08
4658,Wolfsangel,4,0.0028,119303,84.08
4659,Working_on_name,4,0.0028,119307,84.08
4660,XAStudio,4,0.0028,119311,84.09
4661,XXXNOAHXXX,4,0.0028,119315,84.09
4662,Xellia,4,0.0028,119319,84.09
4663,Xenatik,4,0.0028,119323,84.1
4664,Xentor,4,0.0028,119327,84.1
4665,Xirago,4,0.0028,119331,84.1
4666,XplicitContent,4,0.0028,119335,84.1
4667,Xsmerelda,4,0.0028,119339,84.11
4668,Xynnn,4,0.0028,119343,84.11
4669,Ybabymor,4,0.0028,119347,84.11
4670,YeahOrNot,4,0.0028,119351,84.12
4671,Yeahornot,4,0.0028,119355,84.12
4672,YikaPanic,4,0.0028,119359,84.12
4673,YumeMiru,4,0.0028,119363,84.12
4674,ZDV,4,0.0028,119367,84.13
4675,ZZ_Mop,4,0.0028,119371,84.13
4676,Zaxxx11,4,0.0028,119375,84.13
4677,Zeddd,4,0.0028,119379,84.13
4678,Zenpand,4,0.0028,119383,84.14
4679,ZephyrLabs,4,0.0028,119387,84.14
4680,ZeroRestraints,4,0.0028,119391,84.14
4681,ZiejaPropsOriginals,4,0.0028,119395,84.15
4682,Zignack,4,0.0028,119399,84.15
4683,ZurikichiRampage,4,0.0028,119403,84.15
4684,_Chains,4,0.0028,119407,84.15
4685,_Species8472_,4,0.0028,119411,84.16
4686,a970685107950,4,0.0028,119415,84.16
4687,aaron13400306,4,0.0028,119419,84.16
4688,aasvvs123753,4,0.0028,119423,84.17
4689,abaoaqu1919,4,0.0028,119427,84.17
4690,abowkrass,4,0.0028,119431,84.17
4691,admin430,4,0.0028,119435,84.17
4692,aeolipile95301852,4,0.0028,119439,84.18
4693,afterdarkpro,4,0.0028,119443,84.18
4694,ahoge5433,4,0.0028,119447,84.18
4695,aidarcy,4,0.0028,119451,84.19
4696,aigenie32,4,0.0028,119455,84.19
4697,aiguyernest,4,0.0028,119459,84.19
4698,aiolia951753493,4,0.0028,119463,84.19
4699,ajfivefive727,4,0.0028,119467,84.2
4700,akira884,4,0.0028,119471,84.2
4701,alejnd77,4,0.0028,119475,84.2
4702,alfasnew,4,0.0028,119479,84.21
4703,alienjacksonlee,4,0.0028,119483,84.21
4704,alltherest,4,0.0028,119487,84.21
4705,allwatch,4,0.0028,119491,84.21
4706,alohasista1,4,0.0028,119495,84.22
4707,alona_chemerys,4,0.0028,119499,84.22
4708,amilo,4,0.0028,119503,84.22
4709,amon7vt960,4,0.0028,119507,84.23
4710,angahhebat43289,4,0.0028,119511,84.23
4711,animegeek79477,4,0.0028,119515,84.23
4712,anonimous1212comeback,4,0.0028,119519,84.23
4713,anonymous398,4,0.0028,119523,84.24
4714,anynameus,4,0.0028,119527,84.24
4715,appcooldude283,4,0.0028,119531,84.24
4716,arielfckproductions336,4,0.0028,119535,84.24
4717,artegris,4,0.0028,119539,84.25
4718,ashigikyo,4,0.0028,119543,84.25
4719,aspie_py,4,0.0028,119547,84.25
4720,aticc,4,0.0028,119551,84.26
4721,avatarAdam,4,0.0028,119555,84.26
4722,aysegul1,4,0.0028,119559,84.26
4723,azalea_chan,4,0.0028,119563,84.26
4724,azist,4,0.0028,119567,84.27
4725,b0008,4,0.0028,119571,84.27
4726,bababisca,4,0.0028,119575,84.27
4727,bcantdo265,4,0.0028,119579,84.28
4728,bdb94,4,0.0028,119583,84.28
4729,bearg5738666,4,0.0028,119587,84.28
4730,bekahstuck5122,4,0.0028,119591,84.28
4731,bikingsquid,4,0.0028,119595,84.29
4732,bithu,4,0.0028,119599,84.29
4733,bizzyb1220,4,0.0028,119603,84.29
4734,bl0nk,4,0.0028,119607,84.3
4735,blackestherring,4,0.0028,119611,84.3
4736,blapblappeti883,4,0.0028,119615,84.3
4737,blareariana996693,4,0.0028,119619,84.3
4738,bleep,4,0.0028,119623,84.31
4739,blo01,4,0.0028,119627,84.31
4740,blue_N_blue,4,0.0028,119631,84.31
4741,bluebable61705,4,0.0028,119635,84.32
4742,bononono94,4,0.0028,119639,84.32
4743,brinexian594,4,0.0028,119643,84.32
4744,bullrun1861fr527,4,0.0028,119647,84.32
4745,bullyyunwing996,4,0.0028,119651,84.33
4746,buttonedup1isee30,4,0.0028,119655,84.33
4747,c0ur4ge,4,0.0028,119659,84.33
4748,carester508,4,0.0028,119663,84.34
4749,catinex,4,0.0028,119667,84.34
4750,chaosorb69,4,0.0028,119671,84.34
4751,chinbro,4,0.0028,119675,84.34
4752,ck138369,4,0.0028,119679,84.35
4753,cliang96844,4,0.0028,119683,84.35
4754,cocoaballking,4,0.0028,119687,84.35
4755,cranpeach,4,0.0028,119691,84.35
4756,crysis27,4,0.0028,119695,84.36
4757,cuddleshtf,4,0.0028,119699,84.36
4758,cybranstrike580,4,0.0028,119703,84.36
4759,d6666,4,0.0028,119707,84.37
4760,dagrum,4,0.0028,119711,84.37
4761,dainamoarmor517,4,0.0028,119715,84.37
4762,damiwolfer,4,0.0028,119719,84.37
4763,danaelferv635,4,0.0028,119723,84.38
4764,dandy4,4,0.0028,119727,84.38
4765,dannyboi588922,4,0.0028,119731,84.38
4766,daoyiyue902,4,0.0028,119735,84.39
4767,darkfantom,4,0.0028,119739,84.39
4768,darklnbot003,4,0.0028,119743,84.39
4769,davemitchell8854580,4,0.0028,119747,84.39
4770,davids986,4,0.0028,119751,84.4
4771,dawuya,4,0.0028,119755,84.4
4772,dbutz333145,4,0.0028,119759,84.4
4773,dcgohard,4,0.0028,119763,84.41
4774,dcgruh,4,0.0028,119767,84.41
4775,deco11,4,0.0028,119771,84.41
4776,denchik666228635,4,0.0028,119775,84.41
4777,devinb,4,0.0028,119779,84.42
4778,devon_rex18406,4,0.0028,119783,84.42
4779,diegofr25247,4,0.0028,119787,84.42
4780,dingbill95,4,0.0028,119791,84.43
4781,dino308gt4238,4,0.0028,119795,84.43
4782,dinodino11,4,0.0028,119799,84.43
4783,dividebythree,4,0.0028,119803,84.43
4784,djnastymagic,4,0.0028,119807,84.44
4785,djwolf3,4,0.0028,119811,84.44
4786,dmOrmon,4,0.0028,119815,84.44
4787,dmaster3219001,4,0.0028,119819,84.44
4788,dngstn32,4,0.0028,119823,84.45
4789,dnllols,4,0.0028,119827,84.45
4790,doomkingbalerdrach,4,0.0028,119831,84.45
4791,dootl,4,0.0028,119835,84.46
4792,dotmario,4,0.0028,119839,84.46
4793,dracoleerose,4,0.0028,119843,84.46
4794,dragon277,4,0.0028,119847,84.46
4795,drauxdio,4,0.0028,119851,84.47
4796,drboobs9999458,4,0.0028,119855,84.47
4797,dustystu,4,0.0028,119859,84.47
4798,eedeeedede,4,0.0028,119863,84.48
4799,ekimu,4,0.0028,119867,84.48
4800,elmexicanuzu,4,0.0028,119871,84.48
4801,elphkun,4,0.0028,119875,84.48
4802,elramostm,4,0.0028,119879,84.49
4803,emilkwok,4,0.0028,119883,84.49
4804,eroneko0001,4,0.0028,119887,84.49
4805,falb10in,4,0.0028,119891,84.5
4806,fallenwocky758,4,0.0028,119895,84.5
4807,fapwaifu,4,0.0028,119899,84.5
4808,felhas340,4,0.0028,119903,84.5
4809,felipelatonga673,4,0.0028,119907,84.51
4810,fighttobdsm,4,0.0028,119911,84.51
4811,finitefires,4,0.0028,119915,84.51
4812,firefox_,4,0.0028,119919,84.52
4813,focalficale748,4,0.0028,119923,84.52
4814,fox23vang226,4,0.0028,119927,84.52
4815,fozea60229,4,0.0028,119931,84.52
4816,fpondsss773,4,0.0028,119935,84.53
4817,freespace1450,4,0.0028,119939,84.53
4818,frief,4,0.0028,119943,84.53
4819,fuinypain,4,0.0028,119947,84.54
4820,fujoshiWarrior14,4,0.0028,119951,84.54
4821,furryfetishes,4,0.0028,119955,84.54
4822,furyon,4,0.0028,119959,84.54
4823,furyonesixone,4,0.0028,119963,84.55
4824,galaxyprojects,4,0.0028,119967,84.55
4825,gamermoment1932,4,0.0028,119971,84.55
4826,garevad,4,0.0028,119975,84.55
4827,gemavibes883,4,0.0028,119979,84.56
4828,ghhkbr0209,4,0.0028,119983,84.56
4829,ghostscorpion,4,0.0028,119987,84.56
4830,giornogiovannajo4423,4,0.0028,119991,84.57
4831,gladiator7904,4,0.0028,119995,84.57
4832,go6sex,4,0.0028,119999,84.57
4833,gochujangspam,4,0.0028,120003,84.57
4834,gojosensei777,4,0.0028,120007,84.58
4835,good_dragons,4,0.0028,120011,84.58
4836,goooguy,4,0.0028,120015,84.58
4837,hackuruni71,4,0.0028,120019,84.59
4838,hanal3ly,4,0.0028,120023,84.59
4839,happyhen,4,0.0028,120027,84.59
4840,hat3330,4,0.0028,120031,84.59
4841,hawsdavis455,4,0.0028,120035,84.6
4842,hdhayes001432,4,0.0028,120039,84.6
4843,hermitager,4,0.0028,120043,84.6
4844,hestia,4,0.0028,120047,84.61
4845,hiu183198700,4,0.0028,120051,84.61
4846,hjhf,4,0.0028,120055,84.61
4847,hlx_ai,4,0.0028,120059,84.61
4848,hotwifecomix972,4,0.0028,120063,84.62
4849,houta,4,0.0028,120067,84.62
4850,huanmielong,4,0.0028,120071,84.62
4851,huchukato,4,0.0028,120075,84.63
4852,hwenjoyer,4,0.0028,120079,84.63
4853,hwlaura144,4,0.0028,120083,84.63
4854,hwmo,4,0.0028,120087,84.63
4855,hyoui093,4,0.0028,120091,84.64
4856,hypno5869,4,0.0028,120095,84.64
4857,hypper,4,0.0028,120099,84.64
4858,ichi_sk,4,0.0028,120103,84.65
4859,in77210mosk,4,0.0028,120107,84.65
4860,infamous__fish,4,0.0028,120111,84.65
4861,infenofusion,4,0.0028,120115,84.65
4862,inferno_neteri,4,0.0028,120119,84.66
4863,internetsuccess100,4,0.0028,120123,84.66
4864,ivanoah,4,0.0028,120127,84.66
4865,ixalon,4,0.0028,120131,84.66
4866,jajajajakuajajaja904,4,0.0028,120135,84.67
4867,jazzrap3,4,0.0028,120139,84.67
4868,jeh88615,4,0.0028,120143,84.67
4869,jhfgo16589,4,0.0028,120147,84.68
4870,jimmy842022970,4,0.0028,120151,84.68
4871,jksdustin196,4,0.0028,120155,84.68
4872,jmon4804,4,0.0028,120159,84.68
4873,joklop,4,0.0028,120163,84.69
4874,jonallen691162,4,0.0028,120167,84.69
4875,jsmith198497814,4,0.0028,120171,84.69
4876,justafish,4,0.0028,120175,84.7
4877,jvriss,4,0.0028,120179,84.7
4878,kaijung,4,0.0028,120183,84.7
4879,kakokihanana835,4,0.0028,120187,84.7
4880,kapth232,4,0.0028,120191,84.71
4881,karetai,4,0.0028,120195,84.71
4882,kaztor08,4,0.0028,120199,84.71
4883,kd9590,4,0.0028,120203,84.72
4884,keepernobody,4,0.0028,120207,84.72
4885,keirproductions173,4,0.0028,120211,84.72
4886,keranb,4,0.0028,120215,84.72
4887,kestinek,4,0.0028,120219,84.73
4888,kevinjansen17724,4,0.0028,120223,84.73
4889,khorosho8,4,0.0028,120227,84.73
4890,kimera22,4,0.0028,120231,84.74
4891,kitiai2084,4,0.0028,120235,84.74
4892,kiyohimelover,4,0.0028,120239,84.74
4893,knee0428,4,0.0028,120243,84.74
4894,knoedelmeister,4,0.0028,120247,84.75
4895,knxo,4,0.0028,120251,84.75
4896,konflikti,4,0.0028,120255,84.75
4897,kooo123,4,0.0028,120259,84.76
4898,korje129784,4,0.0028,120263,84.76
4899,kosko99,4,0.0028,120267,84.76
4900,kplfashion204,4,0.0028,120271,84.76
4901,kuma3gou,4,0.0028,120275,84.77
4902,kyvafu159,4,0.0028,120279,84.77
4903,laloca3993,4,0.0028,120283,84.77
4904,laoyb,4,0.0028,120287,84.77
4905,laverock,4,0.0028,120291,84.78
4906,laye,4,0.0028,120295,84.78
4907,lazerblazer,4,0.0028,120299,84.78
4908,lazylora,4,0.0028,120303,84.79
4909,leutzin151,4,0.0028,120307,84.79
4910,liuwenming1992423,4,0.0028,120311,84.79
4911,lolzuera000007,4,0.0028,120315,84.79
4912,lolzuera0007495,4,0.0028,120319,84.8
4913,lolzuerawww825,4,0.0028,120323,84.8
4914,losfez0202695,4,0.0028,120327,84.8
4915,lsdmixxx321,4,0.0028,120331,84.81
4916,lta0720,4,0.0028,120335,84.81
4917,lucanna,4,0.0028,120339,84.81
4918,luisanna985820,4,0.0028,120343,84.81
4919,m99,4,0.0028,120347,84.82
4920,madarasukuna,4,0.0028,120351,84.82
4921,madasmadda,4,0.0028,120355,84.82
4922,maexxis,4,0.0028,120359,84.83
4923,mahtabulous,4,0.0028,120363,84.83
4924,martinffm,4,0.0028,120367,84.83
4925,mathsorgy527,4,0.0028,120371,84.83
4926,maxwellhurlock386,4,0.0028,120375,84.84
4927,mayorlionhunk2016733,4,0.0028,120379,84.84
4928,megaloz,4,0.0028,120383,84.84
4929,megidd055,4,0.0028,120387,84.85
4930,mejooono,4,0.0028,120391,84.85
4931,meliu87736,4,0.0028,120395,84.85
4932,metaltakaki9432,4,0.0028,120399,84.85
4933,mewmewmiku,4,0.0028,120403,84.86
4934,mgmsalias,4,0.0028,120407,84.86
4935,mgmsalias611,4,0.0028,120411,84.86
4936,minato_3710,4,0.0028,120415,84.87
4937,minimum_chips,4,0.0028,120419,84.87
4938,mioi,4,0.0028,120423,84.87
4939,mirupisu0329645,4,0.0028,120427,84.87
4940,mjrstx,4,0.0028,120431,84.88
4941,mm2324,4,0.0028,120435,84.88
4942,mmmilk,4,0.0028,120439,84.88
4943,mozarte,4,0.0028,120443,84.88
4944,mrp0tter,4,0.0028,120447,84.89
4945,mryo64,4,0.0028,120451,84.89
4946,mvxnmvsss,4,0.0028,120455,84.89
4947,nadler1986624,4,0.0028,120459,84.9
4948,needleskane,4,0.0028,120463,84.9
4949,neiotik,4,0.0028,120467,84.9
4950,neozkaho,4,0.0028,120471,84.9
4951,neugebauer84,4,0.0028,120475,84.91
4952,neutrino,4,0.0028,120479,84.91
4953,nikijiki0402,4,0.0028,120483,84.91
4954,ninnyninny,4,0.0028,120487,84.92
4955,niriton,4,0.0028,120491,84.92
4956,nirmalkris221b866,4,0.0028,120495,84.92
4957,nm065733846,4,0.0028,120499,84.92
4958,noname_sister,4,0.0028,120503,84.93
4959,noone553,4,0.0028,120507,84.93
4960,nousingmyai,4,0.0028,120511,84.93
4961,oeryon,4,0.0028,120515,84.94
4962,omnisaa,4,0.0028,120519,84.94
4963,oniraccoon986,4,0.0028,120523,84.94
4964,oooooooooj,4,0.0028,120527,84.94
4965,orev,4,0.0028,120531,84.95
4966,osdos204401,4,0.0028,120535,84.95
4967,paidsaturday860,4,0.0028,120539,84.95
4968,pam82639582,4,0.0028,120543,84.96
4969,panditafurry18828,4,0.0028,120547,84.96
4970,panpanchan,4,0.0028,120551,84.96
4971,panties2024,4,0.0028,120555,84.96
4972,paprikalem,4,0.0028,120559,84.97
4973,paralaif_xox,4,0.0028,120563,84.97
4974,pathAi,4,0.0028,120567,84.97
4975,peakywaifu,4,0.0028,120571,84.97
4976,perfectboobcollector,4,0.0028,120575,84.98
4977,phaze190,4,0.0028,120579,84.98
4978,phenoxide,4,0.0028,120583,84.98
4979,phildisaster,4,0.0028,120587,84.99
4980,pie_oh_pah,4,0.0028,120591,84.99
4981,pink03,4,0.0028,120595,84.99
4982,pink_fella,4,0.0028,120599,84.99
4983,pip_install_civitai,4,0.0028,120603,85.0
4984,pipipilinlin171,4,0.0028,120607,85.0
4985,pkmaster05842,4,0.0028,120611,85.0
4986,plan_truster,4,0.0028,120615,85.01
4987,plontof,4,0.0028,120619,85.01
4988,pnx972,4,0.0028,120623,85.01
4989,portweinshow,4,0.0028,120627,85.01
4990,pregfuns,4,0.0028,120631,85.02
4991,presidentialdragonubps448,4,0.0028,120635,85.02
4992,prim_monke_3,4,0.0028,120639,85.02
4993,proudstand28570,4,0.0028,120643,85.03
4994,pteradon,4,0.0028,120647,85.03
4995,pumpingdinosaur41223,4,0.0028,120651,85.03
4996,pyros_sd_models,4,0.0028,120655,85.03
4997,qiuqiu19147,4,0.0028,120659,85.04
4998,question__,4,0.0028,120663,85.04
4999,r08167902332,4,0.0028,120667,85.04
5000,ramins,4,0.0028,120671,85.05
5001,ranceo,4,0.0028,120675,85.05
5002,randomizer89,4,0.0028,120679,85.05
5003,redcayman69736,4,0.0028,120683,85.05
5004,redsand2686,4,0.0028,120687,85.06
5005,remgaming631,4,0.0028,120691,85.06
5006,revaton47719,4,0.0028,120695,85.06
5007,richardxd50,4,0.0028,120699,85.07
5008,rlwchars,4,0.0028,120703,85.07
5009,rocketbaseskater821,4,0.0028,120707,85.07
5010,rogerinhodj413165,4,0.0028,120711,85.07
5011,roser999,4,0.0028,120715,85.08
5012,rubengaido10989,4,0.0028,120719,85.08
5013,rw369744894,4,0.0028,120723,85.08
5014,ryanrex,4,0.0028,120727,85.08
5015,ryders333,4,0.0028,120731,85.09
5016,ryobacaano,4,0.0028,120735,85.09
5017,s0me51uff,4,0.0028,120739,85.09
5018,s4w3d0ff,4,0.0028,120743,85.1
5019,sadsilly,4,0.0028,120747,85.1
5020,salh,4,0.0028,120751,85.1
5021,sawamaguro,4,0.0028,120755,85.1
5022,saxman86,4,0.0028,120759,85.11
5023,scrimbywiggle,4,0.0028,120763,85.11
5024,sczakana,4,0.0028,120767,85.11
5025,sdg69,4,0.0028,120771,85.12
5026,sequel294,4,0.0028,120775,85.12
5027,sevenof9247,4,0.0028,120779,85.12
5028,sh29923,4,0.0028,120783,85.12
5029,shadefighting939,4,0.0028,120787,85.13
5030,shadowkoch36822,4,0.0028,120791,85.13
5031,shadowmasterfvs173,4,0.0028,120795,85.13
5032,shadowmoon007,4,0.0028,120799,85.14
5033,shadowtanuki20223033760,4,0.0028,120803,85.14
5034,shejiaomeidusha,4,0.0028,120807,85.14
5035,shidoki95686,4,0.0028,120811,85.14
5036,shinnotsubasa,4,0.0028,120815,85.15
5037,shion145,4,0.0028,120819,85.15
5038,simsim314,4,0.0028,120823,85.15
5039,sinoaha,4,0.0028,120827,85.16
5040,sinuhetheforth,4,0.0028,120831,85.16
5041,siran10,4,0.0028,120835,85.16
5042,siwovo8516825,4,0.0028,120839,85.16
5043,skbjijii,4,0.0028,120843,85.17
5044,skellman98296,4,0.0028,120847,85.17
5045,sletsdoit,4,0.0028,120851,85.17
5046,sliohell,4,0.0028,120855,85.18
5047,smegmaDEVIL,4,0.0028,120859,85.18
5048,smpro,4,0.0028,120863,85.18
5049,sneekycat007520,4,0.0028,120867,85.18
5050,snoopingno3507,4,0.0028,120871,85.19
5051,socc22,4,0.0028,120875,85.19
5052,socknrolla69,4,0.0028,120879,85.19
5053,softback123,4,0.0028,120883,85.19
5054,softboilegg3211,4,0.0028,120887,85.2
5055,somekat,4,0.0028,120891,85.2
5056,somoss,4,0.0028,120895,85.2
5057,sowma8w,4,0.0028,120899,85.21
5058,spb80088748,4,0.0028,120903,85.21
5059,spinolover,4,0.0028,120907,85.21
5060,stampcrab,4,0.0028,120911,85.21
5061,starrypon,4,0.0028,120915,85.22
5062,stoneificaunt,4,0.0028,120919,85.22
5063,sturmtruppen2121,4,0.0028,120923,85.22
5064,suketh209,4,0.0028,120927,85.23
5065,sunshinex,4,0.0028,120931,85.23
5066,surajabacon900,4,0.0028,120935,85.23
5067,surrealalucard166,4,0.0028,120939,85.23
5068,sw2468,4,0.0028,120943,85.24
5069,swando58,4,0.0028,120947,85.24
5070,sweetroll312,4,0.0028,120951,85.24
5071,sweettalk,4,0.0028,120955,85.25
5072,sycxbossart,4,0.0028,120959,85.25
5073,thatdamnedelf,4,0.0028,120963,85.25
5074,theWeirdChemist,4,0.0028,120967,85.25
5075,the_unknown,4,0.0028,120971,85.26
5076,theloraprodigy,4,0.0028,120975,85.26
5077,therat1200944,4,0.0028,120979,85.26
5078,therealabrahan,4,0.0028,120983,85.27
5079,theuzumakiedu,4,0.0028,120987,85.27
5080,thevaultxproject,4,0.0028,120991,85.27
5081,thianraymir688,4,0.0028,120995,85.27
5082,thisguyknows,4,0.0028,120999,85.28
5083,throatgoat530,4,0.0028,121003,85.28
5084,tizylizy,4,0.0028,121007,85.28
5085,tjoris9,4,0.0028,121011,85.29
5086,to_love,4,0.0028,121015,85.29
5087,totallusd777,4,0.0028,121019,85.29
5088,totolini,4,0.0028,121023,85.29
5089,traitorsluck,4,0.0028,121027,85.3
5090,trojancompany03366,4,0.0028,121031,85.3
5091,tsukasai11,4,0.0028,121035,85.3
5092,tunelcarpianolmao,4,0.0028,121039,85.3
5093,tyranomaster,4,0.0028,121043,85.31
5094,udin_illust,4,0.0028,121047,85.31
5095,ummmuhhh,4,0.0028,121051,85.31
5096,uwuhentaiman69,4,0.0028,121055,85.32
5097,uzuri,4,0.0028,121059,85.32
5098,vada6689,4,0.0028,121063,85.32
5099,valaatus,4,0.0028,121067,85.32
5100,vale777,4,0.0028,121071,85.33
5101,veigar94,4,0.0028,121075,85.33
5102,vork88,4,0.0028,121079,85.33
5103,w63725310859,4,0.0028,121083,85.34
5104,wbbbbb,4,0.0028,121087,85.34
5105,webvisionscreators,4,0.0028,121091,85.34
5106,werdna696,4,0.0028,121095,85.34
5107,whcwhcmao1745,4,0.0028,121099,85.35
5108,whimsicalsarah,4,0.0028,121103,85.35
5109,wiehhg_37,4,0.0028,121107,85.35
5110,wildfutas,4,0.0028,121111,85.36
5111,wqftvgkmol,4,0.0028,121115,85.36
5112,wubailou,4,0.0028,121119,85.36
5113,wuyizhou,4,0.0028,121123,85.36
5114,x0x0x0x0x0x0x,4,0.0028,121127,85.37
5115,xcmmb,4,0.0028,121131,85.37
5116,xenuform,4,0.0028,121135,85.37
5117,xhnhytdxghjjg_r,4,0.0028,121139,85.38
5118,xiantengtian38322,4,0.0028,121143,85.38
5119,xiaoshuaishi51529,4,0.0028,121147,85.38
5120,xooflckcl793,4,0.0028,121151,85.38
5121,xulienXIII,4,0.0028,121155,85.39
5122,xxxAicumgodxxx,4,0.0028,121159,85.39
5123,yellowpower,4,0.0028,121163,85.39
5124,yhdsa15,4,0.0028,121167,85.4
5125,young1basil981,4,0.0028,121171,85.4
5126,yueyefengyin169,4,0.0028,121175,85.4
5127,yuuichirohyakuya248,4,0.0028,121179,85.4
5128,yxmiler,4,0.0028,121183,85.41
5129,yyf2004,4,0.0028,121187,85.41
5130,zdd005546,4,0.0028,121191,85.41
5131,zerokool,4,0.0028,121195,85.41
5132,zhguuhuj181,4,0.0028,121199,85.42
5133,zodo,4,0.0028,121203,85.42
5134,zpsrks07132,4,0.0028,121207,85.42
5135,ztruxxer,4,0.0028,121211,85.43
5136,zxcvbnmqwerty817471,4,0.0028,121215,85.43
5137,zzangdaar,4,0.0028,121219,85.43
5138,121earth,3,0.0021,121222,85.43
5139,17cjr17386,3,0.0021,121225,85.44
5140,1808724437106,3,0.0021,121228,85.44
5141,2027773706561,3,0.0021,121231,85.44
5142,2070sissyqueen,3,0.0021,121234,85.44
5143,23jaha,3,0.0021,121237,85.44
5144,26400504933,3,0.0021,121240,85.45
5145,3153,3,0.0021,121243,85.45
5146,340283526418,3,0.0021,121246,85.45
5147,3agle,3,0.0021,121249,85.45
5148,64cheeseball,3,0.0021,121252,85.45
5149,746468175286,3,0.0021,121255,85.46
5150,838297506414,3,0.0021,121258,85.46
5151,840900443826,3,0.0021,121261,85.46
5152,8747928hp,3,0.0021,121264,85.46
5153,951097589952,3,0.0021,121267,85.47
5154,99coins,3,0.0021,121270,85.47
5155,AIDrawsForMe,3,0.0021,121273,85.47
5156,AIKira,3,0.0021,121276,85.47
5157,AIPansen,3,0.0021,121279,85.47
5158,AI_Only,3,0.0021,121282,85.48
5159,AP_07,3,0.0021,121285,85.48
5160,ARATHRON,3,0.0021,121288,85.48
5161,AcanthAI,3,0.0021,121291,85.48
5162,AceRimmer,3,0.0021,121294,85.48
5163,ActualGarbageCase,3,0.0021,121297,85.49
5164,AcumDist,3,0.0021,121300,85.49
5165,AdSomnium,3,0.0021,121303,85.49
5166,Ada321,3,0.0021,121306,85.49
5167,AdartseTnT,3,0.0021,121309,85.5
5168,Adel_AI,3,0.0021,121312,85.5
5169,Aeged,3,0.0021,121315,85.5
5170,Affictive,3,0.0021,121318,85.5
5171,AfterSomethings,3,0.0021,121321,85.5
5172,AiGen1234,3,0.0021,121324,85.51
5173,Ai_Art_Vision,3,0.0021,121327,85.51
5174,Aitael,3,0.0021,121330,85.51
5175,Aitakeover2030,3,0.0021,121333,85.51
5176,AkioShigeru,3,0.0021,121336,85.51
5177,Akoki,3,0.0021,121339,85.52
5178,Alan_Rex,3,0.0021,121342,85.52
5179,Alanmwl,3,0.0021,121345,85.52
5180,Alastor_,3,0.0021,121348,85.52
5181,AlchemyApprentice,3,0.0021,121351,85.52
5182,Aldernan,3,0.0021,121354,85.53
5183,Alephnatan,3,0.0021,121357,85.53
5184,Alex521,3,0.0021,121360,85.53
5185,AlexMeowler,3,0.0021,121363,85.53
5186,Alex_Banks,3,0.0021,121366,85.54
5187,Alfrero,3,0.0021,121369,85.54
5188,AliMo,3,0.0021,121372,85.54
5189,Amidthemidnight,3,0.0021,121375,85.54
5190,Amoral,3,0.0021,121378,85.54
5191,AmyWithers28,3,0.0021,121381,85.55
5192,AndrewVanMonet,3,0.0021,121384,85.55
5193,AngelDoggo,3,0.0021,121387,85.55
5194,Angelyael,3,0.0021,121390,85.55
5195,AnimeMan,3,0.0021,121393,85.55
5196,Anton291605,3,0.0021,121396,85.56
5197,Aobonian,3,0.0021,121399,85.56
5198,Aoku04,3,0.0021,121402,85.56
5199,Apyr,3,0.0021,121405,85.56
5200,ArSphere,3,0.0021,121408,85.56
5201,Arag0rn,3,0.0021,121411,85.57
5202,Arch777,3,0.0021,121414,85.57
5203,Archetto,3,0.0021,121417,85.57
5204,ArchiosS,3,0.0021,121420,85.57
5205,ArcticFoxNebula,3,0.0021,121423,85.58
5206,Aregorn4,3,0.0021,121426,85.58
5207,Artaz,3,0.0021,121429,85.58
5208,ArturoWolff,3,0.0021,121432,85.58
5209,AsaTyr,3,0.0021,121435,85.58
5210,AssPounder,3,0.0021,121438,85.59
5211,AstralNemesis,3,0.0021,121441,85.59
5212,Athalwolf1104,3,0.0021,121444,85.59
5213,AugustRxt,3,0.0021,121447,85.59
5214,AztliAcoatl,3,0.0021,121450,85.59
5215,B0untyx,3,0.0021,121453,85.6
5216,BADTRANS,3,0.0021,121456,85.6
5217,BB2099,3,0.0021,121459,85.6
5218,BCkiwi,3,0.0021,121462,85.6
5219,BLBLACK,3,0.0021,121465,85.61
5220,BLC2004,3,0.0021,121468,85.61
5221,BR19,3,0.0021,121471,85.61
5222,BaBesXX,3,0.0021,121474,85.61
5223,Baalial,3,0.0021,121477,85.61
5224,BabesOfYourDreams,3,0.0021,121480,85.62
5225,Baddream,3,0.0021,121483,85.62
5226,BakaNoWaifu,3,0.0021,121486,85.62
5227,Bakru,3,0.0021,121489,85.62
5228,BalaenaPBC,3,0.0021,121492,85.62
5229,Ballas,3,0.0021,121495,85.63
5230,BanditK,3,0.0021,121498,85.63
5231,BarrelFortress,3,0.0021,121501,85.63
5232,Basement_san,3,0.0021,121504,85.63
5233,BassLord,3,0.0021,121507,85.63
5234,Basty96,3,0.0021,121510,85.64
5235,Bcily,3,0.0021,121513,85.64
5236,BeardedPuff,3,0.0021,121516,85.64
5237,BeiriGunzari05,3,0.0021,121519,85.64
5238,Bejosnikun,3,0.0021,121522,85.65
5239,Belfang,3,0.0021,121525,85.65
5240,BelleZZZ,3,0.0021,121528,85.65
5241,Belleanh,3,0.0021,121531,85.65
5242,Benjamime141045,3,0.0021,121534,85.65
5243,Bennyboy830,3,0.0021,121537,85.66
5244,BernVerse,3,0.0021,121540,85.66
5245,BestWhenPadded,3,0.0021,121543,85.66
5246,BigRedBallsFromTarget,3,0.0021,121546,85.66
5247,BigWeebAncestor,3,0.0021,121549,85.66
5248,BiggerIsBetter,3,0.0021,121552,85.67
5249,Biotorch,3,0.0021,121555,85.67
5250,BitPicasso,3,0.0021,121558,85.67
5251,BlackMantis,3,0.0021,121561,85.67
5252,Blah0,3,0.0021,121564,85.67
5253,BlessedBooba,3,0.0021,121567,85.68
5254,Blindparty,3,0.0021,121570,85.68
5255,BlitzwagTheGremlin,3,0.0021,121573,85.68
5256,Blizzard264,3,0.0021,121576,85.68
5257,BloodRedKittie,3,0.0021,121579,85.69
5258,Blood_Type_O,3,0.0021,121582,85.69
5259,Bloodsuga,3,0.0021,121585,85.69
5260,Blooomag,3,0.0021,121588,85.69
5261,Bluespider94,3,0.0021,121591,85.69
5262,BobbyKnobby,3,0.0021,121594,85.7
5263,BodiPhanto0mOFC,3,0.0021,121597,85.7
5264,BookerBell,3,0.0021,121600,85.7
5265,BringMePeace,3,0.0021,121603,85.7
5266,Brodoe142,3,0.0021,121606,85.7
5267,Brouz,3,0.0021,121609,85.71
5268,BrunoTW7,3,0.0021,121612,85.71
5269,Bubbaman1111,3,0.0021,121615,85.71
5270,Bushwookiee,3,0.0021,121618,85.71
5271,ButtConnoisseur,3,0.0021,121621,85.71
5272,Bxwxnggag43,3,0.0021,121624,85.72
5273,Byrdmann18,3,0.0021,121627,85.72
5274,C4nnabis,3,0.0021,121630,85.72
5275,CGasmXarT,3,0.0021,121633,85.72
5276,CHAPSACK,3,0.0021,121636,85.73
5277,CIVITAITARO,3,0.0021,121639,85.73
5278,CXo,3,0.0021,121642,85.73
5279,CalciumElectricity,3,0.0021,121645,85.73
5280,Calisis271,3,0.0021,121648,85.73
5281,CallMeMaybe,3,0.0021,121651,85.74
5282,CandyCock,3,0.0021,121654,85.74
5283,CaptianChicken,3,0.0021,121657,85.74
5284,CarlosDareg,3,0.0021,121660,85.74
5285,Cauchy_not_Sorrow,3,0.0021,121663,85.74
5286,Centsei,3,0.0021,121666,85.75
5287,Ceylon_Ai,3,0.0021,121669,85.75
5288,Cffarles,3,0.0021,121672,85.75
5289,ChadPowers8092,3,0.0021,121675,85.75
5290,ChalexOtis,3,0.0021,121678,85.76
5291,ChaoGoGo,3,0.0021,121681,85.76
5292,Charybdis180,3,0.0021,121684,85.76
5293,ChickX,3,0.0021,121687,85.76
5294,Chocolate_Mochi,3,0.0021,121690,85.76
5295,Chumple,3,0.0021,121693,85.77
5296,Cindyerzz,3,0.0021,121696,85.77
5297,CivitaiProfile1,3,0.0021,121699,85.77
5298,Civitaiwolfxx,3,0.0021,121702,85.77
5299,Clint7,3,0.0021,121705,85.77
5300,Clyde_Wynknight,3,0.0021,121708,85.78
5301,Clydius,3,0.0021,121711,85.78
5302,Cobaltminer,3,0.0021,121714,85.78
5303,Code_Breaker_Umbra,3,0.0021,121717,85.78
5304,ColossusArt,3,0.0021,121720,85.78
5305,Coniglio_Bagnato,3,0.0021,121723,85.79
5306,Coolguy22722,3,0.0021,121726,85.79
5307,Corvidae088,3,0.0021,121729,85.79
5308,Cosmosmji,3,0.0021,121732,85.79
5309,Cougar_Trainer,3,0.0021,121735,85.8
5310,CrazySmile,3,0.0021,121738,85.8
5311,CreamCheese210,3,0.0021,121741,85.8
5312,CrimmoAI_NSFW,3,0.0021,121744,85.8
5313,CrunchyBanana,3,0.0021,121747,85.8
5314,CubeyAI,3,0.0021,121750,85.81
5315,Cubof,3,0.0021,121753,85.81
5316,Cupernicus,3,0.0021,121756,85.81
5317,CyberneticPotions,3,0.0021,121759,85.81
5318,Cyruus,3,0.0021,121762,85.81
5319,D0m1n0,3,0.0021,121765,85.82
5320,DAYAT1,3,0.0021,121768,85.82
5321,DYNAMIX,3,0.0021,121771,85.82
5322,D_G3N3R4T3,3,0.0021,121774,85.82
5323,Dabbza,3,0.0021,121777,85.82
5324,Dagger15,3,0.0021,121780,85.83
5325,DalekSkaro,3,0.0021,121783,85.83
5326,Damian_,3,0.0021,121786,85.83
5327,DanTheDirty,3,0.0021,121789,85.83
5328,DangerD,3,0.0021,121792,85.84
5329,DaniP00,3,0.0021,121795,85.84
5330,DarbyD357,3,0.0021,121798,85.84
5331,DarkFun,3,0.0021,121801,85.84
5332,DarkMoonlight,3,0.0021,121804,85.84
5333,DarkSideOfTheForce,3,0.0021,121807,85.85
5334,DarkZephyr,3,0.0021,121810,85.85
5335,Dark_infinity,3,0.0021,121813,85.85
5336,DarkestLust,3,0.0021,121816,85.85
5337,Darrow_andromedus,3,0.0021,121819,85.85
5338,DarthLoomis,3,0.0021,121822,85.86
5339,DarthObi,3,0.0021,121825,85.86
5340,DavidGalardi,3,0.0021,121828,85.86
5341,Daxxi,3,0.0021,121831,85.86
5342,Ddaru,3,0.0021,121834,85.87
5343,DemensKippy,3,0.0021,121837,85.87
5344,Dessth66,3,0.0021,121840,85.87
5345,Destinyfaux,3,0.0021,121843,85.87
5346,Devilslayer760,3,0.0021,121846,85.87
5347,DieselHex,3,0.0021,121849,85.88
5348,DigitalPastel,3,0.0021,121852,85.88
5349,Digital_Alembic_Flux,3,0.0021,121855,85.88
5350,Diodein,3,0.0021,121858,85.88
5351,DivineEndo,3,0.0021,121861,85.88
5352,Doc_workBox,3,0.0021,121864,85.89
5353,Doctor_Ai,3,0.0021,121867,85.89
5354,Dodo44444,3,0.0021,121870,85.89
5355,DoggoJa,3,0.0021,121873,85.89
5356,DollLover,3,0.0021,121876,85.89
5357,DonWolfer,3,0.0021,121879,85.9
5358,Donarman,3,0.0021,121882,85.9
5359,Donjy,3,0.0021,121885,85.9
5360,DonkBong,3,0.0021,121888,85.9
5361,DontLookDirect,3,0.0021,121891,85.91
5362,Douglajl,3,0.0021,121894,85.91
5363,DrAshtonAi,3,0.0021,121897,85.91
5364,DrMaxx,3,0.0021,121900,85.91
5365,DrMedic,3,0.0021,121903,85.91
5366,DrPuffinPhD,3,0.0021,121906,85.92
5367,DrWhut,3,0.0021,121909,85.92
5368,DragonusPrime,3,0.0021,121912,85.92
5369,DrakoEsteves,3,0.0021,121915,85.92
5370,Drconfused,3,0.0021,121918,85.92
5371,DreamExplorer,3,0.0021,121921,85.93
5372,Dreamota,3,0.0021,121924,85.93
5373,DrunkenFerret,3,0.0021,121927,85.93
5374,DubberButt,3,0.0021,121930,85.93
5375,DuckSiri,3,0.0021,121933,85.93
5376,DungDe95,3,0.0021,121936,85.94
5377,DunkingOnSoul,3,0.0021,121939,85.94
5378,Duwang13,3,0.0021,121942,85.94
5379,Dynamite,3,0.0021,121945,85.94
5380,Dysthymaeon,3,0.0021,121948,85.95
5381,ESOPsFABLES,3,0.0021,121951,85.95
5382,EXPERIMENT2,3,0.0021,121954,85.95
5383,EZSpectre,3,0.0021,121957,85.95
5384,EagleDriver,3,0.0021,121960,85.95
5385,EducationalAd3310468,3,0.0021,121963,85.96
5386,EfraJorge,3,0.0021,121966,85.96
5387,Egoist428,3,0.0021,121969,85.96
5388,ElHuevoCosmic,3,0.0021,121972,85.96
5389,Elegantbranch,3,0.0021,121975,85.96
5390,Ellumanet,3,0.0021,121978,85.97
5391,EllyBC,3,0.0021,121981,85.97
5392,ElvenEnjoyer,3,0.0021,121984,85.97
5393,Empoleor,3,0.0021,121987,85.97
5394,EnardTheAlien,3,0.0021,121990,85.98
5395,EnderKaziki,3,0.0021,121993,85.98
5396,EoFan,3,0.0021,121996,85.98
5397,Ereijtic,3,0.0021,121999,85.98
5398,Ereonix,3,0.0021,122002,85.98
5399,Eric07,3,0.0021,122005,85.99
5400,Ermagawd2233,3,0.0021,122008,85.99
5401,Ersatzteil,3,0.0021,122011,85.99
5402,Eteeming,3,0.0021,122014,85.99
5403,EternalLust,3,0.0021,122017,85.99
5404,EvelynHightower,3,0.0021,122020,86.0
5405,Exotherm,3,0.0021,122023,86.0
5406,FNF_GFLover_45,3,0.0021,122026,86.0
5407,F_ABLE,3,0.0021,122029,86.0
5408,FancyLad,3,0.0021,122032,86.0
5409,FauxAndCroe,3,0.0021,122035,86.01
5410,Favorably767,3,0.0021,122038,86.01
5411,Feettickler,3,0.0021,122041,86.01
5412,Fennek_,3,0.0021,122044,86.01
5413,FeruzZ,3,0.0021,122047,86.02
5414,Fistira,3,0.0021,122050,86.02
5415,Flip4NiK8,3,0.0021,122053,86.02
5416,Floniixcorn,3,0.0021,122056,86.02
5417,FloorInspector,3,0.0021,122059,86.02
5418,Fluffy_Pic,3,0.0021,122062,86.03
5419,FluxYouUp,3,0.0021,122065,86.03
5420,Fonfurn,3,0.0021,122068,86.03
5421,Forthighs,3,0.0021,122071,86.03
5422,Fracastor,3,0.0021,122074,86.03
5423,Freysyn,3,0.0021,122077,86.04
5424,FuckingNunWithAGun,3,0.0021,122080,86.04
5425,FudgeWorm,3,0.0021,122083,86.04
5426,FuenfFingerFaultier,3,0.0021,122086,86.04
5427,Funny_jock,3,0.0021,122089,86.04
5428,FurryMuscleEnthusiast,3,0.0021,122092,86.05
5429,Furryfy,3,0.0021,122095,86.05
5430,FusionCow,3,0.0021,122098,86.05
5431,Futalover069,3,0.0021,122101,86.05
5432,GGallan,3,0.0021,122104,86.06
5433,GTStackz,3,0.0021,122107,86.06
5434,GYY944,3,0.0021,122110,86.06
5435,Gaichu,3,0.0021,122113,86.06
5436,Galiflop,3,0.0021,122116,86.06
5437,Gatehacker,3,0.0021,122119,86.07
5438,GayAfGramsci,3,0.0021,122122,86.07
5439,GayLizardSpy,3,0.0021,122125,86.07
5440,Gayfurryfan,3,0.0021,122128,86.07
5441,GeminiStarforge,3,0.0021,122131,86.07
5442,Gensh,3,0.0021,122134,86.08
5443,GhostlyDiff,3,0.0021,122137,86.08
5444,GhostlyGaze,3,0.0021,122140,86.08
5445,GiantSkeleton69,3,0.0021,122143,86.08
5446,GoNaSaiChiTsu,3,0.0021,122146,86.08
5447,Goboto,3,0.0021,122149,86.09
5448,Goom1000,3,0.0021,122152,86.09
5449,GoonPlasticity,3,0.0021,122155,86.09
5450,Grandpa,3,0.0021,122158,86.09
5451,Graphos,3,0.0021,122161,86.1
5452,GreedyDoy,3,0.0021,122164,86.1
5453,Griknor,3,0.0021,122167,86.1
5454,Grimm0,3,0.0021,122170,86.1
5455,Grosse,3,0.0021,122173,86.1
5456,Grumpie,3,0.0021,122176,86.11
5457,Gubbins115,3,0.0021,122179,86.11
5458,GuponAi,3,0.0021,122182,86.11
5459,H299800,3,0.0021,122185,86.11
5460,HERE_I_COME,3,0.0021,122188,86.11
5461,HachigenAI,3,0.0021,122191,86.12
5462,Haiklu,3,0.0021,122194,86.12
5463,Halodri,3,0.0021,122197,86.12
5464,HandOfDoomAI,3,0.0021,122200,86.12
5465,Hanelin,3,0.0021,122203,86.13
5466,Haoming02,3,0.0021,122206,86.13
5467,Hayasaka_AI_,3,0.0021,122209,86.13
5468,HelloMotoHello,3,0.0021,122212,86.13
5469,HelluvaTime303030,3,0.0021,122215,86.13
5470,Helmet_Bro,3,0.0021,122218,86.14
5471,HelmetsAndMonsters,3,0.0021,122221,86.14
5472,Herastura,3,0.0021,122224,86.14
5473,HeyOhyou,3,0.0021,122227,86.14
5474,Hideroki,3,0.0021,122230,86.14
5475,Highjones,3,0.0021,122233,86.15
5476,HorineFou,3,0.0021,122236,86.15
5477,Howling_Wolf,3,0.0021,122239,86.15
5478,HriNO,3,0.0021,122242,86.15
5479,HugeThiccBootyLover,3,0.0021,122245,86.15
5480,HuitaoJia,3,0.0021,122248,86.16
5481,HuxFluxAi,3,0.0021,122251,86.16
5482,Huy45,3,0.0021,122254,86.16
5483,HyperSlvtai,3,0.0021,122257,86.16
5484,I21_026,3,0.0021,122260,86.17
5485,IA_HotFurs,3,0.0021,122263,86.17
5486,IGsauce,3,0.0021,122266,86.17
5487,IKnowThatWatchesMe,3,0.0021,122269,86.17
5488,ISWOR,3,0.0021,122272,86.17
5489,ITvovTI,3,0.0021,122275,86.18
5490,IUnknown,3,0.0021,122278,86.18
5491,IcouldIshould,3,0.0021,122281,86.18
5492,Ike72401,3,0.0021,122284,86.18
5493,Iloveai152002,3,0.0021,122287,86.18
5494,ImpishGhost,3,0.0021,122290,86.19
5495,InkMind,3,0.0021,122293,86.19
5496,Insult_to_Ninjary,3,0.0021,122296,86.19
5497,Ironvind,3,0.0021,122299,86.19
5498,IsThisAnAccount,3,0.0021,122302,86.19
5499,Isa22,3,0.0021,122305,86.2
5500,J0Chan,3,0.0021,122308,86.2
5501,J1B,3,0.0021,122311,86.2
5502,JE15,3,0.0021,122314,86.2
5503,JEUN_AI_MODEL,3,0.0021,122317,86.21
5504,JKf_05,3,0.0021,122320,86.21
5505,JMSN,3,0.0021,122323,86.21
5506,JackSimian,3,0.0021,122326,86.21
5507,Jc861,3,0.0021,122329,86.21
5508,Je_pete,3,0.0021,122332,86.22
5509,Jeep94271,3,0.0021,122335,86.22
5510,Jess_ai_ca,3,0.0021,122338,86.22
5511,Jimmies619,3,0.0021,122341,86.22
5512,Jimmyneutron69696969,3,0.0021,122344,86.22
5513,JoBiJo,3,0.0021,122347,86.23
5514,Johncage04,3,0.0021,122350,86.23
5515,Jonathan_Madison,3,0.0021,122353,86.23
5516,Jorf12,3,0.0021,122356,86.23
5517,Joseidazu,3,0.0021,122359,86.24
5518,Jossyless,3,0.0021,122362,86.24
5519,JthClasky,3,0.0021,122365,86.24
5520,JuicyJoy,3,0.0021,122368,86.24
5521,Julien_Fin,3,0.0021,122371,86.24
5522,JustARandomUploader,3,0.0021,122374,86.25
5523,Justice_Enjoyer,3,0.0021,122377,86.25
5524,K3p3Ph3t4,3,0.0021,122380,86.25
5525,Kalavith,3,0.0021,122383,86.25
5526,KalbyEaten,3,0.0021,122386,86.25
5527,KalothrineXu,3,0.0021,122389,86.26
5528,Kalzer89owl,3,0.0021,122392,86.26
5529,Kark,3,0.0021,122395,86.26
5530,KarmaIKun,3,0.0021,122398,86.26
5531,Kaymart,3,0.0021,122401,86.26
5532,KazShal,3,0.0021,122404,86.27
5533,Keiinetic,3,0.0021,122407,86.27
5534,Keksus,3,0.0021,122410,86.27
5535,Kemonothe5th,3,0.0021,122413,86.27
5536,Keremnator99,3,0.0021,122416,86.28
5537,Kharmht,3,0.0021,122419,86.28
5538,Kierkegaard420,3,0.0021,122422,86.28
5539,KijoyAL,3,0.0021,122425,86.28
5540,KindredAI,3,0.0021,122428,86.28
5541,KingofTF,3,0.0021,122431,86.29
5542,Kir666,3,0.0021,122434,86.29
5543,KisaragiKanje,3,0.0021,122437,86.29
5544,KittenLover,3,0.0021,122440,86.29
5545,Kiyusia,3,0.0021,122443,86.29
5546,Knightus_Ai,3,0.0021,122446,86.3
5547,Knightwulfmaster90,3,0.0021,122449,86.3
5548,Kottonsoupp,3,0.0021,122452,86.3
5549,Kreala,3,0.0021,122455,86.3
5550,Krueger3001,3,0.0021,122458,86.3
5551,KurenaiMirin,3,0.0021,122461,86.31
5552,Kushnushbushy,3,0.0021,122464,86.31
5553,LOBO_AZUL,3,0.0021,122467,86.31
5554,Lab_Mouse,3,0.0021,122470,86.31
5555,LarryHoover_BaZeD,3,0.0021,122473,86.32
5556,LastShadow13,3,0.0021,122476,86.32
5557,Laundy,3,0.0021,122479,86.32
5558,LazyTrainer,3,0.0021,122482,86.32
5559,Led123,3,0.0021,122485,86.32
5560,Leizer,3,0.0021,122488,86.33
5561,Lepus_Mind,3,0.0021,122491,86.33
5562,Lesarra,3,0.0021,122494,86.33
5563,Lestat77,3,0.0021,122497,86.33
5564,LewdbyteAI,3,0.0021,122500,86.33
5565,Lieutenant_Antilles,3,0.0021,122503,86.34
5566,Liviel,3,0.0021,122506,86.34
5567,LizzieM,3,0.0021,122509,86.34
5568,Lobo1992,3,0.0021,122512,86.34
5569,LoboMacro,3,0.0021,122515,86.35
5570,Lolimaster,3,0.0021,122518,86.35
5571,LopezTheWolf,3,0.0021,122521,86.35
5572,LorcanWooster4,3,0.0021,122524,86.35
5573,LordWacobain,3,0.0021,122527,86.35
5574,LoserLoverEquinox,3,0.0021,122530,86.36
5575,Lotsofcaps,3,0.0021,122533,86.36
5576,Loup_garou,3,0.0021,122536,86.36
5577,Loverboy2399,3,0.0021,122539,86.36
5578,Ludensecho,3,0.0021,122542,86.36
5579,LumberYard,3,0.0021,122545,86.37
5580,Luxi4you,3,0.0021,122548,86.37
5581,Lxrdwalker,3,0.0021,122551,86.37
5582,MCKEMZIE,3,0.0021,122554,86.37
5583,ME109p,3,0.0021,122557,86.37
5584,Maker777,3,0.0021,122560,86.38
5585,Maleodeus,3,0.0021,122563,86.38
5586,Malvazar,3,0.0021,122566,86.38
5587,Mandyy420,3,0.0021,122569,86.38
5588,ManfromNowhere,3,0.0021,122572,86.39
5589,ManuHSNT,3,0.0021,122575,86.39
5590,MarcusValerius,3,0.0021,122578,86.39
5591,Marvin56,3,0.0021,122581,86.39
5592,MasoAI,3,0.0021,122584,86.39
5593,MastaBrown00,3,0.0021,122587,86.4
5594,MasterLipp,3,0.0021,122590,86.4
5595,MasterLisp,3,0.0021,122593,86.4
5596,Matchibako,3,0.0021,122596,86.4
5597,Matvec,3,0.0021,122599,86.4
5598,MavBoseman,3,0.0021,122602,86.41
5599,Maxpowers1999,3,0.0021,122605,86.41
5600,MaxwellLink,3,0.0021,122608,86.41
5601,MayaMatrix,3,0.0021,122611,86.41
5602,Mckoala,3,0.0021,122614,86.41
5603,MeanStreets,3,0.0021,122617,86.42
5604,Mechcrow,3,0.0021,122620,86.42
5605,MeepMeepow,3,0.0021,122623,86.42
5606,MeguruUsagi,3,0.0021,122626,86.42
5607,Melaple,3,0.0021,122629,86.43
5608,MeltyGarnet,3,0.0021,122632,86.43
5609,Memytus,3,0.0021,122635,86.43
5610,Mephistophel3s,3,0.0021,122638,86.43
5611,Merra,3,0.0021,122641,86.43
5612,MessyWessy,3,0.0021,122644,86.44
5613,MetroAI7277,3,0.0021,122647,86.44
5614,Mic222Chill,3,0.0021,122650,86.44
5615,MicrosoftSam,3,0.0021,122653,86.44
5616,MidFR,3,0.0021,122656,86.44
5617,Midnight_Tales,3,0.0021,122659,86.45
5618,MilaSquirrel,3,0.0021,122662,86.45
5619,Milflover922,3,0.0021,122665,86.45
5620,Mimium,3,0.0021,122668,86.45
5621,MindEcho,3,0.0021,122671,86.46
5622,Minimusminimus,3,0.0021,122674,86.46
5623,MinkTangelo,3,0.0021,122677,86.46
5624,MiomiumNuru,3,0.0021,122680,86.46
5625,MissHeed,3,0.0021,122683,86.46
5626,Mistermango23,3,0.0021,122686,86.47
5627,Miumiu6969,3,0.0021,122689,86.47
5628,MoaningMoo,3,0.0021,122692,86.47
5629,Mobianmaker31,3,0.0021,122695,86.47
5630,MonCalamaris,3,0.0021,122698,86.47
5631,Monkellie,3,0.0021,122701,86.48
5632,MorganFreeman,3,0.0021,122704,86.48
5633,MornixAi,3,0.0021,122707,86.48
5634,Morphinus73,3,0.0021,122710,86.48
5635,MrAiGuy,3,0.0021,122713,86.48
5636,MrIALion,3,0.0021,122716,86.49
5637,MrPid,3,0.0021,122719,86.49
5638,Mr_MoonPie,3,0.0021,122722,86.49
5639,MrsBrightLight,3,0.0021,122725,86.49
5640,Mrthemenace1,3,0.0021,122728,86.5
5641,Murf_,3,0.0021,122731,86.5
5642,MxScoops,3,0.0021,122734,86.5
5643,MyAiPeople,3,0.0021,122737,86.5
5644,MyLoss,3,0.0021,122740,86.5
5645,Myuringc,3,0.0021,122743,86.51
5646,NAAIN,3,0.0021,122746,86.51
5647,NMISNVTS,3,0.0021,122749,86.51
5648,NaTyk439,3,0.0021,122752,86.51
5649,Nairda_D127793,3,0.0021,122755,86.51
5650,Nakirruh,3,0.0021,122758,86.52
5651,Nameless_tiger00,3,0.0021,122761,86.52
5652,NeLepus,3,0.0021,122764,86.52
5653,Nehernet,3,0.0021,122767,86.52
5654,Neko_oji,3,0.0021,122770,86.52
5655,NeoB1tch,3,0.0021,122773,86.53
5656,Neront,3,0.0021,122776,86.53
5657,Neuralwyrm,3,0.0021,122779,86.53
5658,NiceButtsAndFluffyEars,3,0.0021,122782,86.53
5659,Nicklthr88,3,0.0021,122785,86.54
5660,Niclora,3,0.0021,122788,86.54
5661,Nicows,3,0.0021,122791,86.54
5662,Niebher,3,0.0021,122794,86.54
5663,NightDragonPrincess,3,0.0021,122797,86.54
5664,Nightcliff,3,0.0021,122800,86.55
5665,Nipplelover,3,0.0021,122803,86.55
5666,Nitrowing,3,0.0021,122806,86.55
5667,NoFluxToGlive,3,0.0021,122809,86.55
5668,NoImJustNah,3,0.0021,122812,86.55
5669,Nogo81a,3,0.0021,122815,86.56
5670,NoiseWriggler,3,0.0021,122818,86.56
5671,Nokthz,3,0.0021,122821,86.56
5672,Nomadicworm,3,0.0021,122824,86.56
5673,NoneType,3,0.0021,122827,86.56
5674,Nontime,3,0.0021,122830,86.57
5675,NorthSpirit,3,0.0021,122833,86.57
5676,Not_So_Saint_Dog,3,0.0021,122836,86.57
5677,Notability,3,0.0021,122839,86.57
5678,Notaledeji,3,0.0021,122842,86.58
5679,Notexactlyrealok,3,0.0021,122845,86.58
5680,NotorPIGGY,3,0.0021,122848,86.58
5681,Notyouraverage,3,0.0021,122851,86.58
5682,NovaManEXE,3,0.0021,122854,86.58
5683,NovalisCelestica,3,0.0021,122857,86.59
5684,NowhereManGo,3,0.0021,122860,86.59
5685,Nsh951,3,0.0021,122863,86.59
5686,Nub3D,3,0.0021,122866,86.59
5687,Nyotengu,3,0.0021,122869,86.59
5688,Oaisisiss,3,0.0021,122872,86.6
5689,OarvadPatty,3,0.0021,122875,86.6
5690,Obsalex,3,0.0021,122878,86.6
5691,OmegaWPN,3,0.0021,122881,86.6
5692,Onice,3,0.0021,122884,86.61
5693,OpoOpoPo,3,0.0021,122887,86.61
5694,OpoenBorders5,3,0.0021,122890,86.61
5695,Orang1997,3,0.0021,122893,86.61
5696,Ostap222,3,0.0021,122896,86.61
5697,Overshotcentaur,3,0.0021,122899,86.62
5698,Owbeiwbwowk,3,0.0021,122902,86.62
5699,OxychlorO,3,0.0021,122905,86.62
5700,Oyatsu000,3,0.0021,122908,86.62
5701,PIKAxxCHUxxU,3,0.0021,122911,86.62
5702,PVRVNOIDHVCKER,3,0.0021,122914,86.63
5703,Pandor1um,3,0.0021,122917,86.63
5704,PapaMoe102,3,0.0021,122920,86.63
5705,Parstson,3,0.0021,122923,86.63
5706,Parurin,3,0.0021,122926,86.63
5707,PercyBara,3,0.0021,122929,86.64
5708,Permanent_S,3,0.0021,122932,86.64
5709,Perorin1,3,0.0021,122935,86.64
5710,Perp123,3,0.0021,122938,86.64
5711,PervyRat,3,0.0021,122941,86.65
5712,Petrilover,3,0.0021,122944,86.65
5713,Petssvw,3,0.0021,122947,86.65
5714,Phantom_Deviant,3,0.0021,122950,86.65
5715,Photon_124,3,0.0021,122953,86.65
5716,PiBiPin,3,0.0021,122956,86.66
5717,PinokAio,3,0.0021,122959,86.66
5718,Pixel_Art_AI,3,0.0021,122962,86.66
5719,Pizzachu24,3,0.0021,122965,86.66
5720,PlainMatte,3,0.0021,122968,86.66
5721,Player1ready,3,0.0021,122971,86.67
5722,Playerx12345,3,0.0021,122974,86.67
5723,PlotTwistAI,3,0.0021,122977,86.67
5724,Pojte,3,0.0021,122980,86.67
5725,PoopyNeedDiaper,3,0.0021,122983,86.67
5726,PortionControl,3,0.0021,122986,86.68
5727,PossumTrash32,3,0.0021,122989,86.68
5728,Ppextendus,3,0.0021,122992,86.68
5729,PrOwOtogen,3,0.0021,122995,86.68
5730,President_Inhuman,3,0.0021,122998,86.69
5731,PrinceSpicy,3,0.0021,123001,86.69
5732,ProfNessa,3,0.0021,123004,86.69
5733,Prolific_ai,3,0.0021,123007,86.69
5734,PrudentLog4176374,3,0.0021,123010,86.69
5735,PsionCrystallis,3,0.0021,123013,86.7
5736,Pumpkin_eater,3,0.0021,123016,86.7
5737,Purfecter,3,0.0021,123019,86.7
5738,PuzzleheadedAd4294956,3,0.0021,123022,86.7
5739,Pyrat,3,0.0021,123025,86.7
5740,Pyro0088,3,0.0021,123028,86.71
5741,Q_QWQ,3,0.0021,123031,86.71
5742,QingHaiSheng,3,0.0021,123034,86.71
5743,Quark34,3,0.0021,123037,86.71
5744,QueenMillie,3,0.0021,123040,86.72
5745,Queenfailure,3,0.0021,123043,86.72
5746,QuietKitten,3,0.0021,123046,86.72
5747,Quiv,3,0.0021,123049,86.72
5748,Quontavious,3,0.0021,123052,86.72
5749,QwiziRAM,3,0.0021,123055,86.73
5750,R0eh,3,0.0021,123058,86.73
5751,R4venCr0w,3,0.0021,123061,86.73
5752,R6tde,3,0.0021,123064,86.73
5753,RDigitalArtist,3,0.0021,123067,86.73
5754,RadioFM,3,0.0021,123070,86.74
5755,RaithTheSnake,3,0.0021,123073,86.74
5756,Rakosz,3,0.0021,123076,86.74
5757,Ramzi100,3,0.0021,123079,86.74
5758,Rand0mAn0n,3,0.0021,123082,86.74
5759,RandaLora,3,0.0021,123085,86.75
5760,Randmeist,3,0.0021,123088,86.75
5761,RandomPromptEngineer,3,0.0021,123091,86.75
5762,RandyFox,3,0.0021,123094,86.75
5763,Raynor97,3,0.0021,123097,86.76
5764,Rcalum,3,0.0021,123100,86.76
5765,RedDeltas,3,0.0021,123103,86.76
5766,RedPlanetAI,3,0.0021,123106,86.76
5767,Redux7778,3,0.0021,123109,86.76
5768,ReeTeee,3,0.0021,123112,86.77
5769,ReeveMusk,3,0.0021,123115,86.77
5770,Rempeyek,3,0.0021,123118,86.77
5771,RetroWaveX,3,0.0021,123121,86.77
5772,RexAP,3,0.0021,123124,86.77
5773,RexOgon,3,0.0021,123127,86.78
5774,Reximfly,3,0.0021,123130,86.78
5775,RightlyWrong,3,0.0021,123133,86.78
5776,Robotliar,3,0.0021,123136,86.78
5777,Robotlover2,3,0.0021,123139,86.78
5778,Robutt,3,0.0021,123142,86.79
5779,RockyBalbaoCreed,3,0.0021,123145,86.79
5780,Roland_Jn,3,0.0021,123148,86.79
5781,Romlo,3,0.0021,123151,86.79
5782,Ronald2125,3,0.0021,123154,86.8
5783,RoninCB,3,0.0021,123157,86.8
5784,RoverJack,3,0.0021,123160,86.8
5785,RoyD,3,0.0021,123163,86.8
5786,Rubbish_LoRA_trainer,3,0.0021,123166,86.8
5787,Ryou98,3,0.0021,123169,86.81
5788,S27,3,0.0021,123172,86.81
5789,SAverageArtist,3,0.0021,123175,86.81
5790,SERGEY_MANOKHIN,3,0.0021,123178,86.81
5791,SHARIUS,3,0.0021,123181,86.81
5792,SRsexo,3,0.0021,123184,86.82
5793,ST4RS41L3R,3,0.0021,123187,86.82
5794,STRWh3r3,3,0.0021,123190,86.82
5795,SUTATENKEN,3,0.0021,123193,86.82
5796,SUTEPANIQ,3,0.0021,123196,86.83
5797,SaveBackRub,3,0.0021,123199,86.83
5798,Sayanthefox,3,0.0021,123202,86.83
5799,ScarySnake,3,0.0021,123205,86.83
5800,Seii1,3,0.0021,123208,86.83
5801,SexyTwists,3,0.0021,123211,86.84
5802,Sgaefa,3,0.0021,123214,86.84
5803,Shadling,3,0.0021,123217,86.84
5804,Shadowbus,3,0.0021,123220,86.84
5805,Shampoo561,3,0.0021,123223,86.84
5806,Sharpmagee,3,0.0021,123226,86.85
5807,Shashindae,3,0.0021,123229,86.85
5808,Shed_The_Skin,3,0.0021,123232,86.85
5809,SheennScar,3,0.0021,123235,86.85
5810,Shermanbell,3,0.0021,123238,86.85
5811,Shinryu_Kaiba,3,0.0021,123241,86.86
5812,Shio_no_umi,3,0.0021,123244,86.86
5813,SimNa,3,0.0021,123247,86.86
5814,Simpowi,3,0.0021,123250,86.86
5815,Sinblade147,3,0.0021,123253,86.87
5816,SinfulSeductions,3,0.0021,123256,86.87
5817,Skarlett,3,0.0021,123259,86.87
5818,Skif45,3,0.0021,123262,86.87
5819,Skullkid,3,0.0021,123265,86.87
5820,SlickidySlack,3,0.0021,123268,86.88
5821,SlightlyBi,3,0.0021,123271,86.88
5822,SlimeKnight,3,0.0021,123274,86.88
5823,SloppiesLewd,3,0.0021,123277,86.88
5824,SlothSimulation,3,0.0021,123280,86.88
5825,Sneekhug,3,0.0021,123283,86.89
5826,SoapyFox,3,0.0021,123286,86.89
5827,Sonic_Love,3,0.0021,123289,86.89
5828,Soraeb,3,0.0021,123292,86.89
5829,SotoKell,3,0.0021,123295,86.89
5830,SoulFoZoid,3,0.0021,123298,86.9
5831,Souljah9,3,0.0021,123301,86.9
5832,Spackle_,3,0.0021,123304,86.9
5833,Spamkirck,3,0.0021,123307,86.9
5834,SpeakEasy,3,0.0021,123310,86.91
5835,Speed112,3,0.0021,123313,86.91
5836,Sphae,3,0.0021,123316,86.91
5837,Sponge_Boi21,3,0.0021,123319,86.91
5838,SquarePandaHead,3,0.0021,123322,86.91
5839,SquidPuffer,3,0.0021,123325,86.92
5840,StanLock,3,0.0021,123328,86.92
5841,Stangen,3,0.0021,123331,86.92
5842,Starbreaker,3,0.0021,123334,86.92
5843,SteelandLace,3,0.0021,123337,86.92
5844,StrangeJOurney,3,0.0021,123340,86.93
5845,StratoKay,3,0.0021,123343,86.93
5846,Strivah,3,0.0021,123346,86.93
5847,Stuhl,3,0.0021,123349,86.93
5848,Stuledops24,3,0.0021,123352,86.93
5849,SugoiDess,3,0.0021,123355,86.94
5850,SuinSuin,3,0.0021,123358,86.94
5851,Superfi24,3,0.0021,123361,86.94
5852,SupremeDurov,3,0.0021,123364,86.94
5853,SusiVilnu,3,0.0021,123367,86.95
5854,SussySan,3,0.0021,123370,86.95
5855,Swift7947,3,0.0021,123373,86.95
5856,Synariel90,3,0.0021,123376,86.95
5857,SynthCeIebreaker,3,0.0021,123379,86.95
5858,Szczypi,3,0.0021,123382,86.96
5859,T36,3,0.0021,123385,86.96
5860,T4K4M0R1,3,0.0021,123388,86.96
5861,TG023,3,0.0021,123391,86.96
5862,TORAJIMA200,3,0.0021,123394,86.96
5863,TZed,3,0.0021,123397,86.97
5864,Tantabus,3,0.0021,123400,86.97
5865,TantalizingImages,3,0.0021,123403,86.97
5866,TatarChuck,3,0.0021,123406,86.97
5867,Technoviking1402,3,0.0021,123409,86.98
5868,TentacleGrape,3,0.0021,123412,86.98
5869,TheAIWizard,3,0.0021,123415,86.98
5870,TheBigEd,3,0.0021,123418,86.98
5871,TheBiss880,3,0.0021,123421,86.98
5872,TheCollector2,3,0.0021,123424,86.99
5873,TheFetteredTern,3,0.0021,123427,86.99
5874,TheLurkingCreature,3,0.0021,123430,86.99
5875,ThePacks1998,3,0.0021,123433,86.99
5876,TheSheeper,3,0.0021,123436,86.99
5877,The_Alphabet_Kid,3,0.0021,123439,87.0
5878,The_Cook,3,0.0021,123442,87.0
5879,The_Ditruffe,3,0.0021,123445,87.0
5880,The_Doggy_Enjoyer,3,0.0021,123448,87.0
5881,The_Midnight_Lab,3,0.0021,123451,87.0
5882,Thechosen1,3,0.0021,123454,87.01
5883,Thefurryfree,3,0.0021,123457,87.01
5884,Therai,3,0.0021,123460,87.01
5885,ThetaStormer287,3,0.0021,123463,87.01
5886,ThijockerCombatantX,3,0.0021,123466,87.02
5887,ToasterKing,3,0.0021,123469,87.02
5888,Tomeka,3,0.0021,123472,87.02
5889,TomyAI,3,0.0021,123475,87.02
5890,TopazStudio,3,0.0021,123478,87.02
5891,Tophness,3,0.0021,123481,87.03
5892,Tosuuuu,3,0.0021,123484,87.03
5893,TotallyLegitHobby,3,0.0021,123487,87.03
5894,Traps4life,3,0.0021,123490,87.03
5895,Tricksterpaws,3,0.0021,123493,87.03
5896,Trifet,3,0.0021,123496,87.04
5897,TrueStory30,3,0.0021,123499,87.04
5898,TrueToLife_Fauxto,3,0.0021,123502,87.04
5899,TruthEater,3,0.0021,123505,87.04
5900,Tryask,3,0.0021,123508,87.04
5901,Tsubo,3,0.0021,123511,87.05
5902,Tsue_max,3,0.0021,123514,87.05
5903,Twakavander,3,0.0021,123517,87.05
5904,Two34,3,0.0021,123520,87.05
5905,UBERME,3,0.0021,123523,87.06
5906,UK_Muso,3,0.0021,123526,87.06
5907,ULTRAMN98,3,0.0021,123529,87.06
5908,Ugayhoe,3,0.0021,123532,87.06
5909,Ugur435,3,0.0021,123535,87.06
5910,Uncanny_Undyne,3,0.0021,123538,87.07
5911,UnholyDesiresStudio,3,0.0021,123541,87.07
5912,Upcilon_cetish,3,0.0021,123544,87.07
5913,Uranus19,3,0.0021,123547,87.07
5914,V3rseFX,3,0.0021,123550,87.07
5915,VCominos,3,0.0021,123553,87.08
5916,Van_Darkholme,3,0.0021,123556,87.08
5917,Vector_243,3,0.0021,123559,87.08
5918,VeganPizzaTime,3,0.0021,123562,87.08
5919,Verax13,3,0.0021,123565,87.09
5920,Vertilosart,3,0.0021,123568,87.09
5921,VexenAI,3,0.0021,123571,87.09
5922,VinPara,3,0.0021,123574,87.09
5923,ViqX,3,0.0021,123577,87.09
5924,VisualAiUniverse,3,0.0021,123580,87.1
5925,Vivianite_,3,0.0021,123583,87.1
5926,Vladivostank,3,0.0021,123586,87.1
5927,Vocalrvbplayer,3,0.0021,123589,87.1
5928,Void91,3,0.0021,123592,87.1
5929,Vortixxx,3,0.0021,123595,87.11
5930,WHITENESSHERO,3,0.0021,123598,87.11
5931,WaluigiTime,3,0.0021,123601,87.11
5932,Warario,3,0.0021,123604,87.11
5933,Warfrost,3,0.0021,123607,87.11
5934,WeBeJavn,3,0.0021,123610,87.12
5935,WearCatEars,3,0.0021,123613,87.12
5936,WeirdRandomGuy,3,0.0021,123616,87.12
5937,WetPixels,3,0.0021,123619,87.12
5938,WhatAShame,3,0.0021,123622,87.13
5939,Whirlygig,3,0.0021,123625,87.13
5940,WhyNaNWhenNyan,3,0.0021,123628,87.13
5941,Willdo3637,3,0.0021,123631,87.13
5942,WilliamRamos,3,0.0021,123634,87.13
5943,WitchesAndWyrms,3,0.0021,123637,87.14
5944,WonderCloud,3,0.0021,123640,87.14
5945,WorstAirtist,3,0.0021,123643,87.14
5946,XFurryAI,3,0.0021,123646,87.14
5947,XNAFanXPS,3,0.0021,123649,87.14
5948,XXXXXXXXXXXXXXXXXXXXXXX_,3,0.0021,123652,87.15
5949,Xabsurd,3,0.0021,123655,87.15
5950,Xeldin,3,0.0021,123658,87.15
5951,Xmx81,3,0.0021,123661,87.15
5952,Xocoko,3,0.0021,123664,87.15
5953,Y_fai,3,0.0021,123667,87.16
5954,Yucaku,3,0.0021,123670,87.16
5955,Yziie,3,0.0021,123673,87.16
5956,ZIVA,3,0.0021,123676,87.16
5957,Zabadu,3,0.0021,123679,87.17
5958,Zac9771,3,0.0021,123682,87.17
5959,Zachisalreadytaken,3,0.0021,123685,87.17
5960,ZamiAI,3,0.0021,123688,87.17
5961,ZephyrilAI,3,0.0021,123691,87.17
5962,Zer0War,3,0.0021,123694,87.18
5963,Zharatos,3,0.0021,123697,87.18
5964,Zindabad,3,0.0021,123700,87.18
5965,ZiyiArts,3,0.0021,123703,87.18
5966,ZoMobb,3,0.0021,123706,87.18
5967,ZoochMan,3,0.0021,123709,87.19
5968,Zoom8989,3,0.0021,123712,87.19
5969,Zylnorm,3,0.0021,123715,87.19
5970,_ABC_,3,0.0021,123718,87.19
5971,_AstralAI_,3,0.0021,123721,87.2
5972,_Celestia_,3,0.0021,123724,87.2
5973,_Fox,3,0.0021,123727,87.2
5974,_GhostInShell_,3,0.0021,123730,87.2
5975,__Sinister__,3,0.0021,123733,87.2
5976,a0921456878292,3,0.0021,123736,87.21
5977,aa834,3,0.0021,123739,87.21
5978,aartyh,3,0.0021,123742,87.21
5979,aassmodeuss,3,0.0021,123745,87.21
5980,aasuuaaa312835,3,0.0021,123748,87.21
5981,abakyke638,3,0.0021,123751,87.22
5982,abc525201262,3,0.0021,123754,87.22
5983,aboblanko,3,0.0021,123757,87.22
5984,absampleph,3,0.0021,123760,87.22
5985,adodo123,3,0.0021,123763,87.22
5986,advokat,3,0.0021,123766,87.23
5987,ahasaname35351,3,0.0021,123769,87.23
5988,ahzpffp,3,0.0021,123772,87.23
5989,ai_build_art,3,0.0021,123775,87.23
5990,aiartmiyuki,3,0.0021,123778,87.24
5991,aiclockwork,3,0.0021,123781,87.24
5992,aipower,3,0.0021,123784,87.24
5993,akiyama_ai,3,0.0021,123787,87.24
5994,al5993,3,0.0021,123790,87.24
5995,alangriffix694,3,0.0021,123793,87.25
5996,alexastone29,3,0.0021,123796,87.25
5997,ambahsing,3,0.0021,123799,87.25
5998,an0n1m0us,3,0.0021,123802,87.25
5999,andrew22367,3,0.0021,123805,87.25
6000,andrewguajardo96468,3,0.0021,123808,87.26
6001,andzans2701743,3,0.0021,123811,87.26
6002,angelfencer,3,0.0021,123814,87.26
6003,angeua,3,0.0021,123817,87.26
6004,anlessparky962,3,0.0021,123820,87.26
6005,anonimusperson41660,3,0.0021,123823,87.27
6006,anonymist,3,0.0021,123826,87.27
6007,antonboris7015814,3,0.0021,123829,87.27
6008,aponeo,3,0.0021,123832,87.27
6009,apple_py,3,0.0021,123835,87.28
6010,armourlover,3,0.0021,123838,87.28
6011,artemmeli0r,3,0.0021,123841,87.28
6012,artmania18,3,0.0021,123844,87.28
6013,artsty13,3,0.0021,123847,87.28
6014,artw4033586,3,0.0021,123850,87.29
6015,asdrabael,3,0.0021,123853,87.29
6016,asfsdfeawfsd,3,0.0021,123856,87.29
6017,asterisco133708,3,0.0021,123859,87.29
6018,astrobunk,3,0.0021,123862,87.29
6019,augustovale13957,3,0.0021,123865,87.3
6020,aureh12387,3,0.0021,123868,87.3
6021,ausfreude,3,0.0021,123871,87.3
6022,aussieprv409,3,0.0021,123874,87.3
6023,awnufx,3,0.0021,123877,87.3
6024,ayyvandrog856,3,0.0021,123880,87.31
6025,azatjalilov530,3,0.0021,123883,87.31
6026,babyeater,3,0.0021,123886,87.31
6027,bacchus8356801,3,0.0021,123889,87.31
6028,ball889988716,3,0.0021,123892,87.32
6029,bangzera218895,3,0.0021,123895,87.32
6030,bcordonank5738540,3,0.0021,123898,87.32
6031,bear_fire,3,0.0021,123901,87.32
6032,beastmode04,3,0.0021,123904,87.32
6033,beepboop1999,3,0.0021,123907,87.33
6034,behappyto105,3,0.0021,123910,87.33
6035,belaclaudia481845,3,0.0021,123913,87.33
6036,belorisa,3,0.0021,123916,87.33
6037,benjergenhoff1212,3,0.0021,123919,87.33
6038,berg,3,0.0021,123922,87.34
6039,berryBurr,3,0.0021,123925,87.34
6040,bibliomaniac,3,0.0021,123928,87.34
6041,big_koka,3,0.0021,123931,87.34
6042,billybingham939173,3,0.0021,123934,87.35
6043,bingmeng_1019148,3,0.0021,123937,87.35
6044,bishbishbi,3,0.0021,123940,87.35
6045,bjesserford,3,0.0021,123943,87.35
6046,bjishart635,3,0.0021,123946,87.35
6047,bledrok7152,3,0.0021,123949,87.36
6048,blome22992,3,0.0021,123952,87.36
6049,bluedemon333,3,0.0021,123955,87.36
6050,bluedream5678,3,0.0021,123958,87.36
6051,blzing_ace,3,0.0021,123961,87.36
6052,bn2603,3,0.0021,123964,87.37
6053,bobbobikins,3,0.0021,123967,87.37
6054,boobandpoopa,3,0.0021,123970,87.37
6055,boobiegreed,3,0.0021,123973,87.37
6056,boyh35660908,3,0.0021,123976,87.37
6057,brandnamebob,3,0.0021,123979,87.38
6058,brandonrrtz,3,0.0021,123982,87.38
6059,brautwaste,3,0.0021,123985,87.38
6060,bringmethatcorn,3,0.0021,123988,87.38
6061,bruceler,3,0.0021,123991,87.39
6062,bruhman2,3,0.0021,123994,87.39
6063,bruhmomento,3,0.0021,123997,87.39
6064,bunker5555,3,0.0021,124000,87.39
6065,burdfeathers,3,0.0021,124003,87.39
6066,busar,3,0.0021,124006,87.4
6067,butty92185,3,0.0021,124009,87.4
6068,bw416,3,0.0021,124012,87.4
6069,c161,3,0.0021,124015,87.4
6070,c77161488497,3,0.0021,124018,87.4
6071,caaana80359,3,0.0021,124021,87.41
6072,cactusman,3,0.0021,124024,87.41
6073,calengklik,3,0.0021,124027,87.41
6074,camixd148286,3,0.0021,124030,87.41
6075,carmildofine,3,0.0021,124033,87.41
6076,carmineposter,3,0.0021,124036,87.42
6077,cartoondoll,3,0.0021,124039,87.42
6078,catal12255,3,0.0021,124042,87.42
6079,celinecokinne2,3,0.0021,124045,87.42
6080,chafaafateh99752,3,0.0021,124048,87.43
6081,chaosleges,3,0.0021,124051,87.43
6082,chelmotley333,3,0.0021,124054,87.43
6083,chessguy234,3,0.0021,124057,87.43
6084,chief0012,3,0.0021,124060,87.43
6085,chillbert,3,0.0021,124063,87.44
6086,chineseroom,3,0.0021,124066,87.44
6087,chownyou,3,0.0021,124069,87.44
6088,chrispalmerx,3,0.0021,124072,87.44
6089,chrispubg,3,0.0021,124075,87.44
6090,cividelta01,3,0.0021,124078,87.45
6091,civitai_sk,3,0.0021,124081,87.45
6092,clacos623,3,0.0021,124084,87.45
6093,clarabelle5151800,3,0.0021,124087,87.45
6094,clauchihha543,3,0.0021,124090,87.46
6095,closp588890,3,0.0021,124093,87.46
6096,cloud191,3,0.0021,124096,87.46
6097,cloud_artisan,3,0.0021,124099,87.46
6098,cokkect585,3,0.0021,124102,87.46
6099,commit2008lion315,3,0.0021,124105,87.47
6100,comradeorleen,3,0.0021,124108,87.47
6101,constantbeta,3,0.0021,124111,87.47
6102,contavpn543673,3,0.0021,124114,87.47
6103,cookiemonster777,3,0.0021,124117,87.47
6104,cool_boy11,3,0.0021,124120,87.48
6105,cooperdk,3,0.0021,124123,87.48
6106,coreyo678900844,3,0.0021,124126,87.48
6107,cosmodestruction,3,0.0021,124129,87.48
6108,cowgirlfan,3,0.0021,124132,87.48
6109,cowsgomooand,3,0.0021,124135,87.49
6110,cpncouch,3,0.0021,124138,87.49
6111,crayshyt_redux,3,0.0021,124141,87.49
6112,crooklyn2171,3,0.0021,124144,87.49
6113,crossplayer,3,0.0021,124147,87.5
6114,csfph,3,0.0021,124150,87.5
6115,cultrix671,3,0.0021,124153,87.5
6116,cute_bubbles,3,0.0021,124156,87.5
6117,da688,3,0.0021,124159,87.5
6118,daguerre,3,0.0021,124162,87.51
6119,danielwilliam76725,3,0.0021,124165,87.51
6120,darbarshahed200,3,0.0021,124168,87.51
6121,dark66666,3,0.0021,124171,87.51
6122,darkajjyyhjn,3,0.0021,124174,87.51
6123,darkraven420art,3,0.0021,124177,87.52
6124,darksidewalker,3,0.0021,124180,87.52
6125,darkwil,3,0.0021,124183,87.52
6126,davehardy601865,3,0.0021,124186,87.52
6127,david56576467467474,3,0.0021,124189,87.52
6128,davidzxstevens920,3,0.0021,124192,87.53
6129,dcfanart,3,0.0021,124195,87.53
6130,deadpixel819393,3,0.0021,124198,87.53
6131,deathofaduck,3,0.0021,124201,87.53
6132,debilek123,3,0.0021,124204,87.54
6133,deep_mind,3,0.0021,124207,87.54
6134,degeneratemomofan,3,0.0021,124210,87.54
6135,dehainc,3,0.0021,124213,87.54
6136,deviantrev,3,0.0021,124216,87.54
6137,devilmacca480,3,0.0021,124219,87.55
6138,dexir37689,3,0.0021,124222,87.55
6139,diegoraficot140,3,0.0021,124225,87.55
6140,dilde1586,3,0.0021,124228,87.55
6141,diob74095712,3,0.0021,124231,87.55
6142,diogod,3,0.0021,124234,87.56
6143,disastrouspanda,3,0.0021,124237,87.56
6144,ditters,3,0.0021,124240,87.56
6145,dj789954,3,0.0021,124243,87.56
6146,dog12,3,0.0021,124246,87.57
6147,dolainu,3,0.0021,124249,87.57
6148,donkeykongs,3,0.0021,124252,87.57
6149,donpuri,3,0.0021,124255,87.57
6150,doomsaga,3,0.0021,124258,87.57
6151,downupdown,3,0.0021,124261,87.58
6152,dream_AI,3,0.0021,124264,87.58
6153,dreamfold10,3,0.0021,124267,87.58
6154,drzaius85ok742,3,0.0021,124270,87.58
6155,dsf382r90egwyu9efyhpioff,3,0.0021,124273,87.58
6156,dsfefwe,3,0.0021,124276,87.59
6157,ducktopuss,3,0.0021,124279,87.59
6158,duncecap241,3,0.0021,124282,87.59
6159,duoamarceck,3,0.0021,124285,87.59
6160,eXP_dot_Net,3,0.0021,124288,87.59
6161,edgarivanmanzanobaez247,3,0.0021,124291,87.6
6162,edobgames,3,0.0021,124294,87.6
6163,edojijo,3,0.0021,124297,87.6
6164,eeoo2288201,3,0.0021,124300,87.6
6165,egendreau96667,3,0.0021,124303,87.61
6166,electronicmailnumber1373,3,0.0021,124306,87.61
6167,elizabeth1117,3,0.0021,124309,87.61
6168,elo0007master,3,0.0021,124312,87.61
6169,elranzerlcy,3,0.0021,124315,87.61
6170,elysiumfinest,3,0.0021,124318,87.62
6171,emma04383,3,0.0021,124321,87.62
6172,emrexxx,3,0.0021,124324,87.62
6173,endlesswishes,3,0.0021,124327,87.62
6174,enjoyyjr2000958,3,0.0021,124330,87.62
6175,epic_worlds,3,0.0021,124333,87.63
6176,era5,3,0.0021,124336,87.63
6177,erickleonguzman849274,3,0.0021,124339,87.63
6178,es057242,3,0.0021,124342,87.63
6179,evanschloeart735,3,0.0021,124345,87.63
6180,everett300,3,0.0021,124348,87.64
6181,evilblade,3,0.0021,124351,87.64
6182,excinera,3,0.0021,124354,87.64
6183,expandedyummynesss,3,0.0021,124357,87.64
6184,f53133850637,3,0.0021,124360,87.65
6185,fairlyfairrr195,3,0.0021,124363,87.65
6186,fallout4advance787,3,0.0021,124366,87.65
6187,fantasai333,3,0.0021,124369,87.65
6188,farmarje56,3,0.0021,124372,87.65
6189,farnk05,3,0.0021,124375,87.66
6190,fborghi248,3,0.0021,124378,87.66
6191,fc3s_sava,3,0.0021,124381,87.66
6192,fdsasfsag34,3,0.0021,124384,87.66
6193,fentycart,3,0.0021,124387,87.66
6194,fipump,3,0.0021,124390,87.67
6195,fizzycum,3,0.0021,124393,87.67
6196,flibibity745,3,0.0021,124396,87.67
6197,fluttershyponypony502,3,0.0021,124399,87.67
6198,fluxprofile,3,0.0021,124402,87.67
6199,fok3827,3,0.0021,124405,87.68
6200,folkghost,3,0.0021,124408,87.68
6201,fr0sty1,3,0.0021,124411,87.68
6202,fredbearanimations79400,3,0.0021,124414,87.68
6203,freyjafemboy,3,0.0021,124417,87.69
6204,frosted_donut,3,0.0021,124420,87.69
6205,fthwtthtrdh431,3,0.0021,124423,87.69
6206,fukaradianza940,3,0.0021,124426,87.69
6207,ga582138307,3,0.0021,124429,87.69
6208,gaijinkoopah,3,0.0021,124432,87.7
6209,galaxy_25,3,0.0021,124435,87.7
6210,garand343635,3,0.0021,124438,87.7
6211,gassanhotabych,3,0.0021,124441,87.7
6212,gavin09876,3,0.0021,124444,87.7
6213,geab22,3,0.0021,124447,87.71
6214,geddon,3,0.0021,124450,87.71
6215,geekbar,3,0.0021,124453,87.71
6216,gephoto81,3,0.0021,124456,87.71
6217,gggnorris241,3,0.0021,124459,87.72
6218,ggxv2500195,3,0.0021,124462,87.72
6219,giantpotato,3,0.0021,124465,87.72
6220,gigantess01,3,0.0021,124468,87.72
6221,glillard60983,3,0.0021,124471,87.72
6222,go4cats,3,0.0021,124474,87.73
6223,good2beright314,3,0.0021,124477,87.73
6224,goppossum491,3,0.0021,124480,87.73
6225,goq,3,0.0021,124483,87.73
6226,gothspray,3,0.0021,124486,87.73
6227,gowabi,3,0.0021,124489,87.74
6228,gowithaa0698,3,0.0021,124492,87.74
6229,grayadidasbackpack,3,0.0021,124495,87.74
6230,grefis,3,0.0021,124498,87.74
6231,grgazziz833,3,0.0021,124501,87.74
6232,grossebalt780,3,0.0021,124504,87.75
6233,grvy,3,0.0021,124507,87.75
6234,gtkff9021_main,3,0.0021,124510,87.75
6235,gubaa,3,0.0021,124513,87.75
6236,gunoicont488899,3,0.0021,124516,87.76
6237,guy33,3,0.0021,124519,87.76
6238,gylesloh,3,0.0021,124522,87.76
6239,gympoet781,3,0.0021,124525,87.76
6240,hajiii,3,0.0021,124528,87.76
6241,halfawave,3,0.0021,124531,87.77
6242,hana2365,3,0.0021,124534,87.77
6243,hat181,3,0.0021,124537,87.77
6244,hazuki_456564,3,0.0021,124540,87.77
6245,hcalderon129,3,0.0021,124543,87.77
6246,hdmwot,3,0.0021,124546,87.78
6247,headddd,3,0.0021,124549,87.78
6248,heidisrsen520,3,0.0021,124552,87.78
6249,heliface0011,3,0.0021,124555,87.78
6250,hestiacummings,3,0.0021,124558,87.78
6251,hhgrail83145,3,0.0021,124561,87.79
6252,hi_ka_ri,3,0.0021,124564,87.79
6253,hidden_buzz,3,0.0021,124567,87.79
6254,hng,3,0.0021,124570,87.79
6255,hohoho__,3,0.0021,124573,87.8
6256,holjavbek,3,0.0021,124576,87.8
6257,homoshroom142,3,0.0021,124579,87.8
6258,honghengyi,3,0.0021,124582,87.8
6259,hoshino_hinata24030459227,3,0.0021,124585,87.8
6260,hotgirlcharacterart,3,0.0021,124588,87.81
6261,hotie_angelus1473,3,0.0021,124591,87.81
6262,hoy829269,3,0.0021,124594,87.81
6263,hrmr0315,3,0.0021,124597,87.81
6264,hsuncatalyst1777,3,0.0021,124600,87.81
6265,huggy,3,0.0021,124603,87.82
6266,human20XX,3,0.0021,124606,87.82
6267,hunter999515,3,0.0021,124609,87.82
6268,huohuqiongqijkl227,3,0.0021,124612,87.82
6269,hypersexualize,3,0.0021,124615,87.83
6270,iangrantsarmanoukian376,3,0.0021,124618,87.83
6271,ididapigaol253,3,0.0021,124621,87.83
6272,iff29,3,0.0021,124624,87.83
6273,iiip1725,3,0.0021,124627,87.83
6274,ilikerice,3,0.0021,124630,87.84
6275,imge,3,0.0021,124633,87.84
6276,imperiumbespoke,3,0.0021,124636,87.84
6277,indakoarts,3,0.0021,124639,87.84
6278,infonemna481,3,0.0021,124642,87.84
6279,insanejedi11211987,3,0.0021,124645,87.85
6280,insprs,3,0.0021,124648,87.85
6281,investalternativa,3,0.0021,124651,87.85
6282,invfmoon861,3,0.0021,124654,87.85
6283,ipawntehn00bss,3,0.0021,124657,87.85
6284,irollis300472,3,0.0021,124660,87.86
6285,isabeladelux921,3,0.0021,124663,87.86
6286,ishawn944,3,0.0021,124666,87.86
6287,iuliusrichard555,3,0.0021,124669,87.86
6288,ivan0414,3,0.0021,124672,87.87
6289,j_lus,3,0.0021,124675,87.87
6290,jackiip,3,0.0021,124678,87.87
6291,jaeasuto,3,0.0021,124681,87.87
6292,jalenbrunson,3,0.0021,124684,87.87
6293,jamesroberts1109,3,0.0021,124687,87.88
6294,janizxc,3,0.0021,124690,87.88
6295,jbryans096,3,0.0021,124693,87.88
6296,jeardawg,3,0.0021,124696,87.88
6297,ji_tunyao,3,0.0021,124699,87.88
6298,jmaster1114,3,0.0021,124702,87.89
6299,joeblow20151785,3,0.0021,124705,87.89
6300,johnnyhotdogs420955,3,0.0021,124708,87.89
6301,joho9,3,0.0021,124711,87.89
6302,jonasan555158,3,0.0021,124714,87.89
6303,joq100,3,0.0021,124717,87.9
6304,jordand826,3,0.0021,124720,87.9
6305,josg472,3,0.0021,124723,87.9
6306,julien6066444,3,0.0021,124726,87.9
6307,juliensabatierlivreur810,3,0.0021,124729,87.91
6308,junoeclair,3,0.0021,124732,87.91
6309,just_fanta_sea,3,0.0021,124735,87.91
6310,justjorge,3,0.0021,124738,87.91
6311,k67523336291,3,0.0021,124741,87.91
6312,kabao,3,0.0021,124744,87.92
6313,kalvin7ai,3,0.0021,124747,87.92
6314,kalyxchews,3,0.0021,124750,87.92
6315,kamari,3,0.0021,124753,87.92
6316,kanaejun,3,0.0021,124756,87.92
6317,kannon09,3,0.0021,124759,87.93
6318,kasia213721372137663,3,0.0021,124762,87.93
6319,katohh,3,0.0021,124765,87.93
6320,kattwoffmjau,3,0.0021,124768,87.93
6321,kbprod44,3,0.0021,124771,87.94
6322,keeganthecat15309,3,0.0021,124774,87.94
6323,kelvinlee981,3,0.0021,124777,87.94
6324,kemothy,3,0.0021,124780,87.94
6325,kevin71441,3,0.0021,124783,87.94
6326,kevinpebody,3,0.0021,124786,87.95
6327,kevinvideo282,3,0.0021,124789,87.95
6328,kidunot89,3,0.0021,124792,87.95
6329,kiyoshi963,3,0.0021,124795,87.95
6330,komputerjeanyus853,3,0.0021,124798,87.95
6331,konyconi,3,0.0021,124801,87.96
6332,korijoe503,3,0.0021,124804,87.96
6333,korol,3,0.0021,124807,87.96
6334,kotre_sorte,3,0.0021,124810,87.96
6335,kouichy,3,0.0021,124813,87.96
6336,kraiSH,3,0.0021,124816,87.97
6337,krasvint666,3,0.0021,124819,87.97
6338,kronkiebear,3,0.0021,124822,87.97
6339,ksol8,3,0.0021,124825,87.97
6340,kty_qx33211Qa,3,0.0021,124828,87.98
6341,kyonkiti99,3,0.0021,124831,87.98
6342,kzq,3,0.0021,124834,87.98
6343,lagunaunasubs444,3,0.0021,124837,87.98
6344,lamontay1233,3,0.0021,124840,87.98
6345,laomeng,3,0.0021,124843,87.99
6346,larotule,3,0.0021,124846,87.99
6347,lauraknopek8329,3,0.0021,124849,87.99
6348,lauris302,3,0.0021,124852,87.99
6349,lbliketwice,3,0.0021,124855,87.99
6350,ld8559581649,3,0.0021,124858,88.0
6351,leanmeandemonkiller,3,0.0021,124861,88.0
6352,lecho05213738,3,0.0021,124864,88.0
6353,leika32,3,0.0021,124867,88.0
6354,lesixis943375,3,0.0021,124870,88.0
6355,lexxethra,3,0.0021,124873,88.01
6356,lilac3,3,0.0021,124876,88.01
6357,lingRedCloud,3,0.0021,124879,88.01
6358,lixilolixil,3,0.0021,124882,88.01
6359,lizkalashnikova678,3,0.0021,124885,88.02
6360,logenninefingers888,3,0.0021,124888,88.02
6361,logybmaster1351,3,0.0021,124891,88.02
6362,long147369,3,0.0021,124894,88.02
6363,lordazorius917,3,0.0021,124897,88.02
6364,lordcher,3,0.0021,124900,88.03
6365,lordslugg45498,3,0.0021,124903,88.03
6366,lorenzolamasse,3,0.0021,124906,88.03
6367,louismgj918,3,0.0021,124909,88.03
6368,lqzLucky_block,3,0.0021,124912,88.03
6369,lucaslimarezende044867,3,0.0021,124915,88.04
6370,lunagath,3,0.0021,124918,88.04
6371,lurkerone,3,0.0021,124921,88.04
6372,lwjheart,3,0.0021,124924,88.04
6373,lynat1k,3,0.0021,124927,88.04
6374,m10m,3,0.0021,124930,88.05
6375,m10renderz,3,0.0021,124933,88.05
6376,m444a33,3,0.0021,124936,88.05
6377,maad88,3,0.0021,124939,88.05
6378,machineeye3012667,3,0.0021,124942,88.06
6379,magless,3,0.0021,124945,88.06
6380,magnuuge,3,0.0021,124948,88.06
6381,mai739594630,3,0.0021,124951,88.06
6382,maksnovickij99713,3,0.0021,124954,88.06
6383,mammothmctundra,3,0.0021,124957,88.07
6384,manzyu,3,0.0021,124960,88.07
6385,marcelreddy,3,0.0021,124963,88.07
6386,mariano_art,3,0.0021,124966,88.07
6387,marios6943680,3,0.0021,124969,88.07
6388,marsarmy,3,0.0021,124972,88.08
6389,martelliandrea932,3,0.0021,124975,88.08
6390,maske_,3,0.0021,124978,88.08
6391,mastersaby521,3,0.0021,124981,88.08
6392,mastertouch711,3,0.0021,124984,88.09
6393,mattoe01,3,0.0021,124987,88.09
6394,maximilianotenedor134,3,0.0021,124990,88.09
6395,mechhyrule368,3,0.0021,124993,88.09
6396,meloetta,3,0.0021,124996,88.09
6397,mengxinyimei,3,0.0021,124999,88.1
6398,meowmeowcleve,3,0.0021,125002,88.1
6399,merri115,3,0.0021,125005,88.1
6400,mgmsalias2out,3,0.0021,125008,88.1
6401,michael26,3,0.0021,125011,88.1
6402,midnite_vulture,3,0.0021,125014,88.11
6403,mifan98,3,0.0021,125017,88.11
6404,migplatinium51299,3,0.0021,125020,88.11
6405,mimi0,3,0.0021,125023,88.11
6406,mirkoalbedo,3,0.0021,125026,88.11
6407,missc,3,0.0021,125029,88.12
6408,miyax857,3,0.0021,125032,88.12
6409,mizuki393,3,0.0021,125035,88.12
6410,mofomofo539383,3,0.0021,125038,88.12
6411,mohsensd1373787,3,0.0021,125041,88.13
6412,mojitomojo,3,0.0021,125044,88.13
6413,monthmood2i319,3,0.0021,125047,88.13
6414,mortious787847,3,0.0021,125050,88.13
6415,motoserra,3,0.0021,125053,88.13
6416,mpamais,3,0.0021,125056,88.14
6417,mrschllyay,3,0.0021,125059,88.14
6418,mrseyker,3,0.0021,125062,88.14
6419,ms09rRICKDOM,3,0.0021,125065,88.14
6420,msw2,3,0.0021,125068,88.14
6421,multilockone412,3,0.0021,125071,88.15
6422,mustardgooning67,3,0.0021,125074,88.15
6423,myxeks,3,0.0021,125077,88.15
6424,n0404n0404445,3,0.0021,125080,88.15
6425,n_Arno,3,0.0021,125083,88.15
6426,namotog,3,0.0021,125086,88.16
6427,nanashi,3,0.0021,125089,88.16
6428,nax4370,3,0.0021,125092,88.16
6429,necatron,3,0.0021,125095,88.16
6430,nekocat561,3,0.0021,125098,88.17
6431,neongaming133118,3,0.0021,125101,88.17
6432,nerusu,3,0.0021,125104,88.17
6433,nesrettizaniolo,3,0.0021,125107,88.17
6434,netloratrainer,3,0.0021,125110,88.17
6435,neuro404,3,0.0021,125113,88.18
6436,nexaimagine585,3,0.0021,125116,88.18
6437,nicelysedated708,3,0.0021,125119,88.18
6438,nicerpanda,3,0.0021,125122,88.18
6439,nkeeneconcrete726,3,0.0021,125125,88.18
6440,noctusnoccv284,3,0.0021,125128,88.19
6441,nod20a,3,0.0021,125131,88.19
6442,nonozone222653,3,0.0021,125134,88.19
6443,nottheninja,3,0.0021,125137,88.19
6444,nwbing8888,3,0.0021,125140,88.2
6445,nyxthulhu,3,0.0021,125143,88.2
6446,nztaiki,3,0.0021,125146,88.2
6447,obentoai,3,0.0021,125149,88.2
6448,ocularmon,3,0.0021,125152,88.2
6449,oddyredwing102,3,0.0021,125155,88.21
6450,oeoelsch163,3,0.0021,125158,88.21
6451,oherre11,3,0.0021,125161,88.21
6452,okingjo,3,0.0021,125164,88.21
6453,oldemkiv,3,0.0021,125167,88.21
6454,olekzeir415,3,0.0021,125170,88.22
6455,olgyz165,3,0.0021,125173,88.22
6456,onlyflans15880,3,0.0021,125176,88.22
6457,onoseraph12b,3,0.0021,125179,88.22
6458,opus_opus01192,3,0.0021,125182,88.22
6459,oralandfun,3,0.0021,125185,88.23
6460,oringeby,3,0.0021,125188,88.23
6461,orion556,3,0.0021,125191,88.23
6462,orlando729755140,3,0.0021,125194,88.23
6463,oufrontis,3,0.0021,125197,88.24
6464,outf,3,0.0021,125200,88.24
6465,ozzywolfe,3,0.0021,125203,88.24
6466,palesuccubus,3,0.0021,125206,88.24
6467,papuasia,3,0.0021,125209,88.24
6468,pawdenoreilly783,3,0.0021,125212,88.25
6469,peterwang2002767,3,0.0021,125215,88.25
6470,pheartheijn271,3,0.0021,125218,88.25
6471,pico0obyte442,3,0.0021,125221,88.25
6472,piftwc990,3,0.0021,125224,88.25
6473,pilerivulet910,3,0.0021,125227,88.26
6474,pinquorate127,3,0.0021,125230,88.26
6475,pintrobeanz,3,0.0021,125233,88.26
6476,playtime_ai_,3,0.0021,125236,88.26
6477,poilisk118330,3,0.0021,125239,88.26
6478,pointaveugle,3,0.0021,125242,88.27
6479,poisioei,3,0.0021,125245,88.27
6480,polarisstar,3,0.0021,125248,88.27
6481,ponio12397511,3,0.0021,125251,88.27
6482,ponzomut146,3,0.0021,125254,88.28
6483,poorjedi,3,0.0021,125257,88.28
6484,pootieetang,3,0.0021,125260,88.28
6485,potijun,3,0.0021,125263,88.28
6486,ppkkmoon,3,0.0021,125266,88.28
6487,ppppp88,3,0.0021,125269,88.29
6488,pstgnome5,3,0.0021,125272,88.29
6489,puffyboys,3,0.0021,125275,88.29
6490,pvt,3,0.0021,125278,88.29
6491,pwngreg,3,0.0021,125281,88.29
6492,qcgooner,3,0.0021,125284,88.3
6493,qeoiuhweof,3,0.0021,125287,88.3
6494,qiqi0925,3,0.0021,125290,88.3
6495,qro37hfo325,3,0.0021,125293,88.3
6496,quillanlockard70868,3,0.0021,125296,88.31
6497,quirkycali,3,0.0021,125299,88.31
6498,quyllur2929330,3,0.0021,125302,88.31
6499,rEdNiX,3,0.0021,125305,88.31
6500,rac21169,3,0.0021,125308,88.31
6501,rafamc999297,3,0.0021,125311,88.32
6502,rajbinay352362,3,0.0021,125314,88.32
6503,rand479,3,0.0021,125317,88.32
6504,rata2ile,3,0.0021,125320,88.32
6505,raulf6846843,3,0.0021,125323,88.32
6506,realclone,3,0.0021,125326,88.33
6507,reallything63941,3,0.0021,125329,88.33
6508,redcreamsoda,3,0.0021,125332,88.33
6509,redraster2000,3,0.0021,125335,88.33
6510,redsh,3,0.0021,125338,88.33
6511,reevee,3,0.0021,125341,88.34
6512,refract1on601,3,0.0021,125344,88.34
6513,remus315,3,0.0021,125347,88.34
6514,renas,3,0.0021,125350,88.34
6515,rex000210,3,0.0021,125353,88.35
6516,rgjaime91638,3,0.0021,125356,88.35
6517,riccardogobita614,3,0.0021,125359,88.35
6518,riskya4,3,0.0021,125362,88.35
6519,riukenzang959,3,0.0021,125365,88.35
6520,rms449,3,0.0021,125368,88.36
6521,roblox7uwys420,3,0.0021,125371,88.36
6522,robopowerful,3,0.0021,125374,88.36
6523,robstronk,3,0.0021,125377,88.36
6524,robustmarteneuvx380,3,0.0021,125380,88.36
6525,rollpollution193,3,0.0021,125383,88.37
6526,rossg4535,3,0.0021,125386,88.37
6527,rudimentaire573,3,0.0021,125389,88.37
6528,runruffnsmooth,3,0.0021,125392,88.37
6529,rvkwi,3,0.0021,125395,88.37
6530,rziv228,3,0.0021,125398,88.38
6531,sGRsAI,3,0.0021,125401,88.38
6532,safetyhazard1994330,3,0.0021,125404,88.38
6533,saintmaresgerard760,3,0.0021,125407,88.38
6534,sakura_anko,3,0.0021,125410,88.39
6535,salman555560,3,0.0021,125413,88.39
6536,salmansg05482,3,0.0021,125416,88.39
6537,samuraisilent20,3,0.0021,125419,88.39
6538,sancountry,3,0.0021,125422,88.39
6539,sasanji,3,0.0021,125425,88.4
6540,sasha_sore,3,0.0021,125428,88.4
6541,sauceenjoyer,3,0.0021,125431,88.4
6542,sbkbking,3,0.0021,125434,88.4
6543,sbmm1102,3,0.0021,125437,88.4
6544,scOnii,3,0.0021,125440,88.41
6545,schall8,3,0.0021,125443,88.41
6546,schenad4,3,0.0021,125446,88.41
6547,scythe1190,3,0.0021,125449,88.41
6548,sean590,3,0.0021,125452,88.41
6549,secndbrekfast,3,0.0021,125455,88.42
6550,secterl333,3,0.0021,125458,88.42
6551,sending_stones766,3,0.0021,125461,88.42
6552,seppalF,3,0.0021,125464,88.42
6553,seralex744,3,0.0021,125467,88.43
6554,serhejjmaminv139,3,0.0021,125470,88.43
6555,shamoheriton267,3,0.0021,125473,88.43
6556,shaniumeiv724,3,0.0021,125476,88.43
6557,shiftfurry,3,0.0021,125479,88.43
6558,shigatsu_renaki,3,0.0021,125482,88.44
6559,shining_blazes,3,0.0021,125485,88.44
6560,shiokumi,3,0.0021,125488,88.44
6561,shitsurei7,3,0.0021,125491,88.44
6562,shizoghost,3,0.0021,125494,88.44
6563,shshjsjsv344,3,0.0021,125497,88.45
6564,signalsleeper,3,0.0021,125500,88.45
6565,silenus2008902,3,0.0021,125503,88.45
6566,sillydobi,3,0.0021,125506,88.45
6567,silverrender,3,0.0021,125509,88.46
6568,skinnysaintnothing,3,0.0021,125512,88.46
6569,skrewyoug0ogle963,3,0.0021,125515,88.46
6570,skybear,3,0.0021,125518,88.46
6571,skyechang302,3,0.0021,125521,88.46
6572,skyger,3,0.0021,125524,88.47
6573,slem_butterfly417,3,0.0021,125527,88.47
6574,slickguy,3,0.0021,125530,88.47
6575,smithb4799358,3,0.0021,125533,88.47
6576,smithjohndoe116,3,0.0021,125536,88.47
6577,smitywerm829,3,0.0021,125539,88.48
6578,smoonHacker,3,0.0021,125542,88.48
6579,smutten,3,0.0021,125545,88.48
6580,sobadterrible,3,0.0021,125548,88.48
6581,softMeng,3,0.0021,125551,88.48
6582,solavii,3,0.0021,125554,88.49
6583,someoneeac,3,0.0021,125557,88.49
6584,sora9781,3,0.0021,125560,88.49
6585,spam905,3,0.0021,125563,88.49
6586,specX,3,0.0021,125566,88.5
6587,spudajt401,3,0.0021,125569,88.5
6588,srlord,3,0.0021,125572,88.5
6589,sss1q,3,0.0021,125575,88.5
6590,sss_mmm,3,0.0021,125578,88.5
6591,stasisguy,3,0.0021,125581,88.51
6592,stonewall99999,3,0.0021,125584,88.51
6593,stormer3,3,0.0021,125587,88.51
6594,subaru12012901,3,0.0021,125590,88.51
6595,subtropolis,3,0.0021,125593,88.51
6596,summer4love610,3,0.0021,125596,88.52
6597,sungerele,3,0.0021,125599,88.52
6598,supaman456k,3,0.0021,125602,88.52
6599,sussy_gryphon,3,0.0021,125605,88.52
6600,sutanito,3,0.0021,125608,88.52
6601,swagm,3,0.0021,125611,88.53
6602,swan,3,0.0021,125614,88.53
6603,swan2745169,3,0.0021,125617,88.53
6604,swoleproject,3,0.0021,125620,88.53
6605,synechodus688,3,0.0021,125623,88.54
6606,t3chn0fr3aky,3,0.0021,125626,88.54
6607,tahmmy89602,3,0.0021,125629,88.54
6608,tallylove,3,0.0021,125632,88.54
6609,tanukidennsyou922,3,0.0021,125635,88.54
6610,tatatsutsuyaya178,3,0.0021,125638,88.55
6611,tawsLoRa,3,0.0021,125641,88.55
6612,taxoxe4820393,3,0.0021,125644,88.55
6613,tazilla,3,0.0021,125647,88.55
6614,technicalmonkey,3,0.0021,125650,88.55
6615,teehee,3,0.0021,125653,88.56
6616,tensor_fanatic,3,0.0021,125656,88.56
6617,terpentinas,3,0.0021,125659,88.56
6618,tetonasenjoyer,3,0.0021,125662,88.56
6619,thatmodelmaker,3,0.0021,125665,88.57
6620,thatsca197,3,0.0021,125668,88.57
6621,thedarkgroomsbride,3,0.0021,125671,88.57
6622,theluciaria781,3,0.0021,125674,88.57
6623,themakoh,3,0.0021,125677,88.57
6624,theman111,3,0.0021,125680,88.58
6625,themarco,3,0.0021,125683,88.58
6626,theprotoartent677,3,0.0021,125686,88.58
6627,theregretmeter,3,0.0021,125689,88.58
6628,thesilentwitness88415,3,0.0021,125692,88.58
6629,thezveroboy,3,0.0021,125695,88.59
6630,thisisKANDY,3,0.0021,125698,88.59
6631,thrai4sm_64428,3,0.0021,125701,88.59
6632,tisamistere12,3,0.0021,125704,88.59
6633,tit90120453,3,0.0021,125707,88.59
6634,toepeeper,3,0.0021,125710,88.6
6635,tomdvs,3,0.0021,125713,88.6
6636,tonquatin429876,3,0.0021,125716,88.6
6637,torisaato,3,0.0021,125719,88.6
6638,tormans,3,0.0021,125722,88.61
6639,tou_tetu_999876,3,0.0021,125725,88.61
6640,transformer25,3,0.0021,125728,88.61
6641,trezzyholy0808794,3,0.0021,125731,88.61
6642,trollift,3,0.0021,125734,88.61
6643,trudaregmxcom502,3,0.0021,125737,88.62
6644,tsabiko,3,0.0021,125740,88.62
6645,tstlra,3,0.0021,125743,88.62
6646,tsuki_,3,0.0021,125746,88.62
6647,ttplanet,3,0.0021,125749,88.62
6648,ttyuttai,3,0.0021,125752,88.63
6649,turisasbr221,3,0.0021,125755,88.63
6650,turnerw143482,3,0.0021,125758,88.63
6651,txQuar,3,0.0021,125761,88.63
6652,uevolofdo,3,0.0021,125764,88.63
6653,upgrade318824,3,0.0021,125767,88.64
6654,userofnames,3,0.0021,125770,88.64
6655,v71954642301,3,0.0021,125773,88.64
6656,val3nt1jo760,3,0.0021,125776,88.64
6657,vassid,3,0.0021,125779,88.65
6658,vborshio985,3,0.0021,125782,88.65
6659,venturinimatheus684566,3,0.0021,125785,88.65
6660,visionaryvisions,3,0.0021,125788,88.65
6661,visionspik,3,0.0021,125791,88.65
6662,vjumpkung,3,0.0021,125794,88.66
6663,vovkkabanko,3,0.0021,125797,88.66
6664,voyage4444536,3,0.0021,125800,88.66
6665,vq310,3,0.0021,125803,88.66
6666,vulvadigital,3,0.0021,125806,88.66
6667,waifu4u2,3,0.0021,125809,88.67
6668,wait_,3,0.0021,125812,88.67
6669,wang1818,3,0.0021,125815,88.67
6670,wcowboybebop298,3,0.0021,125818,88.67
6671,wearusquid,3,0.0021,125821,88.68
6672,weirdoctopus,3,0.0021,125824,88.68
6673,weyote4114447,3,0.0021,125827,88.68
6674,wgh2o58,3,0.0021,125830,88.68
6675,whaylee,3,0.0021,125833,88.68
6676,whiteoo,3,0.0021,125836,88.69
6677,whoamama,3,0.0021,125839,88.69
6678,whyKusanagi,3,0.0021,125842,88.69
6679,will_world,3,0.0021,125845,88.69
6680,wimmz,3,0.0021,125848,88.69
6681,winsbdx,3,0.0021,125851,88.7
6682,wop1359602,3,0.0021,125854,88.7
6683,worldheadja,3,0.0021,125857,88.7
6684,woshitiancaiba409,3,0.0021,125860,88.7
6685,wretcheduniverse,3,0.0021,125863,88.7
6686,wrstlr,3,0.0021,125866,88.71
6687,wudang,3,0.0021,125869,88.71
6688,xSiri1,3,0.0021,125872,88.71
6689,xddddrift575,3,0.0021,125875,88.71
6690,xenexia,3,0.0021,125878,88.72
6691,xiangkaokedaya,3,0.0021,125881,88.72
6692,xiaoooan,3,0.0021,125884,88.72
6693,xingwho,3,0.0021,125887,88.72
6694,xoyexe6656346,3,0.0021,125890,88.72
6695,y18999733662,3,0.0021,125893,88.73
6696,yahife3293533,3,0.0021,125896,88.73
6697,yakumofuwa200,3,0.0021,125899,88.73
6698,ydoomenaud,3,0.0021,125902,88.73
6699,yehorskorokhodko182,3,0.0021,125905,88.73
6700,yellowheroncity,3,0.0021,125908,88.74
6701,yogurt77,3,0.0021,125911,88.74
6702,yoloswagger881,3,0.0021,125914,88.74
6703,yoyixo2,3,0.0021,125917,88.74
6704,yuc7749599,3,0.0021,125920,88.74
6705,yunyun,3,0.0021,125923,88.75
6706,zangetsusan,3,0.0021,125926,88.75
6707,zelgadisexe,3,0.0021,125929,88.75
6708,zellian,3,0.0021,125932,88.75
6709,zelydan,3,0.0021,125935,88.76
6710,zero0gakuen86,3,0.0021,125938,88.76
6711,zerol1,3,0.0021,125941,88.76
6712,zeromo,3,0.0021,125944,88.76
6713,zlgn6o297,3,0.0021,125947,88.76
6714,00fles,2,0.0014,125949,88.77
6715,10qp10qp,2,0.0014,125951,88.77
6716,10random10,2,0.0014,125953,88.77
6717,12346788fitback775,2,0.0014,125955,88.77
6718,12Gauge,2,0.0014,125957,88.77
6719,13216843521,2,0.0014,125959,88.77
6720,1325721364,2,0.0014,125961,88.77
6721,13405070516972,2,0.0014,125963,88.78
6722,146sqd888,2,0.0014,125965,88.78
6723,188aa670,2,0.0014,125967,88.78
6724,1990JGCC,2,0.0014,125969,88.78
6725,1Schatten1,2,0.0014,125971,88.78
6726,1altant7891,2,0.0014,125973,88.78
6727,1qe2irow,2,0.0014,125975,88.78
6728,1x1zh,2,0.0014,125977,88.78
6729,20010309,2,0.0014,125979,88.79
6730,222lry,2,0.0014,125981,88.79
6731,2424206949713,2,0.0014,125983,88.79
6732,249001139875,2,0.0014,125985,88.79
6733,2600000000000,2,0.0014,125987,88.79
6734,2Arz4nkt3,2,0.0014,125989,88.79
6735,2lose,2,0.0014,125991,88.79
6736,2m3ta,2,0.0014,125993,88.8
6737,3028454356425,2,0.0014,125995,88.8
6738,324784326324,2,0.0014,125997,88.8
6739,3396099054708,2,0.0014,125999,88.8
6740,360_Art,2,0.0014,126001,88.8
6741,3Deity,2,0.0014,126003,88.8
6742,3Humps1Kiss,2,0.0014,126005,88.8
6743,3dn3lt,2,0.0014,126007,88.81
6744,3m1lyAI,2,0.0014,126009,88.81
6745,4044,2,0.0014,126011,88.81
6746,417344197,2,0.0014,126013,88.81
6747,4858letta,2,0.0014,126015,88.81
6748,4kartico4252,2,0.0014,126017,88.81
6749,546534358888829,2,0.0014,126019,88.81
6750,584761274,2,0.0014,126021,88.82
6751,5ilk19e463,2,0.0014,126023,88.82
6752,67570,2,0.0014,126025,88.82
6753,682darkersideoflife1500,2,0.0014,126027,88.82
6754,704753250336,2,0.0014,126029,88.82
6755,714ganfall136,2,0.0014,126031,88.82
6756,76544456646464543535,2,0.0014,126033,88.82
6757,7oxytron,2,0.0014,126035,88.83
6758,8,2,0.0014,126037,88.83
6759,81dks_underground,2,0.0014,126039,88.83
6760,8Dataman8240,2,0.0014,126041,88.83
6761,8stepmafia,2,0.0014,126043,88.83
6762,9point000,2,0.0014,126045,88.83
6763,A0opoo_8,2,0.0014,126047,88.83
6764,A1kodesu,2,0.0014,126049,88.84
6765,ACLander,2,0.0014,126051,88.84
6766,AGARXOS,2,0.0014,126053,88.84
6767,AIDILETTA,2,0.0014,126055,88.84
6768,AIENGI,2,0.0014,126057,88.84
6769,AIHungryBros,2,0.0014,126059,88.84
6770,AIVNStudios,2,0.0014,126061,88.84
6771,AI_Experiment,2,0.0014,126063,88.85
6772,AI_Navigator,2,0.0014,126065,88.85
6773,AI_Weiwei,2,0.0014,126067,88.85
6774,AI_death,2,0.0014,126069,88.85
6775,AI_manimani,2,0.0014,126071,88.85
6776,AIdreama,2,0.0014,126073,88.85
6777,AIdundeeProd,2,0.0014,126075,88.85
6778,AKA51,2,0.0014,126077,88.86
6779,AKnightOfthe7Kingdoms1225,2,0.0014,126079,88.86
6780,ALTforme,2,0.0014,126081,88.86
6781,AN256x208,2,0.0014,126083,88.86
6782,ANNAN1314526,2,0.0014,126085,88.86
6783,ARAMGOD,2,0.0014,126087,88.86
6784,ARPart,2,0.0014,126089,88.86
6785,AX2705,2,0.0014,126091,88.87
6786,A_S_K,2,0.0014,126093,88.87
6787,A_mumu,2,0.0014,126095,88.87
6788,AahhhhAI,2,0.0014,126097,88.87
6789,Abbyss,2,0.0014,126099,88.87
6790,AbhorrentGale,2,0.0014,126101,88.87
6791,About3Lemons,2,0.0014,126103,88.87
6792,AbsoluteReality,2,0.0014,126105,88.88
6793,AceRyder6427,2,0.0014,126107,88.88
6794,AdNauseum,2,0.0014,126109,88.88
6795,Adaptalab0r,2,0.0014,126111,88.88
6796,Aehnanimouse,2,0.0014,126113,88.88
6797,Agent_Twilight001,2,0.0014,126115,88.88
6798,Agussaroso,2,0.0014,126117,88.88
6799,AiMamis,2,0.0014,126119,88.89
6800,AiMetatron,2,0.0014,126121,88.89
6801,AiModel1,2,0.0014,126123,88.89
6802,AiModelCreator69,2,0.0014,126125,88.89
6803,Ai_Capitalist,2,0.0014,126127,88.89
6804,Aibrush,2,0.0014,126129,88.89
6805,Aiconviction0117,2,0.0014,126131,88.89
6806,Ainme_ChunGPT,2,0.0014,126133,88.89
6807,Airborne_Ashes,2,0.0014,126135,88.9
6808,AiyouXu,2,0.0014,126137,88.9
6809,Akane_Himiko,2,0.0014,126139,88.9
6810,Akhiezer,2,0.0014,126141,88.9
6811,AkiAICreator,2,0.0014,126143,88.9
6812,Akiby,2,0.0014,126145,88.9
6813,AkroorkA,2,0.0014,126147,88.9
6814,Akunsmurf,2,0.0014,126149,88.91
6815,AlanDGamer,2,0.0014,126151,88.91
6816,Alastia,2,0.0014,126153,88.91
6817,Aldese99,2,0.0014,126155,88.91
6818,Aleastor,2,0.0014,126157,88.91
6819,AlienMonkeys,2,0.0014,126159,88.91
6820,Almaclub,2,0.0014,126161,88.91
6821,Alone_Check6058854,2,0.0014,126163,88.92
6822,Alstromeria,2,0.0014,126165,88.92
6823,AltLoverAI,2,0.0014,126167,88.92
6824,AlterAltAlt,2,0.0014,126169,88.92
6825,Alusu0001,2,0.0014,126171,88.92
6826,Amathera,2,0.0014,126173,88.92
6827,AmbatuTron,2,0.0014,126175,88.92
6828,AmberEyes,2,0.0014,126177,88.93
6829,Ambush_Lover,2,0.0014,126179,88.93
6830,Ameliafan,2,0.0014,126181,88.93
6831,AmirSchmooz,2,0.0014,126183,88.93
6832,AmoreCheeks,2,0.0014,126185,88.93
6833,AmyV1,2,0.0014,126187,88.93
6834,Anan696,2,0.0014,126189,88.93
6835,AndroidBoost404,2,0.0014,126191,88.94
6836,Anemiaex,2,0.0014,126193,88.94
6837,Angln,2,0.0014,126195,88.94
6838,AnimeHeart,2,0.0014,126197,88.94
6839,AnnMousse,2,0.0014,126199,88.94
6840,AnomalyTracker,2,0.0014,126201,88.94
6841,Anon2924,2,0.0014,126203,88.94
6842,AnonM7,2,0.0014,126205,88.95
6843,Anonymous_0000,2,0.0014,126207,88.95
6844,AnosVoldigoad,2,0.0014,126209,88.95
6845,Antface3000,2,0.0014,126211,88.95
6846,AnthroFutanariLesbians,2,0.0014,126213,88.95
6847,Apathemia,2,0.0014,126215,88.95
6848,AphaiusDanarte,2,0.0014,126217,88.95
6849,App1e17,2,0.0014,126219,88.96
6850,ApplePied,2,0.0014,126221,88.96
6851,Aquiliqex,2,0.0014,126223,88.96
6852,Arashiooo,2,0.0014,126225,88.96
6853,Arkune,2,0.0014,126227,88.96
6854,Armanchos,2,0.0014,126229,88.96
6855,ArrPeeGee,2,0.0014,126231,88.96
6856,ArtEnjoyer2,2,0.0014,126233,88.97
6857,Artban69,2,0.0014,126235,88.97
6858,ArtbyAndy,2,0.0014,126237,88.97
6859,ArtfulSubmission,2,0.0014,126239,88.97
6860,ArtificialVore,2,0.0014,126241,88.97
6861,ArtistAtWorst,2,0.0014,126243,88.97
6862,ArtisticResist6663705,2,0.0014,126245,88.97
6863,ArtomYT,2,0.0014,126247,88.98
6864,Ascendant_Stoic,2,0.0014,126249,88.98
6865,AshPokemonMaster,2,0.0014,126251,88.98
6866,Ash_KK,2,0.0014,126253,88.98
6867,Ashkazir111,2,0.0014,126255,88.98
6868,Asianmanholygod,2,0.0014,126257,88.98
6869,Askoll,2,0.0014,126259,88.98
6870,Asmados,2,0.0014,126261,88.99
6871,Ast_Moon,2,0.0014,126263,88.99
6872,Aston_San,2,0.0014,126265,88.99
6873,Astraali,2,0.0014,126267,88.99
6874,AstroWeasel,2,0.0014,126269,88.99
6875,Asukafan99,2,0.0014,126271,88.99
6876,Asumi63,2,0.0014,126273,88.99
6877,Aswoll,2,0.0014,126275,88.99
6878,Atlas2,2,0.0014,126277,89.0
6879,AtlasDiffusion,2,0.0014,126279,89.0
6880,Atsu_Foxy,2,0.0014,126281,89.0
6881,AttesMering,2,0.0014,126283,89.0
6882,Audi8,2,0.0014,126285,89.0
6883,August8,2,0.0014,126287,89.0
6884,Auleric,2,0.0014,126289,89.0
6885,Auraknightly,2,0.0014,126291,89.01
6886,Authix,2,0.0014,126293,89.01
6887,AutoRunMech,2,0.0014,126295,89.01
6888,Avaisth,2,0.0014,126297,89.01
6889,AwB76,2,0.0014,126299,89.01
6890,Awqsrem,2,0.0014,126301,89.01
6891,AyaBixini,2,0.0014,126303,89.01
6892,Azazely,2,0.0014,126305,89.02
6893,Azuragolden,2,0.0014,126307,89.02
6894,AzureLight,2,0.0014,126309,89.02
6895,B0jji,2,0.0014,126311,89.02
6896,B4RBFURRI,2,0.0014,126313,89.02
6897,BATMAN193927,2,0.0014,126315,89.02
6898,BBB113,2,0.0014,126317,89.02
6899,BINBA,2,0.0014,126319,89.03
6900,BLOBBERT123,2,0.0014,126321,89.03
6901,BLfox,2,0.0014,126323,89.03
6902,BMTZZ,2,0.0014,126325,89.03
6903,BPRD_Roger,2,0.0014,126327,89.03
6904,BaShanWu,2,0.0014,126329,89.03
6905,BackFromOblivion,2,0.0014,126331,89.03
6906,BadLion,2,0.0014,126333,89.04
6907,BagOfMilk,2,0.0014,126335,89.04
6908,BakaMitai,2,0.0014,126337,89.04
6909,Baka_Cirno,2,0.0014,126339,89.04
6910,BaliKali,2,0.0014,126341,89.04
6911,Ball7,2,0.0014,126343,89.04
6912,Banditcoop98,2,0.0014,126345,89.04
6913,Bantu,2,0.0014,126347,89.05
6914,BaraLovery,2,0.0014,126349,89.05
6915,Barakara,2,0.0014,126351,89.05
6916,Barbarella,2,0.0014,126353,89.05
6917,BareAi,2,0.0014,126355,89.05
6918,Barry_Wells_827,2,0.0014,126357,89.05
6919,BaskRanch,2,0.0014,126359,89.05
6920,BaskeTrash,2,0.0014,126361,89.06
6921,BatDelta,2,0.0014,126363,89.06
6922,BatmanMan1990,2,0.0014,126365,89.06
6923,Battlebands,2,0.0014,126367,89.06
6924,Bayetrepos,2,0.0014,126369,89.06
6925,Bbomner,2,0.0014,126371,89.06
6926,Beaniestiktok,2,0.0014,126373,89.06
6927,Beer_and_Peanuts,2,0.0014,126375,89.07
6928,Bejosk,2,0.0014,126377,89.07
6929,BelgOwned,2,0.0014,126379,89.07
6930,BellaMiano,2,0.0014,126381,89.07
6931,Bercos,2,0.0014,126383,89.07
6932,Bet0g16,2,0.0014,126385,89.07
6933,BezBruno,2,0.0014,126387,89.07
6934,Bg425,2,0.0014,126389,89.08
6935,BigAlt,2,0.0014,126391,89.08
6936,BigBitLover,2,0.0014,126393,89.08
6937,BigDaddyAI,2,0.0014,126395,89.08
6938,Big_Bluish,2,0.0014,126397,89.08
6939,Bigbillybob,2,0.0014,126399,89.08
6940,Bigchaor,2,0.0014,126401,89.08
6941,Bigfoot778083,2,0.0014,126403,89.09
6942,BillyManyle,2,0.0014,126405,89.09
6943,BimboFutaTF_NSFW,2,0.0014,126407,89.09
6944,BinBout,2,0.0014,126409,89.09
6945,Bingusbork,2,0.0014,126411,89.09
6946,BitchItsTheServe,2,0.0014,126413,89.09
6947,BlackCreekEntity,2,0.0014,126415,89.09
6948,BlackVortex,2,0.0014,126417,89.1
6949,Blackless,2,0.0014,126419,89.1
6950,Blacksvite,2,0.0014,126421,89.1
6951,BlairBrooksBB,2,0.0014,126423,89.1
6952,Blargan,2,0.0014,126425,89.1
6953,BlitzAceSamy,2,0.0014,126427,89.1
6954,BlitzwagAI,2,0.0014,126429,89.1
6955,BlueFireRain,2,0.0014,126431,89.1
6956,Blue_Pill_OD,2,0.0014,126433,89.11
6957,Bluelithium,2,0.0014,126435,89.11
6958,Boerboer,2,0.0014,126437,89.11
6959,Bombalurina,2,0.0014,126439,89.11
6960,Bonder,2,0.0014,126441,89.11
6961,Bonolis73,2,0.0014,126443,89.11
6962,Boui_alwais,2,0.0014,126445,89.11
6963,BoxaiMan,2,0.0014,126447,89.12
6964,Boxerr,2,0.0014,126449,89.12
6965,BraxBrax,2,0.0014,126451,89.12
6966,Bridgetor,2,0.0014,126453,89.12
6967,Brink576,2,0.0014,126455,89.12
6968,BrokenTycoon,2,0.0014,126457,89.12
6969,BronnkOff,2,0.0014,126459,89.12
6970,Broodmud,2,0.0014,126461,89.13
6971,Bruiu,2,0.0014,126463,89.13
6972,Brussie9,2,0.0014,126465,89.13
6973,Bsgsjs,2,0.0014,126467,89.13
6974,Bubkis69,2,0.0014,126469,89.13
6975,BuffPing,2,0.0014,126471,89.13
6976,Bulby,2,0.0014,126473,89.13
6977,Buldak2x,2,0.0014,126475,89.14
6978,Bulletvore,2,0.0014,126477,89.14
6979,Bumsky,2,0.0014,126479,89.14
6980,Bunnymundfire,2,0.0014,126481,89.14
6981,BurnerNameLmao,2,0.0014,126483,89.14
6982,Burst_Affinity,2,0.0014,126485,89.14
6983,Buzz9152,2,0.0014,126487,89.14
6984,ByakugaGranel,2,0.0014,126489,89.15
6985,Bymaga2,2,0.0014,126491,89.15
6986,CAPYBARA_AI_2D,2,0.0014,126493,89.15
6987,CH1996ART,2,0.0014,126495,89.15
6988,CHDAI,2,0.0014,126497,89.15
6989,CORPOLIFE,2,0.0014,126499,89.15
6990,CTFanon,2,0.0014,126501,89.15
6991,CZTehTron,2,0.0014,126503,89.16
6992,C_D,2,0.0014,126505,89.16
6993,Cab72Cab,2,0.0014,126507,89.16
6994,CabocloAI,2,0.0014,126509,89.16
6995,Caethes,2,0.0014,126511,89.16
6996,Caithy,2,0.0014,126513,89.16
6997,Cake654,2,0.0014,126515,89.16
6998,CalShon,2,0.0014,126517,89.17
6999,Calamity_Of_Saints,2,0.0014,126519,89.17
7000,Calcifer,2,0.0014,126521,89.17
7001,CallMeDelulu,2,0.0014,126523,89.17
7002,Callmewo13,2,0.0014,126525,89.17
7003,Callmewo14,2,0.0014,126527,89.17
7004,CamCam2,2,0.0014,126529,89.17
7005,CandiedFox,2,0.0014,126531,89.18
7006,Canmino472,2,0.0014,126533,89.18
7007,Catcher1,2,0.0014,126535,89.18
7008,Caudipteryx,2,0.0014,126537,89.18
7009,CautiosBirthday913,2,0.0014,126539,89.18
7010,Cearenbow,2,0.0014,126541,89.18
7011,Cellulanus,2,0.0014,126543,89.18
7012,CfkTx,2,0.0014,126545,89.19
7013,ChaosNiphZ,2,0.0014,126547,89.19
7014,Chenc_,2,0.0014,126549,89.19
7015,Chet13241,2,0.0014,126551,89.19
7016,Chief_Foxxer,2,0.0014,126553,89.19
7017,Chimaeraic_Generation,2,0.0014,126555,89.19
7018,ChipChocolateCookies,2,0.0014,126557,89.19
7019,ChotomaTo,2,0.0014,126559,89.2
7020,Chromm,2,0.0014,126561,89.2
7021,Chubba,2,0.0014,126563,89.2
7022,Chuum,2,0.0014,126565,89.2
7023,CiviCreator0100110001,2,0.0014,126567,89.2
7024,Claudius60,2,0.0014,126569,89.2
7025,Cloud,2,0.0014,126571,89.2
7026,Cloudgreen,2,0.0014,126573,89.21
7027,CmdrRyker05,2,0.0014,126575,89.21
7028,Cnszog,2,0.0014,126577,89.21
7029,CocoLarge,2,0.0014,126579,89.21
7030,Cocodrilo,2,0.0014,126581,89.21
7031,Cocosus,2,0.0014,126583,89.21
7032,Coffa_Trinity,2,0.0014,126585,89.21
7033,ColdArtD,2,0.0014,126587,89.21
7034,Colettelover,2,0.0014,126589,89.22
7035,Coleywoley,2,0.0014,126591,89.22
7036,Colorblind_Duck,2,0.0014,126593,89.22
7037,CommissarKyo,2,0.0014,126595,89.22
7038,ConanDio,2,0.0014,126597,89.22
7039,CoolCivitAIUser,2,0.0014,126599,89.22
7040,Coolbean889,2,0.0014,126601,89.22
7041,Coolguy69696969,2,0.0014,126603,89.23
7042,Corbe,2,0.0014,126605,89.23
7043,Coronara,2,0.0014,126607,89.23
7044,Corrupt_File,2,0.0014,126609,89.23
7045,CortexReaver,2,0.0014,126611,89.23
7046,CreamyCatgirl,2,0.0014,126613,89.23
7047,CreateInvestVisionIntel,2,0.0014,126615,89.23
7048,CreatorMachine,2,0.0014,126617,89.24
7049,CreepyCartoonYT,2,0.0014,126619,89.24
7050,CrikeyMcDoodle,2,0.0014,126621,89.24
7051,CrimsonFantasy,2,0.0014,126623,89.24
7052,CritHappens,2,0.0014,126625,89.24
7053,CrownVic07,2,0.0014,126627,89.24
7054,Cruxious,2,0.0014,126629,89.24
7055,Crybabies,2,0.0014,126631,89.25
7056,Cureless,2,0.0014,126633,89.25
7057,CuriousZero,2,0.0014,126635,89.25
7058,Cursingswede,2,0.0014,126637,89.25
7059,CuteCaption,2,0.0014,126639,89.25
7060,CutePuppy7776911,2,0.0014,126641,89.25
7061,Cute_cat2025,2,0.0014,126643,89.25
7062,Cutemanji,2,0.0014,126645,89.26
7063,CxcNeverDerezzedCxC,2,0.0014,126647,89.26
7064,CyanideWuff,2,0.0014,126649,89.26
7065,CyberDemonAi,2,0.0014,126651,89.26
7066,Cytoplasm,2,0.0014,126653,89.26
7067,D0R0E0A0M0E0R,2,0.0014,126655,89.26
7068,DDD72,2,0.0014,126657,89.26
7069,DD_Ai_art,2,0.0014,126659,89.27
7070,DEFDAAG,2,0.0014,126661,89.27
7071,DIESELDEZNUTZ69,2,0.0014,126663,89.27
7072,DJCyberdog,2,0.0014,126665,89.27
7073,DNAMDMA,2,0.0014,126667,89.27
7074,DOFGK,2,0.0014,126669,89.27
7075,DOUKUTUKAI,2,0.0014,126671,89.27
7076,DS27SD,2,0.0014,126673,89.28
7077,DSlite,2,0.0014,126675,89.28
7078,DTAlt,2,0.0014,126677,89.28
7079,DXccs4,2,0.0014,126679,89.28
7080,DaNalynz,2,0.0014,126681,89.28
7081,Dahlia_Rose,2,0.0014,126683,89.28
7082,Daimuro,2,0.0014,126685,89.28
7083,Dan666,2,0.0014,126687,89.29
7084,DanUP,2,0.0014,126689,89.29
7085,Dan_Ding,2,0.0014,126691,89.29
7086,Darcel6699,2,0.0014,126693,89.29
7087,DarkCobra,2,0.0014,126695,89.29
7088,DarkGrief,2,0.0014,126697,89.29
7089,DarkReever,2,0.0014,126699,89.29
7090,DarkShiva,2,0.0014,126701,89.3
7091,DarknessNOVA,2,0.0014,126703,89.3
7092,DarylAnimates16,2,0.0014,126705,89.3
7093,Davidrobinson,2,0.0014,126707,89.3
7094,DawarGupta,2,0.0014,126709,89.3
7095,Daxcoil,2,0.0014,126711,89.3
7096,DeBfel,2,0.0014,126713,89.3
7097,DeadManWalking,2,0.0014,126715,89.31
7098,DeeSwing,2,0.0014,126717,89.31
7099,Deek356,2,0.0014,126719,89.31
7100,Defidynamo,2,0.0014,126721,89.31
7101,DegenerateDiffusion,2,0.0014,126723,89.31
7102,Deizor,2,0.0014,126725,89.31
7103,DemOk,2,0.0014,126727,89.31
7104,DemonLeafs,2,0.0014,126729,89.31
7105,Demonsmut,2,0.0014,126731,89.32
7106,DerickP,2,0.0014,126733,89.32
7107,Designer_ILQIN,2,0.0014,126735,89.32
7108,DesireDrive,2,0.0014,126737,89.32
7109,Detamin,2,0.0014,126739,89.32
7110,Deto15,2,0.0014,126741,89.32
7111,Dezireal,2,0.0014,126743,89.32
7112,Dhdhfv,2,0.0014,126745,89.33
7113,DiamondWulf,2,0.0014,126747,89.33
7114,Diaoshini8280128,2,0.0014,126749,89.33
7115,Diedra,2,0.0014,126751,89.33
7116,Diegard85,2,0.0014,126753,89.33
7117,Digiartninjads,2,0.0014,126755,89.33
7118,Dilrhyn,2,0.0014,126757,89.33
7119,Dimension_X_Photos,2,0.0014,126759,89.34
7120,DinoPlay,2,0.0014,126761,89.34
7121,Diodamyr,2,0.0014,126763,89.34
7122,DireMoralis,2,0.0014,126765,89.34
7123,Dirk_Raven,2,0.0014,126767,89.34
7124,Dirtygirl5,2,0.0014,126769,89.34
7125,Disaster85,2,0.0014,126771,89.34
7126,Dispenser,2,0.0014,126773,89.35
7127,Disruptor_art_warehouse,2,0.0014,126775,89.35
7128,DitamAi,2,0.0014,126777,89.35
7129,Dobbiboy,2,0.0014,126779,89.35
7130,Dobu,2,0.0014,126781,89.35
7131,DomDomTomTom,2,0.0014,126783,89.35
7132,DonnellyDrake,2,0.0014,126785,89.35
7133,DontGetEnoughLover,2,0.0014,126787,89.36
7134,DopeKin,2,0.0014,126789,89.36
7135,DouPucky,2,0.0014,126791,89.36
7136,DoujinCircle_nike,2,0.0014,126793,89.36
7137,DovaSubs,2,0.0014,126795,89.36
7138,DrA_263,2,0.0014,126797,89.36
7139,DrHexagon,2,0.0014,126799,89.36
7140,Dr_Dirlewanker,2,0.0014,126801,89.37
7141,Dra_o,2,0.0014,126803,89.37
7142,DracoZaroff,2,0.0014,126805,89.37
7143,Draco_Nobu_Simp,2,0.0014,126807,89.37
7144,DraegonManaka,2,0.0014,126809,89.37
7145,DragonGraham,2,0.0014,126811,89.37
7146,DragonLite,2,0.0014,126813,89.37
7147,DragonWarrior008,2,0.0014,126815,89.38
7148,DragonbornAlpfa,2,0.0014,126817,89.38
7149,Dragoneel,2,0.0014,126819,89.38
7150,Drake_890,2,0.0014,126821,89.38
7151,Drake_Chance,2,0.0014,126823,89.38
7152,Drakosknight,2,0.0014,126825,89.38
7153,Draxyl,2,0.0014,126827,89.38
7154,Dreamer_ABS,2,0.0014,126829,89.39
7155,Dronebot_0314,2,0.0014,126831,89.39
7156,Dubious2450,2,0.0014,126833,89.39
7157,DuglasKele,2,0.0014,126835,89.39
7158,DukeTukem,2,0.0014,126837,89.39
7159,Durrell,2,0.0014,126839,89.39
7160,Dustar,2,0.0014,126841,89.39
7161,Dustn_Echoes,2,0.0014,126843,89.4
7162,Dynede,2,0.0014,126845,89.4
7163,EGC577Channel,2,0.0014,126847,89.4
7164,EROSXXX,2,0.0014,126849,89.4
7165,ESDTH,2,0.0014,126851,89.4
7166,Eagle4Life,2,0.0014,126853,89.4
7167,EatingThiccGlass,2,0.0014,126855,89.4
7168,Ebanu8140,2,0.0014,126857,89.41
7169,EbonyWonderland,2,0.0014,126859,89.41
7170,EcchiEater,2,0.0014,126861,89.41
7171,Edward84,2,0.0014,126863,89.41
7172,Eiromatics,2,0.0014,126865,89.41
7173,ElMSC25_SECUELS,2,0.0014,126867,89.41
7174,El_ansioso,2,0.0014,126869,89.41
7175,ElectricBoobs,2,0.0014,126871,89.42
7176,Elfin_hot,2,0.0014,126873,89.42
7177,Ello2431,2,0.0014,126875,89.42
7178,Emillio,2,0.0014,126877,89.42
7179,EmoBoy,2,0.0014,126879,89.42
7180,Emokri,2,0.0014,126881,89.42
7181,Enclavejones02,2,0.0014,126883,89.42
7182,Endrlwy,2,0.0014,126885,89.42
7183,EntireAsparagoose298,2,0.0014,126887,89.43
7184,Enya_Diz,2,0.0014,126889,89.43
7185,Erosoft,2,0.0014,126891,89.43
7186,Erotics_Babes,2,0.0014,126893,89.43
7187,ErrethAkbe,2,0.0014,126895,89.43
7188,Eternallyended,2,0.0014,126897,89.43
7189,Etshd,2,0.0014,126899,89.43
7190,Eudaimonikos,2,0.0014,126901,89.44
7191,Evaise,2,0.0014,126903,89.44
7192,Evil_GoldenApple,2,0.0014,126905,89.44
7193,Evilprozac79,2,0.0014,126907,89.44
7194,Excelsior_est2005,2,0.0014,126909,89.44
7195,ExcitedDolphin,2,0.0014,126911,89.44
7196,Experimental_9,2,0.0014,126913,89.44
7197,ExpressAsked4567,2,0.0014,126915,89.45
7198,Exuno5912,2,0.0014,126917,89.45
7199,Eyebunny,2,0.0014,126919,89.45
7200,FASCIUM,2,0.0014,126921,89.45
7201,FGO5566,2,0.0014,126923,89.45
7202,FLOW0308,2,0.0014,126925,89.45
7203,FNAFBoys,2,0.0014,126927,89.45
7204,FT_love,2,0.0014,126929,89.46
7205,FUTA69,2,0.0014,126931,89.46
7206,FaJaLa,2,0.0014,126933,89.46
7207,Fabin_2024,2,0.0014,126935,89.46
7208,FairyDollFetishist,2,0.0014,126937,89.46
7209,FallenIncursio,2,0.0014,126939,89.46
7210,Fallen_AI,2,0.0014,126941,89.46
7211,Fantom_Bear,2,0.0014,126943,89.47
7212,Farum,2,0.0014,126945,89.47
7213,FaskalPemzibar,2,0.0014,126947,89.47
7214,Fediiel,2,0.0014,126949,89.47
7215,FelixBo,2,0.0014,126951,89.47
7216,FelixDaCat,2,0.0014,126953,89.47
7217,FelkorFancy,2,0.0014,126955,89.47
7218,Felkuri,2,0.0014,126957,89.48
7219,Fembooty,2,0.0014,126959,89.48
7220,FemboyN1fan,2,0.0014,126961,89.48
7221,Fermat_Returns,2,0.0014,126963,89.48
7222,FexaGenerates,2,0.0014,126965,89.48
7223,Finoo125,2,0.0014,126967,89.48
7224,FirstLastTrash,2,0.0014,126969,89.48
7225,Fivespoons,2,0.0014,126971,89.49
7226,Flavor2323,2,0.0014,126973,89.49
7227,FleshTexture,2,0.0014,126975,89.49
7228,Floatablewater,2,0.0014,126977,89.49
7229,FlyingDumpsterFire,2,0.0014,126979,89.49
7230,Flymm,2,0.0014,126981,89.49
7231,Folding_Chair,2,0.0014,126983,89.49
7232,Forestar,2,0.0014,126985,89.5
7233,Founditoncemore,2,0.0014,126987,89.5
7234,Fox3r,2,0.0014,126989,89.5
7235,FoxAndElf,2,0.0014,126991,89.5
7236,Foxfurr,2,0.0014,126993,89.5
7237,Frank_nintendo_rocker,2,0.0014,126995,89.5
7238,Frankintosh,2,0.0014,126997,89.5
7239,Fredmaster030,2,0.0014,126999,89.51
7240,FriddleDeeDoo,2,0.0014,127001,89.51
7241,FriendOfSun,2,0.0014,127003,89.51
7242,FrogDNA,2,0.0014,127005,89.51
7243,Froggit92,2,0.0014,127007,89.51
7244,Frozenheal,2,0.0014,127009,89.51
7245,FullpowerSkadi,2,0.0014,127011,89.51
7246,Fumai,2,0.0014,127013,89.52
7247,Furrylingus,2,0.0014,127015,89.52
7248,Furtits_enjoyer,2,0.0014,127017,89.52
7249,FutaFemDonuts,2,0.0014,127019,89.52
7250,GEO7819,2,0.0014,127021,89.52
7251,GHOST3013,2,0.0014,127023,89.52
7252,GIURAYASUNO,2,0.0014,127025,89.52
7253,GabeSap,2,0.0014,127027,89.52
7254,Gameboy99,2,0.0014,127029,89.53
7255,Garbanzo_Bean,2,0.0014,127031,89.53
7256,Garland,2,0.0014,127033,89.53
7257,Garroz,2,0.0014,127035,89.53
7258,Gaspatcher,2,0.0014,127037,89.53
7259,Gay_FlipFuck,2,0.0014,127039,89.53
7260,Gecktendo,2,0.0014,127041,89.53
7261,Geekpower,2,0.0014,127043,89.54
7262,Geeky_nerd,2,0.0014,127045,89.54
7263,Geerira,2,0.0014,127047,89.54
7264,Geistanime,2,0.0014,127049,89.54
7265,GentlemanSlut,2,0.0014,127051,89.54
7266,GeorgePan,2,0.0014,127053,89.54
7267,Georgelow,2,0.0014,127055,89.54
7268,GerardKnight,2,0.0014,127057,89.55
7269,Gericho222,2,0.0014,127059,89.55
7270,GermanArt75,2,0.0014,127061,89.55
7271,GhostHentai,2,0.0014,127063,89.55
7272,GigaGraves,2,0.0014,127065,89.55
7273,Gigachad6666,2,0.0014,127067,89.55
7274,GiganticMuscleBodz,2,0.0014,127069,89.55
7275,Gingercide,2,0.0014,127071,89.56
7276,Gnarg,2,0.0014,127073,89.56
7277,Godweeb,2,0.0014,127075,89.56
7278,GoldArt,2,0.0014,127077,89.56
7279,GoldenStar,2,0.0014,127079,89.56
7280,Gontenx,2,0.0014,127081,89.56
7281,Gooberunlimited,2,0.0014,127083,89.56
7282,Goobnugget,2,0.0014,127085,89.57
7283,Goonslopper,2,0.0014,127087,89.57
7284,GoshaKal15,2,0.0014,127089,89.57
7285,GotonAI,2,0.0014,127091,89.57
7286,Grade_A_Can,2,0.0014,127093,89.57
7287,GrandpaAddict,2,0.0014,127095,89.57
7288,GreatSouei,2,0.0014,127097,89.57
7289,Greedo_666,2,0.0014,127099,89.58
7290,GreenGoblincel,2,0.0014,127101,89.58
7291,GreninjaBoy23,2,0.0014,127103,89.58
7292,Greyshonstouts,2,0.0014,127105,89.58
7293,Gtwthf,2,0.0014,127107,89.58
7294,Guest64,2,0.0014,127109,89.58
7295,GuffyZED,2,0.0014,127111,89.58
7296,Gumwad,2,0.0014,127113,89.59
7297,GunshipIntact,2,0.0014,127115,89.59
7298,GustavGalla,2,0.0014,127117,89.59
7299,Gutalfdark,2,0.0014,127119,89.59
7300,GuyInGreen,2,0.0014,127121,89.59
7301,H34PH35TU5,2,0.0014,127123,89.59
7302,H4N4,2,0.0014,127125,89.59
7303,HADES06,2,0.0014,127127,89.6
7304,HGoomba,2,0.0014,127129,89.6
7305,HQ_AI,2,0.0014,127131,89.6
7306,HSystem,2,0.0014,127133,89.6
7307,Hadley_Ruf,2,0.0014,127135,89.6
7308,Haheha3hahhaheehaheahe3,2,0.0014,127137,89.6
7309,Handmaiden_Of_Osiris,2,0.0014,127139,89.6
7310,HardyBigg,2,0.0014,127141,89.61
7311,Haruz,2,0.0014,127143,89.61
7312,Hasi82,2,0.0014,127145,89.61
7313,Hayanaga,2,0.0014,127147,89.61
7314,Hazuzu18,2,0.0014,127149,89.61
7315,Hbait2,2,0.0014,127151,89.61
7316,Heatking22,2,0.0014,127153,89.61
7317,Hellass,2,0.0014,127155,89.62
7318,Hellsonger,2,0.0014,127157,89.62
7319,Hellstorm901,2,0.0014,127159,89.62
7320,Heloxas,2,0.0014,127161,89.62
7321,HerMajesty1969,2,0.0014,127163,89.62
7322,HeraldofHell,2,0.0014,127165,89.62
7323,HermitTheVandal,2,0.0014,127167,89.62
7324,Herrscher_AGGA,2,0.0014,127169,89.63
7325,Herryomoss,2,0.0014,127171,89.63
7326,Hewytul,2,0.0014,127173,89.63
7327,HexShade,2,0.0014,127175,89.63
7328,Hidden,2,0.0014,127177,89.63
7329,Hihij9,2,0.0014,127179,89.63
7330,HijabFusion,2,0.0014,127181,89.63
7331,Hilvar,2,0.0014,127183,89.63
7332,Him_elWea,2,0.0014,127185,89.64
7333,Hinatas,2,0.0014,127187,89.64
7334,Hinder,2,0.0014,127189,89.64
7335,Hiting,2,0.0014,127191,89.64
7336,HobbyDragon,2,0.0014,127193,89.64
7337,HolmesCage,2,0.0014,127195,89.64
7338,HoneyPalka,2,0.0014,127197,89.64
7339,Horaikken2,2,0.0014,127199,89.65
7340,Horatio1,2,0.0014,127201,89.65
7341,HornyGremlin,2,0.0014,127203,89.65
7342,Hornyballer,2,0.0014,127205,89.65
7343,Hoverboy96,2,0.0014,127207,89.65
7344,HowDareThee,2,0.0014,127209,89.65
7345,Huge_Error25882181,2,0.0014,127211,89.65
7346,Huge_Totebag,2,0.0014,127213,89.66
7347,HughLuke19,2,0.0014,127215,89.66
7348,HuiskensHandel,2,0.0014,127217,89.66
7349,Huskydog112,2,0.0014,127219,89.66
7350,Huslyo123,2,0.0014,127221,89.66
7351,HyperHunks,2,0.0014,127223,89.66
7352,IA_Lante_Waifu,2,0.0014,127225,89.66
7353,IGOCreator,2,0.0014,127227,89.67
7354,IIoH4uk,2,0.0014,127229,89.67
7355,INfluvertia,2,0.0014,127231,89.67
7356,IllPapaya7436167,2,0.0014,127233,89.67
7357,ImTheBaron,2,0.0014,127235,89.67
7358,ImageSlayer,2,0.0014,127237,89.67
7359,Inaritricks,2,0.0014,127239,89.67
7360,Incindious,2,0.0014,127241,89.68
7361,Indriagod,2,0.0014,127243,89.68
7362,InfamousSide6,2,0.0014,127245,89.68
7363,InfiniteVisionary,2,0.0014,127247,89.68
7364,InherentFictice,2,0.0014,127249,89.68
7365,Intothis,2,0.0014,127251,89.68
7366,InvisTable,2,0.0014,127253,89.68
7367,Irisil,2,0.0014,127255,89.69
7368,Irizu,2,0.0014,127257,89.69
7369,IronPhish,2,0.0014,127259,89.69
7370,Ironytail34,2,0.0014,127261,89.69
7371,Isak_IA,2,0.0014,127263,89.69
7372,IstheChosen,2,0.0014,127265,89.69
7373,Ivy_S,2,0.0014,127267,89.69
7374,Ixabata_Chiang_Mai,2,0.0014,127269,89.7
7375,IzzySlytherz,2,0.0014,127271,89.7
7376,J4ck234,2,0.0014,127273,89.7
7377,J61,2,0.0014,127275,89.7
7378,JARFU,2,0.0014,127277,89.7
7379,JC_3,2,0.0014,127279,89.7
7380,JPSD2,2,0.0014,127281,89.7
7381,JackOverland,2,0.0014,127283,89.71
7382,Jack_Fry,2,0.0014,127285,89.71
7383,JackerStacker,2,0.0014,127287,89.71
7384,JadenCandy,2,0.0014,127289,89.71
7385,JakeyAI,2,0.0014,127291,89.71
7386,Jakopai,2,0.0014,127293,89.71
7387,Jalda,2,0.0014,127295,89.71
7388,JamMan,2,0.0014,127297,89.72
7389,JamesTK,2,0.0014,127299,89.72
7390,Jamesroyal,2,0.0014,127301,89.72
7391,JaneB,2,0.0014,127303,89.72
7392,Jarjarrr,2,0.0014,127305,89.72
7393,Jarkox,2,0.0014,127307,89.72
7394,Jaunty,2,0.0014,127309,89.72
7395,JeffBelmont,2,0.0014,127311,89.73
7396,Jekemp,2,0.0014,127313,89.73
7397,JellyFistMe,2,0.0014,127315,89.73
7398,Jemee_,2,0.0014,127317,89.73
7399,Jenna_JLM,2,0.0014,127319,89.73
7400,JennyAnderson,2,0.0014,127321,89.73
7401,JennySummers,2,0.0014,127323,89.73
7402,Jentix,2,0.0014,127325,89.74
7403,JerryGolais,2,0.0014,127327,89.74
7404,Jiwiw,2,0.0014,127329,89.74
7405,Jjtalen,2,0.0014,127331,89.74
7406,Jkuabara,2,0.0014,127333,89.74
7407,Jmik,2,0.0014,127335,89.74
7408,JoD4444,2,0.0014,127337,89.74
7409,Jobee,2,0.0014,127339,89.74
7410,JohnWolfe95,2,0.0014,127341,89.75
7411,JohnnyJim,2,0.0014,127343,89.75
7412,Jojo99999999999999999999999999,2,0.0014,127345,89.75
7413,Joker888,2,0.0014,127347,89.75
7414,Joker958,2,0.0014,127349,89.75
7415,Jokerparty_50_,2,0.0014,127351,89.75
7416,Jolixia,2,0.0014,127353,89.75
7417,Jordifur,2,0.0014,127355,89.76
7418,JosephCz486,2,0.0014,127357,89.76
7419,Jotaroh_kujoh00,2,0.0014,127359,89.76
7420,Jrbi,2,0.0014,127361,89.76
7421,JuicyPeaches,2,0.0014,127363,89.76
7422,JunkerFunker03,2,0.0014,127365,89.76
7423,Junkie42,2,0.0014,127367,89.76
7424,Jurandir777,2,0.0014,127369,89.77
7425,Justin_B,2,0.0014,127371,89.77
7426,JvEagle,2,0.0014,127373,89.77
7427,Jyrraz,2,0.0014,127375,89.77
7428,K4ga,2,0.0014,127377,89.77
7429,K64K46,2,0.0014,127379,89.77
7430,KCCBNN,2,0.0014,127381,89.77
7431,KGooner,2,0.0014,127383,89.78
7432,KKTT6783,2,0.0014,127385,89.78
7433,KLAMPO221,2,0.0014,127387,89.78
7434,KONI22NIANAKY,2,0.0014,127389,89.78
7435,KSP_Doberman,2,0.0014,127391,89.78
7436,KSyR,2,0.0014,127393,89.78
7437,KUSANAGI1995,2,0.0014,127395,89.78
7438,K_931203,2,0.0014,127397,89.79
7439,K_D_E,2,0.0014,127399,89.79
7440,KabsCorner,2,0.0014,127401,89.79
7441,Kajo88,2,0.0014,127403,89.79
7442,Kamensentaichigou,2,0.0014,127405,89.79
7443,Kandarr,2,0.0014,127407,89.79
7444,Kangadig,2,0.0014,127409,89.79
7445,Kangarou,2,0.0014,127411,89.8
7446,KanzakiEriko235,2,0.0014,127413,89.8
7447,KaoZonE,2,0.0014,127415,89.8
7448,Kasurnica,2,0.0014,127417,89.8
7449,Kat_Daddy,2,0.0014,127419,89.8
7450,Kata_Phusin,2,0.0014,127421,89.8
7451,KatoriB,2,0.0014,127423,89.8
7452,KayneGiordano,2,0.0014,127425,89.81
7453,Kef111,2,0.0014,127427,89.81
7454,KelevraQuackenstein3,2,0.0014,127429,89.81
7455,Kelra,2,0.0014,127431,89.81
7456,KeratosRex,2,0.0014,127433,89.81
7457,KerberosART,2,0.0014,127435,89.81
7458,KhanNarehate,2,0.0014,127437,89.81
7459,Kicsika,2,0.0014,127439,89.82
7460,Kidrancho,2,0.0014,127441,89.82
7461,KiiroSeal,2,0.0014,127443,89.82
7462,KiitUnp,2,0.0014,127445,89.82
7463,KikiMezkrin,2,0.0014,127447,89.82
7464,KimHose,2,0.0014,127449,89.82
7465,Kimhuni,2,0.0014,127451,89.82
7466,Kimioko,2,0.0014,127453,89.83
7467,KingViking2236,2,0.0014,127455,89.83
7468,Kingbill23,2,0.0014,127457,89.83
7469,Kingboo2000,2,0.0014,127459,89.83
7470,Kinggregory1981,2,0.0014,127461,89.83
7471,KinglySquire,2,0.0014,127463,89.83
7472,Kipchik,2,0.0014,127465,89.83
7473,Kittiesmalls,2,0.0014,127467,89.84
7474,KittyKitty11,2,0.0014,127469,89.84
7475,Kkkraven,2,0.0014,127471,89.84
7476,Knarf706,2,0.0014,127473,89.84
7477,Knt664,2,0.0014,127475,89.84
7478,Ko100praV,2,0.0014,127477,89.84
7479,KoRo_,2,0.0014,127479,89.84
7480,KomentadorX,2,0.0014,127481,89.84
7481,KomentadorX1,2,0.0014,127483,89.85
7482,KongMu,2,0.0014,127485,89.85
7483,KorMode,2,0.0014,127487,89.85
7484,Kraken_Overlord,2,0.0014,127489,89.85
7485,Krestine,2,0.0014,127491,89.85
7486,Kristirina,2,0.0014,127493,89.85
7487,KryptonXL,2,0.0014,127495,89.85
7488,KtK13,2,0.0014,127497,89.86
7489,Kursh,2,0.0014,127499,89.86
7490,KwKyuQ,2,0.0014,127501,89.86
7491,Kwijiboe,2,0.0014,127503,89.86
7492,KyberNS,2,0.0014,127505,89.86
7493,L4zy,2,0.0014,127507,89.86
7494,LEM_TOKI,2,0.0014,127509,89.86
7495,LGaze,2,0.0014,127511,89.87
7496,LOOTBOXES,2,0.0014,127513,89.87
7497,Lachenalia_virid4796,2,0.0014,127515,89.87
7498,Larsiness,2,0.0014,127517,89.87
7499,Latexstation256,2,0.0014,127519,89.87
7500,LauShine,2,0.0014,127521,89.87
7501,Laugur3,2,0.0014,127523,89.87
7502,Lawrencedan090,2,0.0014,127525,89.88
7503,LazyMagicCat,2,0.0014,127527,89.88
7504,Lazzytizz,2,0.0014,127529,89.88
7505,LbhMan,2,0.0014,127531,89.88
7506,LeConveir,2,0.0014,127533,89.88
7507,LeRaven,2,0.0014,127535,89.88
7508,Leechris,2,0.0014,127537,89.88
7509,LegendaryFin,2,0.0014,127539,89.89
7510,Leguy20,2,0.0014,127541,89.89
7511,LemonCthulhu,2,0.0014,127543,89.89
7512,Lengend,2,0.0014,127545,89.89
7513,LeonDoesntDraw,2,0.0014,127547,89.89
7514,Lepro4,2,0.0014,127549,89.89
7515,Letoile,2,0.0014,127551,89.89
7516,LewdAii,2,0.0014,127553,89.9
7517,LewdLord,2,0.0014,127555,89.9
7518,Lexapro,2,0.0014,127557,89.9
7519,LiAng_VV,2,0.0014,127559,89.9
7520,Lichlord,2,0.0014,127561,89.9
7521,Lichun,2,0.0014,127563,89.9
7522,LightWeft,2,0.0014,127565,89.9
7523,Lilyedot,2,0.0014,127567,89.91
7524,LionelDC,2,0.0014,127569,89.91
7525,Ljkdrg34,2,0.0014,127571,89.91
7526,Llaisa,2,0.0014,127573,89.91
7527,LmaoPro,2,0.0014,127575,89.91
7528,LoRa_training,2,0.0014,127577,89.91
7529,LoboForge,2,0.0014,127579,89.91
7530,Lolwwp,2,0.0014,127581,89.92
7531,LongDestrs,2,0.0014,127583,89.92
7532,LordMonday444,2,0.0014,127585,89.92
7533,Lordimature05,2,0.0014,127587,89.92
7534,Losman79,2,0.0014,127589,89.92
7535,LoudnProud,2,0.0014,127591,89.92
7536,LuRenard,2,0.0014,127593,89.92
7537,LucienOfChaos,2,0.0014,127595,89.93
7538,LucisFere,2,0.0014,127597,89.93
7539,Lucjusior,2,0.0014,127599,89.93
7540,Lucva,2,0.0014,127601,89.93
7541,LukasSep,2,0.0014,127603,89.93
7542,Lukiwolf,2,0.0014,127605,89.93
7543,Lukomi,2,0.0014,127607,89.93
7544,Lukser,2,0.0014,127609,89.94
7545,Lumanirus,2,0.0014,127611,89.94
7546,Luminastre,2,0.0014,127613,89.94
7547,Luminosity_studios,2,0.0014,127615,89.94
7548,LuminousH,2,0.0014,127617,89.94
7549,Luna4X,2,0.0014,127619,89.94
7550,LunaireKitty,2,0.0014,127621,89.94
7551,Lurker89,2,0.0014,127623,89.95
7552,LustyCreationist,2,0.0014,127625,89.95
7553,LuxxxDigital,2,0.0014,127627,89.95
7554,M5tvey,2,0.0014,127629,89.95
7555,MAJINSEIJIN,2,0.0014,127631,89.95
7556,MCPL,2,0.0014,127633,89.95
7557,MC_Saimin,2,0.0014,127635,89.95
7558,METATEN,2,0.0014,127637,89.95
7559,MMJ123,2,0.0014,127639,89.96
7560,MRS_MAYHAM,2,0.0014,127641,89.96
7561,MS73,2,0.0014,127643,89.96
7562,MSWang,2,0.0014,127645,89.96
7563,MToon,2,0.0014,127647,89.96
7564,Ma4an,2,0.0014,127649,89.96
7565,MaDMaed,2,0.0014,127651,89.96
7566,MacNoble,2,0.0014,127653,89.97
7567,MacroMacMagic,2,0.0014,127655,89.97
7568,Mactep7,2,0.0014,127657,89.97
7569,MadTricky,2,0.0014,127659,89.97
7570,MaddieCastini,2,0.0014,127661,89.97
7571,Maddoc412,2,0.0014,127663,89.97
7572,Maelborn,2,0.0014,127665,89.97
7573,MagentaRose,2,0.0014,127667,89.98
7574,MagiAI,2,0.0014,127669,89.98
7575,Maikoru_Barushia,2,0.0014,127671,89.98
7576,MajorWhite,2,0.0014,127673,89.98
7577,Makoto_Eri,2,0.0014,127675,89.98
7578,Malcolm_S,2,0.0014,127677,89.98
7579,Mandario,2,0.0014,127679,89.98
7580,Mandatarius_403,2,0.0014,127681,89.99
7581,Maniac_,2,0.0014,127683,89.99
7582,Manityro,2,0.0014,127685,89.99
7583,Mann17,2,0.0014,127687,89.99
7584,Manuwest,2,0.0014,127689,89.99
7585,MarTz_Arts,2,0.0014,127691,89.99
7586,Marcelredwood,2,0.0014,127693,89.99
7587,Mark24,2,0.0014,127695,90.0
7588,Marlosart,2,0.0014,127697,90.0
7589,MarxTM,2,0.0014,127699,90.0
7590,Maskfeind,2,0.0014,127701,90.0
7591,MassivetART,2,0.0014,127703,90.0
7592,Master005,2,0.0014,127705,90.0
7593,MasterBreeder,2,0.0014,127707,90.0
7594,MasterEditor1000,2,0.0014,127709,90.01
7595,MasterLoki,2,0.0014,127711,90.01
7596,Master_Vi,2,0.0014,127713,90.01
7597,Matcha_milk_shake,2,0.0014,127715,90.01
7598,Maxx3080,2,0.0014,127717,90.01
7599,MayaWantsCheese,2,0.0014,127719,90.01
7600,Mazzmer,2,0.0014,127721,90.01
7601,Mbb50,2,0.0014,127723,90.02
7602,McKronex,2,0.0014,127725,90.02
7603,MeLikeApplez,2,0.0014,127727,90.02
7604,Megazard,2,0.0014,127729,90.02
7605,Mekonya,2,0.0014,127731,90.02
7606,MellowT95,2,0.0014,127733,90.02
7607,Menehdhe,2,0.0014,127735,90.02
7608,Menof500,2,0.0014,127737,90.03
7609,MenserLou,2,0.0014,127739,90.03
7610,MeowchiruAI,2,0.0014,127741,90.03
7611,Meowser,2,0.0014,127743,90.03
7612,Meravokas,2,0.0014,127745,90.03
7613,Merrimen,2,0.0014,127747,90.03
7614,MerrySaKi,2,0.0014,127749,90.03
7615,Merumii,2,0.0014,127751,90.04
7616,MetalApple,2,0.0014,127753,90.04
7617,Metalkimg01,2,0.0014,127755,90.04
7618,MewtwoBlueShoes,2,0.0014,127757,90.04
7619,Mgmsaliasforever,2,0.0014,127759,90.04
7620,MiaAshleyCD,2,0.0014,127761,90.04
7621,MiaIceberg,2,0.0014,127763,90.04
7622,Miaminxxi,2,0.0014,127765,90.05
7623,Midorizuku,2,0.0014,127767,90.05
7624,MightyCrimson,2,0.0014,127769,90.05
7625,Mike44,2,0.0014,127771,90.05
7626,MikeAzg,2,0.0014,127773,90.05
7627,MikeRosoft,2,0.0014,127775,90.05
7628,MilfMan,2,0.0014,127777,90.05
7629,Milfy_AI,2,0.0014,127779,90.05
7630,Milpj01,2,0.0014,127781,90.06
7631,Mimi3456,2,0.0014,127783,90.06
7632,Mineweeper,2,0.0014,127785,90.06
7633,Miranna,2,0.0014,127787,90.06
7634,MissAstrid,2,0.0014,127789,90.06
7635,MisterE9599,2,0.0014,127791,90.06
7636,MisterMan117,2,0.0014,127793,90.06
7637,Mister_Grey,2,0.0014,127795,90.07
7638,Mixin_chills,2,0.0014,127797,90.07
7639,Miyoku,2,0.0014,127799,90.07
7640,Mkramer1974,2,0.0014,127801,90.07
7641,MoebiusZero,2,0.0014,127803,90.07
7642,MokaAkashyia,2,0.0014,127805,90.07
7643,MonsterGirlLite,2,0.0014,127807,90.07
7644,MooYogurt,2,0.0014,127809,90.08
7645,MoonDroch,2,0.0014,127811,90.08
7646,Mooshha,2,0.0014,127813,90.08
7647,MoosieMoose,2,0.0014,127815,90.08
7648,Morozov_vdt,2,0.0014,127817,90.08
7649,Morpholi,2,0.0014,127819,90.08
7650,MorriganNSFW,2,0.0014,127821,90.08
7651,MortonSalt,2,0.0014,127823,90.09
7652,Moskolov,2,0.0014,127825,90.09
7653,Mostafa_AI,2,0.0014,127827,90.09
7654,Mourna,2,0.0014,127829,90.09
7655,Mpway,2,0.0014,127831,90.09
7656,MrIdentity,2,0.0014,127833,90.09
7657,MrLawliet,2,0.0014,127835,90.09
7658,MrN1999,2,0.0014,127837,90.1
7659,MrTwister99,2,0.0014,127839,90.1
7660,Mr_BlackSheep,2,0.0014,127841,90.1
7661,Mr_LemonTea,2,0.0014,127843,90.1
7662,Mr_MAQ,2,0.0014,127845,90.1
7663,Mr_Sleaze,2,0.0014,127847,90.1
7664,Mr_whatever27,2,0.0014,127849,90.1
7665,MultiMala,2,0.0014,127851,90.11
7666,Muscle_and_Kemono,2,0.0014,127853,90.11
7667,MutedAura,2,0.0014,127855,90.11
7668,Mystash,2,0.0014,127857,90.11
7669,MythicMaker,2,0.0014,127859,90.11
7670,NGL_Ai,2,0.0014,127861,90.11
7671,NO_FACTOR,2,0.0014,127863,90.11
7672,NR_bones,2,0.0014,127865,90.12
7673,NSFW_Loona,2,0.0014,127867,90.12
7674,NS_hhhh,2,0.0014,127869,90.12
7675,NSane_wiZZarD,2,0.0014,127871,90.12
7676,NYCBulge23401,2,0.0014,127873,90.12
7677,NYCWallCrawler,2,0.0014,127875,90.12
7678,Nacarat,2,0.0014,127877,90.12
7679,Nadare6912,2,0.0014,127879,90.13
7680,Nag_,2,0.0014,127881,90.13
7681,NajaCookies,2,0.0014,127883,90.13
7682,NamiBestGirl,2,0.0014,127885,90.13
7683,Nangoku,2,0.0014,127887,90.13
7684,NaruruSiena,2,0.0014,127889,90.13
7685,Naszir,2,0.0014,127891,90.13
7686,Nazarlus,2,0.0014,127893,90.14
7687,NcProductions,2,0.0014,127895,90.14
7688,Nearbush,2,0.0014,127897,90.14
7689,NekoChanLP,2,0.0014,127899,90.14
7690,Nelprox_25,2,0.0014,127901,90.14
7691,NeoBuyako,2,0.0014,127903,90.14
7692,Neotaro,2,0.0014,127905,90.14
7693,Nepunep69,2,0.0014,127907,90.15
7694,Nero997,2,0.0014,127909,90.15
7695,NetNiceNiece,2,0.0014,127911,90.15
7696,Neuroalchemist,2,0.0014,127913,90.15
7697,New_Discipline_115764,2,0.0014,127915,90.15
7698,Newbienoove,2,0.0014,127917,90.15
7699,NextMeal,2,0.0014,127919,90.15
7700,Next_Destro_Ai,2,0.0014,127921,90.16
7701,Ngl04,2,0.0014,127923,90.16
7702,Ngpete46,2,0.0014,127925,90.16
7703,Nicaine,2,0.0014,127927,90.16
7704,NicktheKnife,2,0.0014,127929,90.16
7705,Nicol_Ai,2,0.0014,127931,90.16
7706,Nicole_shork,2,0.0014,127933,90.16
7707,NightStrido,2,0.0014,127935,90.16
7708,Niksplosion2003,2,0.0014,127937,90.17
7709,Nilix,2,0.0014,127939,90.17
7710,Nilon,2,0.0014,127941,90.17
7711,NisisWasTaken,2,0.0014,127943,90.17
7712,Nlo,2,0.0014,127945,90.17
7713,NoHandsMan,2,0.0014,127947,90.17
7714,NoNeighborhood5421491,2,0.0014,127949,90.17
7715,No_chX,2,0.0014,127951,90.18
7716,No_name67,2,0.0014,127953,90.18
7717,Nobsak,2,0.0014,127955,90.18
7718,NolderID,2,0.0014,127957,90.18
7719,Nonameless444,2,0.0014,127959,90.18
7720,NordicSuccubus,2,0.0014,127961,90.18
7721,Nordic_Risu,2,0.0014,127963,90.18
7722,Norenia,2,0.0014,127965,90.19
7723,Noshiro520,2,0.0014,127967,90.19
7724,Not_Zanuka,2,0.0014,127969,90.19
7725,Notreallyhere1212,2,0.0014,127971,90.19
7726,Notrino,2,0.0014,127973,90.19
7727,NovPrdaw,2,0.0014,127975,90.19
7728,NovaLova,2,0.0014,127977,90.19
7729,Nrth,2,0.0014,127979,90.2
7730,Nuclear1811,2,0.0014,127981,90.2
7731,Nuwisha,2,0.0014,127983,90.2
7732,Nyan666,2,0.0014,127985,90.2
7733,Nyraen07,2,0.0014,127987,90.2
7734,Nythorin,2,0.0014,127989,90.2
7735,OGKetchup,2,0.0014,127991,90.2
7736,OKRU,2,0.0014,127993,90.21
7737,OLDesign,2,0.0014,127995,90.21
7738,Obamna228,2,0.0014,127997,90.21
7739,Obsidian_agency,2,0.0014,127999,90.21
7740,OcularPatdown,2,0.0014,128001,90.21
7741,Oden_6,2,0.0014,128003,90.21
7742,Odilia,2,0.0014,128005,90.21
7743,Okkoda,2,0.0014,128007,90.22
7744,Oldcardigan,2,0.0014,128009,90.22
7745,OleaSTeR,2,0.0014,128011,90.22
7746,Oleh65,2,0.0014,128013,90.22
7747,Olorex,2,0.0014,128015,90.22
7748,Omalb,2,0.0014,128017,90.22
7749,OmnicontTv,2,0.0014,128019,90.22
7750,Omoeda1,2,0.0014,128021,90.23
7751,OneAshura,2,0.0014,128023,90.23
7752,Oppaifan97,2,0.0014,128025,90.23
7753,Orly,2,0.0014,128027,90.23
7754,Osami,2,0.0014,128029,90.23
7755,Osir1s,2,0.0014,128031,90.23
7756,Otaku_San,2,0.0014,128033,90.23
7757,OutisNemo,2,0.0014,128035,90.24
7758,Outrageous_Owl_7360188,2,0.0014,128037,90.24
7759,OverFit,2,0.0014,128039,90.24
7760,P0L0,2,0.0014,128041,90.24
7761,PBtheCreator,2,0.0014,128043,90.24
7762,PLGF,2,0.0014,128045,90.24
7763,POLTATO,2,0.0014,128047,90.24
7764,PalMG,2,0.0014,128049,90.25
7765,PapaHazeez,2,0.0014,128051,90.25
7766,Papydromel,2,0.0014,128053,90.25
7767,Parr0t,2,0.0014,128055,90.25
7768,Partisano,2,0.0014,128057,90.25
7769,PasserbyB,2,0.0014,128059,90.25
7770,PatMerchant,2,0.0014,128061,90.25
7771,PedraoSafadao,2,0.0014,128063,90.26
7772,Peli86,2,0.0014,128065,90.26
7773,Pepe5678,2,0.0014,128067,90.26
7774,Pepsi_Enjoyer,2,0.0014,128069,90.26
7775,Perfector,2,0.0014,128071,90.26
7776,Perkin23,2,0.0014,128073,90.26
7777,Perry_p,2,0.0014,128075,90.26
7778,Peterviper112581,2,0.0014,128077,90.26
7779,Pezetoide,2,0.0014,128079,90.27
7780,Phantasmal_Image,2,0.0014,128081,90.27
7781,PhantomInThePrompt,2,0.0014,128083,90.27
7782,Photographer4U,2,0.0014,128085,90.27
7783,Phty,2,0.0014,128087,90.27
7784,Phuongjoshi,2,0.0014,128089,90.27
7785,Pictime,2,0.0014,128091,90.27
7786,Pilgrim_,2,0.0014,128093,90.28
7787,PinMix32,2,0.0014,128095,90.28
7788,PinkCool,2,0.0014,128097,90.28
7789,Pink_Apple,2,0.0014,128099,90.28
7790,PinkamenaUser,2,0.0014,128101,90.28
7791,PinkiePie956,2,0.0014,128103,90.28
7792,PixelPervert,2,0.0014,128105,90.28
7793,Pizzamaster98,2,0.0014,128107,90.29
7794,Planetplay99,2,0.0014,128109,90.29
7795,PlantSerious,2,0.0014,128111,90.29
7796,Play4none,2,0.0014,128113,90.29
7797,PlayTheFool,2,0.0014,128115,90.29
7798,Plexemail001,2,0.0014,128117,90.29
7799,Plovart,2,0.0014,128119,90.29
7800,PmvAgent,2,0.0014,128121,90.3
7801,PolarBear1977,2,0.0014,128123,90.3
7802,PonyGirl,2,0.0014,128125,90.3
7803,Ponytale,2,0.0014,128127,90.3
7804,Ponytwerker69,2,0.0014,128129,90.3
7805,PookieNumnums,2,0.0014,128131,90.3
7806,PoppyLover,2,0.0014,128133,90.3
7807,PopularAI,2,0.0014,128135,90.31
7808,Porta,2,0.0014,128137,90.31
7809,Poshek,2,0.0014,128139,90.31
7810,PowerfulGazelle,2,0.0014,128141,90.31
7811,PrincessDark666YT,2,0.0014,128143,90.31
7812,Producer,2,0.0014,128145,90.31
7813,ProxyArts,2,0.0014,128147,90.31
7814,Psygizmo,2,0.0014,128149,90.32
7815,Pumpkinpunk,2,0.0014,128151,90.32
7816,PyRenVIII,2,0.0014,128153,90.32
7817,Pyroenthusiast,2,0.0014,128155,90.32
7818,QEGo,2,0.0014,128157,90.32
7819,QS1,2,0.0014,128159,90.32
7820,QWERTYUSERZ,2,0.0014,128161,90.32
7821,QueenTyrahnee666,2,0.0014,128163,90.33
7822,QueesyMcBaggins,2,0.0014,128165,90.33
7823,Quiet132,2,0.0014,128167,90.33
7824,Quinnteractive,2,0.0014,128169,90.33
7825,Quiqoulol,2,0.0014,128171,90.33
7826,Quiroptero2000,2,0.0014,128173,90.33
7827,R4208,2,0.0014,128175,90.33
7828,R4VEX,2,0.0014,128177,90.34
7829,RC0N,2,0.0014,128179,90.34
7830,REDglasses,2,0.0014,128181,90.34
7831,REMSUKI,2,0.0014,128183,90.34
7832,REV1designs,2,0.0014,128185,90.34
7833,RGJP,2,0.0014,128187,90.34
7834,RISC_V,2,0.0014,128189,90.34
7835,RKBB840,2,0.0014,128191,90.35
7836,RKKTZ,2,0.0014,128193,90.35
7837,RPendragon,2,0.0014,128195,90.35
7838,RaKkoon,2,0.0014,128197,90.35
7839,RacerBlueAI,2,0.0014,128199,90.35
7840,RackAtak,2,0.0014,128201,90.35
7841,RadiantRoar,2,0.0014,128203,90.35
7842,RagingInspiration,2,0.0014,128205,90.36
7843,Rakurima9,2,0.0014,128207,90.36
7844,RambleyEnjoyer,2,0.0014,128209,90.36
7845,Random_Maxx,2,0.0014,128211,90.36
7846,Random_Noise,2,0.0014,128213,90.36
7847,Randomguy1804,2,0.0014,128215,90.36
7848,Ranma3333,2,0.0014,128217,90.36
7849,Rapace,2,0.0014,128219,90.37
7850,Raptor9824,2,0.0014,128221,90.37
7851,Rationality,2,0.0014,128223,90.37
7852,RavenBabz,2,0.0014,128225,90.37
7853,Ravina,2,0.0014,128227,90.37
7854,RawSauce,2,0.0014,128229,90.37
7855,Rawdust,2,0.0014,128231,90.37
7856,Razira,2,0.0014,128233,90.37
7857,Razle,2,0.0014,128235,90.38
7858,Razlo,2,0.0014,128237,90.38
7859,RealFeelai,2,0.0014,128239,90.38
7860,Reaser000,2,0.0014,128241,90.38
7861,RebelIto,2,0.0014,128243,90.38
7862,Redbattle63,2,0.0014,128245,90.38
7863,Redpriest9527,2,0.0014,128247,90.38
7864,Reetesting,2,0.0014,128249,90.39
7865,Regress,2,0.0014,128251,90.39
7866,Rei_78461,2,0.0014,128253,90.39
7867,ReignShad0,2,0.0014,128255,90.39
7868,Reijiboo,2,0.0014,128257,90.39
7869,Reijiboy,2,0.0014,128259,90.39
7870,ReithIA,2,0.0014,128261,90.39
7871,Renzel,2,0.0014,128263,90.4
7872,Rerorerorero,2,0.0014,128265,90.4
7873,Retr_1,2,0.0014,128267,90.4
7874,Rev_Agora,2,0.0014,128269,90.4
7875,ReyTheDragon,2,0.0014,128271,90.4
7876,Rick_AI_Art,2,0.0014,128273,90.4
7877,Rickyshay,2,0.0014,128275,90.4
7878,RingtailKaitlyn,2,0.0014,128277,90.41
7879,Riphlosamon,2,0.0014,128279,90.41
7880,RiscogoboyGreat,2,0.0014,128281,90.41
7881,RitaxAI,2,0.0014,128283,90.41
7882,Robocubus,2,0.0014,128285,90.41
7883,RobotRobot1,2,0.0014,128287,90.41
7884,RockRockRock,2,0.0014,128289,90.41
7885,Rocky018,2,0.0014,128291,90.42
7886,RodgerCF,2,0.0014,128293,90.42
7887,Rodri60,2,0.0014,128295,90.42
7888,Rohana,2,0.0014,128297,90.42
7889,Roman_Picisan,2,0.0014,128299,90.42
7890,RootBootToo,2,0.0014,128301,90.42
7891,Rotucexer,2,0.0014,128303,90.42
7892,Rougs,2,0.0014,128305,90.43
7893,RudyTheRat,2,0.0014,128307,90.43
7894,RuneViking,2,0.0014,128309,90.43
7895,Runkun07,2,0.0014,128311,90.43
7896,Runtilt,2,0.0014,128313,90.43
7897,RyderOnFire,2,0.0014,128315,90.43
7898,Rynoels4,2,0.0014,128317,90.43
7899,Ryuseiviktor,2,0.0014,128319,90.44
7900,S1LV3RC01N,2,0.0014,128321,90.44
7901,S1S2S3,2,0.0014,128323,90.44
7902,S4NB,2,0.0014,128325,90.44
7903,SCRestore,2,0.0014,128327,90.44
7904,SHINdR34,2,0.0014,128329,90.44
7905,SLHFM,2,0.0014,128331,90.44
7906,SQAD,2,0.0014,128333,90.45
7907,SSA__AAX,2,0.0014,128335,90.45
7908,ST_ll,2,0.0014,128337,90.45
7909,SWEETSOLES,2,0.0014,128339,90.45
7910,SaberMordred,2,0.0014,128341,90.45
7911,Saikami,2,0.0014,128343,90.45
7912,SaikoSan1000,2,0.0014,128345,90.45
7913,SakuraTeas413,2,0.0014,128347,90.46
7914,Saljit,2,0.0014,128349,90.46
7915,San_Andreas,2,0.0014,128351,90.46
7916,Santopati,2,0.0014,128353,90.46
7917,SaradasInsole,2,0.0014,128355,90.46
7918,Sarau,2,0.0014,128357,90.46
7919,Saryn,2,0.0014,128359,90.46
7920,SasoriFanLatin,2,0.0014,128361,90.47
7921,SatanicBlackMagic,2,0.0014,128363,90.47
7922,SauceP_01,2,0.0014,128365,90.47
7923,SavagePanini,2,0.0014,128367,90.47
7924,SavageSmurf,2,0.0014,128369,90.47
7925,Savanni,2,0.0014,128371,90.47
7926,Savant_Azul,2,0.0014,128373,90.47
7927,SayoriAI,2,0.0014,128375,90.48
7928,Schlibby,2,0.0014,128377,90.48
7929,Scorponov,2,0.0014,128379,90.48
7930,SeAg_,2,0.0014,128381,90.48
7931,SeabWird,2,0.0014,128383,90.48
7932,Sebba02,2,0.0014,128385,90.48
7933,Secre8,2,0.0014,128387,90.48
7934,SecretAccount_57,2,0.0014,128389,90.48
7935,SeeSeeLP,2,0.0014,128391,90.49
7936,Seiren143,2,0.0014,128393,90.49
7937,SensitiveBuddy7003351,2,0.0014,128395,90.49
7938,SensualCreations,2,0.0014,128397,90.49
7939,SentientSlime,2,0.0014,128399,90.49
7940,Serass,2,0.0014,128401,90.49
7941,Sergeandgreen,2,0.0014,128403,90.49
7942,SexyPerfectCell,2,0.0014,128405,90.5
7943,SexyToons,2,0.0014,128407,90.5
7944,Sfbceyu,2,0.0014,128409,90.5
7945,Shaddydude,2,0.0014,128411,90.5
7946,ShadowLadiesMan,2,0.0014,128413,90.5
7947,ShadowMonkey,2,0.0014,128415,90.5
7948,Shadow_Mask36,2,0.0014,128417,90.5
7949,SharkbiteBay,2,0.0014,128419,90.51
7950,Sheila_Skyworld,2,0.0014,128421,90.51
7951,Shetlan,2,0.0014,128423,90.51
7952,Shidz,2,0.0014,128425,90.51
7953,ShiinGhonn,2,0.0014,128427,90.51
7954,Shinajin_Slayer,2,0.0014,128429,90.51
7955,Shinobix,2,0.0014,128431,90.51
7956,ShinyHero,2,0.0014,128433,90.52
7957,Shionu,2,0.0014,128435,90.52
7958,Shishikami,2,0.0014,128437,90.52
7959,Shmoejon,2,0.0014,128439,90.52
7960,Shokomonke,2,0.0014,128441,90.52
7961,ShortstackGremlin,2,0.0014,128443,90.52
7962,Shotaku,2,0.0014,128445,90.52
7963,ShyCarnivore,2,0.0014,128447,90.53
7964,Sibyeon,2,0.0014,128449,90.53
7965,Silver_Yeshou,2,0.0014,128451,90.53
7966,Silverarc,2,0.0014,128453,90.53
7967,SimoneCarter,2,0.0014,128455,90.53
7968,SinfulDreamer,2,0.0014,128457,90.53
7969,SinglePlayer,2,0.0014,128459,90.53
7970,SinisterSh0t,2,0.0014,128461,90.54
7971,Sippie,2,0.0014,128463,90.54
7972,Skdgutgutjurx,2,0.0014,128465,90.54
7973,SkyHawaii,2,0.0014,128467,90.54
7974,SlavikKarp,2,0.0014,128469,90.54
7975,Slimefeast,2,0.0014,128471,90.54
7976,Slippy21405,2,0.0014,128473,90.54
7977,Slong01,2,0.0014,128475,90.55
7978,Slowboii__,2,0.0014,128477,90.55
7979,SlowerArm,2,0.0014,128479,90.55
7980,Smcawe,2,0.0014,128481,90.55
7981,SmolestBrol,2,0.0014,128483,90.55
7982,Smut_Spinner,2,0.0014,128485,90.55
7983,Snaggledpuss,2,0.0014,128487,90.55
7984,SnorlaxLover143,2,0.0014,128489,90.56
7985,SocialistMVP,2,0.0014,128491,90.56
7986,Sofia_Dragoness,2,0.0014,128493,90.56
7987,Sohelpmefrog,2,0.0014,128495,90.56
7988,SolWeaver,2,0.0014,128497,90.56
7989,SolaR34,2,0.0014,128499,90.56
7990,Soliz,2,0.0014,128501,90.56
7991,SomeName69,2,0.0014,128503,90.57
7992,SomeWeirdStaffThings,2,0.0014,128505,90.57
7993,SonGoku,2,0.0014,128507,90.57
7994,SonicBlanka64,2,0.0014,128509,90.57
7995,SophiaWolf,2,0.0014,128511,90.57
7996,Sorinc,2,0.0014,128513,90.57
7997,Soulcoding,2,0.0014,128515,90.57
7998,SovieFie,2,0.0014,128517,90.58
7999,SpaceRitual,2,0.0014,128519,90.58
8000,SpankeyMonkey,2,0.0014,128521,90.58
8001,SpecialistGoose,2,0.0014,128523,90.58
8002,SphereMG,2,0.0014,128525,90.58
8003,SphinxsAIBabes,2,0.0014,128527,90.58
8004,SpidermanFan,2,0.0014,128529,90.58
8005,SpikeFan90,2,0.0014,128531,90.58
8006,Spitfire49,2,0.0014,128533,90.59
8007,Spitfire_502,2,0.0014,128535,90.59
8008,SpockLogic,2,0.0014,128537,90.59
8009,SrGarga2008,2,0.0014,128539,90.59
8010,Sr_RockwellyDesu,2,0.0014,128541,90.59
8011,StableNudeAI,2,0.0014,128543,90.59
8012,StaitX3,2,0.0014,128545,90.59
8013,StanZ,2,0.0014,128547,90.6
8014,Stark_74,2,0.0014,128549,90.6
8015,Stark_778,2,0.0014,128551,90.6
8016,Starloverer,2,0.0014,128553,90.6
8017,Starstar123,2,0.0014,128555,90.6
8018,Stealth_,2,0.0014,128557,90.6
8019,StecFX,2,0.0014,128559,90.6
8020,Steelhaze,2,0.0014,128561,90.61
8021,SteveTailor,2,0.0014,128563,90.61
8022,StevenNSS,2,0.0014,128565,90.61
8023,StevesAISlop,2,0.0014,128567,90.61
8024,Stickwall,2,0.0014,128569,90.61
8025,StickyTensorz,2,0.0014,128571,90.61
8026,Stinger90,2,0.0014,128573,90.61
8027,StinkyLit,2,0.0014,128575,90.62
8028,StocKimage,2,0.0014,128577,90.62
8029,Stoklotka,2,0.0014,128579,90.62
8030,StormGalaxy117,2,0.0014,128581,90.62
8031,Straitjacket,2,0.0014,128583,90.62
8032,StrangeLoverowo,2,0.0014,128585,90.62
8033,Streisand,2,0.0014,128587,90.62
8034,Styrr1,2,0.0014,128589,90.63
8035,SuccuboiPakk,2,0.0014,128591,90.63
8036,Such_AI,2,0.0014,128593,90.63
8037,Sumoninja,2,0.0014,128595,90.63
8038,SuperHermososOjos,2,0.0014,128597,90.63
8039,SuperStonks,2,0.0014,128599,90.63
8040,Susmanh,2,0.0014,128601,90.63
8041,Sustaco,2,0.0014,128603,90.64
8042,Svynne,2,0.0014,128605,90.64
8043,SwaggerBoi,2,0.0014,128607,90.64
8044,SweetCake,2,0.0014,128609,90.64
8045,SweetCandy42,2,0.0014,128611,90.64
8046,SweetGrande,2,0.0014,128613,90.64
8047,Swiney,2,0.0014,128615,90.64
8048,SxRD,2,0.0014,128617,90.65
8049,Sylvanal,2,0.0014,128619,90.65
8050,Sylvya,2,0.0014,128621,90.65
8051,TANA_STYLE,2,0.0014,128623,90.65
8052,TANER_,2,0.0014,128625,90.65
8053,TBDan,2,0.0014,128627,90.65
8054,TFsfan94,2,0.0014,128629,90.65
8055,TGRuby,2,0.0014,128631,90.66
8056,THX1183,2,0.0014,128633,90.66
8057,TKaiO,2,0.0014,128635,90.66
8058,TSFAI,2,0.0014,128637,90.66
8059,TSRb2d17556b8,2,0.0014,128639,90.66
8060,TachanCat3,2,0.0014,128641,90.66
8061,Takkun03,2,0.0014,128643,90.66
8062,TamraLesgarden,2,0.0014,128645,90.67
8063,Tamzaiy,2,0.0014,128647,90.67
8064,TapeTurtleC,2,0.0014,128649,90.67
8065,TapoO,2,0.0014,128651,90.67
8066,Tasfire098,2,0.0014,128653,90.67
8067,Tatsumaki1,2,0.0014,128655,90.67
8068,Techy52,2,0.0014,128657,90.67
8069,Teethbox,2,0.0014,128659,90.68
8070,TehNinja099,2,0.0014,128661,90.68
8071,Teiruu,2,0.0014,128663,90.68
8072,TekDemonAI,2,0.0014,128665,90.68
8073,Tekuru_Merikashi,2,0.0014,128667,90.68
8074,TellMyWifeILoveHer,2,0.0014,128669,90.68
8075,Templebat9,2,0.0014,128671,90.68
8076,TensorRipper,2,0.0014,128673,90.69
8077,TessTickles2,2,0.0014,128675,90.69
8078,TestDrives,2,0.0014,128677,90.69
8079,Testing13579,2,0.0014,128679,90.69
8080,TexAnon,2,0.0014,128681,90.69
8081,Texture2D,2,0.0014,128683,90.69
8082,ThatOneArcticFox,2,0.0014,128685,90.69
8083,ThatSheep,2,0.0014,128687,90.69
8084,That_Ai_PonyGuy,2,0.0014,128689,90.7
8085,TheAssMan,2,0.0014,128691,90.7
8086,TheCaligulaKid,2,0.0014,128693,90.7
8087,TheCreateAI,2,0.0014,128695,90.7
8088,TheCutie,2,0.0014,128697,90.7
8089,TheDarkSaman,2,0.0014,128699,90.7
8090,TheDoorman94,2,0.0014,128701,90.7
8091,TheGentleViking,2,0.0014,128703,90.71
8092,TheGoonerGod,2,0.0014,128705,90.71
8093,TheGreatOwl,2,0.0014,128707,90.71
8094,TheHaremKing,2,0.0014,128709,90.71
8095,TheHiddenOne,2,0.0014,128711,90.71
8096,TheIntuit,2,0.0014,128713,90.71
8097,TheNevyGamer30,2,0.0014,128715,90.71
8098,TheOneOnly,2,0.0014,128717,90.72
8099,ThePervertedFactory,2,0.0014,128719,90.72
8100,The_Bishop,2,0.0014,128721,90.72
8101,The_TF_Library,2,0.0014,128723,90.72
8102,The_matrix_dude,2,0.0014,128725,90.72
8103,TheanTWRx,2,0.0014,128727,90.72
8104,Themagicalboy,2,0.0014,128729,90.72
8105,Thonarr,2,0.0014,128731,90.73
8106,Thonks,2,0.0014,128733,90.73
8107,Throwawaywolf,2,0.0014,128735,90.73
8108,Tigreessy,2,0.0014,128737,90.73
8109,TikhomirD,2,0.0014,128739,90.73
8110,TildeTilde,2,0.0014,128741,90.73
8111,TillsHammer,2,0.0014,128743,90.73
8112,Tilltheendoftheworld,2,0.0014,128745,90.74
8113,Timafeo,2,0.0014,128747,90.74
8114,Timomomomotion,2,0.0014,128749,90.74
8115,Timot0,2,0.0014,128751,90.74
8116,Tit4nAI,2,0.0014,128753,90.74
8117,TittySqueezer,2,0.0014,128755,90.74
8118,TiwazM,2,0.0014,128757,90.74
8119,Tloooo,2,0.0014,128759,90.75
8120,ToastedSub,2,0.0014,128761,90.75
8121,Tojetajne,2,0.0014,128763,90.75
8122,TokoMienai,2,0.0014,128765,90.75
8123,TokoTonma,2,0.0014,128767,90.75
8124,Toliet_eater,2,0.0014,128769,90.75
8125,Tomatensalat88,2,0.0014,128771,90.75
8126,TomatoAlien,2,0.0014,128773,90.76
8127,Toonfucker,2,0.0014,128775,90.76
8128,TopLewdGasm,2,0.0014,128777,90.76
8129,Toshiyaki,2,0.0014,128779,90.76
8130,TotallyNotAReplicant,2,0.0014,128781,90.76
8131,Tpgg,2,0.0014,128783,90.76
8132,TrashytheRat,2,0.0014,128785,90.76
8133,Triggercon,2,0.0014,128787,90.77
8134,TripTrap,2,0.0014,128789,90.77
8135,TrollyPoopy,2,0.0014,128791,90.77
8136,TsingYoung,2,0.0014,128793,90.77
8137,Tsiphone,2,0.0014,128795,90.77
8138,TtitanAI,2,0.0014,128797,90.77
8139,Tundra1996,2,0.0014,128799,90.77
8140,Tupec_5,2,0.0014,128801,90.78
8141,Turbocrash,2,0.0014,128803,90.78
8142,Turndowns,2,0.0014,128805,90.78
8143,Typicalanonimuser,2,0.0014,128807,90.78
8144,TysTh3Bandit2,2,0.0014,128809,90.78
8145,Tytytheguy0617,2,0.0014,128811,90.78
8146,UMLucio,2,0.0014,128813,90.78
8147,Ujjhtvbu,2,0.0014,128815,90.79
8148,Ulfyn,2,0.0014,128817,90.79
8149,UltraKnawk,2,0.0014,128819,90.79
8150,UltraMuse,2,0.0014,128821,90.79
8151,UmeAiRT,2,0.0014,128823,90.79
8152,UnknownOne,2,0.0014,128825,90.79
8153,Unknownchaos,2,0.0014,128827,90.79
8154,UnpopularNobody,2,0.0014,128829,90.79
8155,Unshackled_AI,2,0.0014,128831,90.8
8156,UravityFan,2,0.0014,128833,90.8
8157,UrsidaeSan,2,0.0014,128835,90.8
8158,Uselessparas1te,2,0.0014,128837,90.8
8159,Uuiop,2,0.0014,128839,90.8
8160,VAStorm,2,0.0014,128841,90.8
8161,VDream,2,0.0014,128843,90.8
8162,VJS1,2,0.0014,128845,90.81
8163,VNFK,2,0.0014,128847,90.81
8164,VRlon,2,0.0014,128849,90.81
8165,VSCUM,2,0.0014,128851,90.81
8166,VSerendipia,2,0.0014,128853,90.81
8167,VXLM,2,0.0014,128855,90.81
8168,VZAI,2,0.0014,128857,90.81
8169,Valberryv,2,0.0014,128859,90.82
8170,Valherjar,2,0.0014,128861,90.82
8171,Valius07,2,0.0014,128863,90.82
8172,VampireSenpai,2,0.0014,128865,90.82
8173,VanFanel,2,0.0014,128867,90.82
8174,VanessaAnn13,2,0.0014,128869,90.82
8175,VarundOrshin,2,0.0014,128871,90.82
8176,VastoLorde,2,0.0014,128873,90.83
8177,Vatxiy,2,0.0014,128875,90.83
8178,Vbuckmaster,2,0.0014,128877,90.83
8179,Veganerotics,2,0.0014,128879,90.83
8180,Vencenzo,2,0.0014,128881,90.83
8181,Venerable666,2,0.0014,128883,90.83
8182,VenusHeart,2,0.0014,128885,90.83
8183,Veoreak1,2,0.0014,128887,90.84
8184,VerduxXudrev,2,0.0014,128889,90.84
8185,Vergil_Lucifer,2,0.0014,128891,90.84
8186,Veronica_Malina,2,0.0014,128893,90.84
8187,Viceguy,2,0.0014,128895,90.84
8188,Vidamilk,2,0.0014,128897,90.84
8189,Videur,2,0.0014,128899,90.84
8190,Vincent_219,2,0.0014,128901,90.85
8191,VioGlitch,2,0.0014,128903,90.85
8192,Virili,2,0.0014,128905,90.85
8193,Visionuse,2,0.0014,128907,90.85
8194,Vladacka,2,0.0014,128909,90.85
8195,Volandir,2,0.0014,128911,90.85
8196,Vsexy77,2,0.0014,128913,90.85
8197,Vulgarnaut,2,0.0014,128915,90.86
8198,W33D3M,2,0.0014,128917,90.86
8199,W78th,2,0.0014,128919,90.86
8200,W9Kd856,2,0.0014,128921,90.86
8201,WAI0731,2,0.0014,128923,90.86
8202,WCStuff,2,0.0014,128925,90.86
8203,WISqwind,2,0.0014,128927,90.86
8204,Wafflesome,2,0.0014,128929,90.87
8205,WaifuFamily,2,0.0014,128931,90.87
8206,Wall2wall,2,0.0014,128933,90.87
8207,WallaceWalking,2,0.0014,128935,90.87
8208,WalliCzech,2,0.0014,128937,90.87
8209,Walters1984,2,0.0014,128939,90.87
8210,Wanderer999,2,0.0014,128941,90.87
8211,Waratt,2,0.0014,128943,90.88
8212,Waren_022,2,0.0014,128945,90.88
8213,Watze,2,0.0014,128947,90.88
8214,Wcxcxc169xoxo,2,0.0014,128949,90.88
8215,Webdd,2,0.0014,128951,90.88
8216,WeebArt001,2,0.0014,128953,90.88
8217,Wencyiiiiii,2,0.0014,128955,90.88
8218,Wentfishing,2,0.0014,128957,90.89
8219,Wesker8,2,0.0014,128959,90.89
8220,WhigWham,2,0.0014,128961,90.89
8221,White_Raven,2,0.0014,128963,90.89
8222,Whiteraven_Couatl,2,0.0014,128965,90.89
8223,Whodat1972,2,0.0014,128967,90.89
8224,WhornyOne454,2,0.0014,128969,90.89
8225,WhyiHere,2,0.0014,128971,90.9
8226,WiafuThicker,2,0.0014,128973,90.9
8227,WickedWitch5,2,0.0014,128975,90.9
8228,WifiLost,2,0.0014,128977,90.9
8229,WildF1209,2,0.0014,128979,90.9
8230,WillRiker,2,0.0014,128981,90.9
8231,WillyWakar,2,0.0014,128983,90.9
8232,WingsnDings,2,0.0014,128985,90.9
8233,WinterNight21,2,0.0014,128987,90.91
8234,WizardFeet,2,0.0014,128989,90.91
8235,Woffels,2,0.0014,128991,90.91
8236,WolfJake4,2,0.0014,128993,90.91
8237,Wompa,2,0.0014,128995,90.91
8238,Wrennikken,2,0.0014,128997,90.91
8239,WuLing,2,0.0014,128999,90.91
8240,WwwShortsSex,2,0.0014,129001,90.92
8241,XDt,2,0.0014,129003,90.92
8242,XGT777,2,0.0014,129005,90.92
8243,XX007,2,0.0014,129007,90.92
8244,Xavia,2,0.0014,129009,90.92
8245,Xaxose,2,0.0014,129011,90.92
8246,Xayah_Lover,2,0.0014,129013,90.92
8247,Xntler,2,0.0014,129015,90.93
8248,Xp404,2,0.0014,129017,90.93
8249,Xuzzayua,2,0.0014,129019,90.93
8250,XyberRat,2,0.0014,129021,90.93
8251,YGBOY,2,0.0014,129023,90.93
8252,Yamcha,2,0.0014,129025,90.93
8253,YangDenn,2,0.0014,129027,90.93
8254,Yanira,2,0.0014,129029,90.94
8255,YaraHeart,2,0.0014,129031,90.94
8256,Yeetus2,2,0.0014,129033,90.94
8257,YeiYeiArt,2,0.0014,129035,90.94
8258,Yeosi,2,0.0014,129037,90.94
8259,YokoYosha,2,0.0014,129039,90.94
8260,Yopperbuddy,2,0.0014,129041,90.94
8261,Yopsi88,2,0.0014,129043,90.95
8262,YoursToPlay,2,0.0014,129045,90.95
8263,Yousuf68,2,0.0014,129047,90.95
8264,Yuantai33,2,0.0014,129049,90.95
8265,YulaiAkh,2,0.0014,129051,90.95
8266,Yuzuki_Mahiro,2,0.0014,129053,90.95
8267,Z4RC,2,0.0014,129055,90.95
8268,ZXTOPOWER,2,0.0014,129057,90.96
8269,ZZCR0011,2,0.0014,129059,90.96
8270,Zablochen1488,2,0.0014,129061,90.96
8271,Zack3D,2,0.0014,129063,90.96
8272,Zaddizuku,2,0.0014,129065,90.96
8273,Zalg,2,0.0014,129067,90.96
8274,Zalnor,2,0.0014,129069,90.96
8275,Zannark,2,0.0014,129071,90.97
8276,Zarc,2,0.0014,129073,90.97
8277,Zero2000,2,0.0014,129075,90.97
8278,Zero882,2,0.0014,129077,90.97
8279,Zerobeastskaiai,2,0.0014,129079,90.97
8280,Zerones,2,0.0014,129081,90.97
8281,ZoeArtemis,2,0.0014,129083,90.97
8282,Zoyayayaya,2,0.0014,129085,90.98
8283,Zzbbtt,2,0.0014,129087,90.98
8284,___AAA____,2,0.0014,129089,90.98
8285,_lawrence_,2,0.0014,129091,90.98
8286,_rob332,2,0.0014,129093,90.98
8287,a234123234a880,2,0.0014,129095,90.98
8288,a2ai,2,0.0014,129097,90.98
8289,a915489172611,2,0.0014,129099,90.99
8290,aackapple123,2,0.0014,129101,90.99
8291,aanhsimon,2,0.0014,129103,90.99
8292,aayush7asr7,2,0.0014,129105,90.99
8293,abc6450b839,2,0.0014,129107,90.99
8294,abdulstop1040834,2,0.0014,129109,90.99
8295,abtwip1,2,0.0014,129111,90.99
8296,acacascsa,2,0.0014,129113,91.0
8297,acturisme,2,0.0014,129115,91.0
8298,adassiost,2,0.0014,129117,91.0
8299,addariel94,2,0.0014,129119,91.0
8300,addictedyz450f457,2,0.0014,129121,91.0
8301,admin1316,2,0.0014,129123,91.0
8302,adreedee,2,0.0014,129125,91.0
8303,aertt6950,2,0.0014,129127,91.01
8304,aeuph,2,0.0014,129129,91.01
8305,agr94,2,0.0014,129131,91.01
8306,agsoipp,2,0.0014,129133,91.01
8307,ahegaodude,2,0.0014,129135,91.01
8308,aiTimeNow,2,0.0014,129137,91.01
8309,ai_guru,2,0.0014,129139,91.01
8310,ai_mocha,2,0.0014,129141,91.01
8311,aiartposter141,2,0.0014,129143,91.02
8312,aiask,2,0.0014,129145,91.02
8313,aifantasygirls_nf,2,0.0014,129147,91.02
8314,aigeeek,2,0.0014,129149,91.02
8315,aijagger,2,0.0014,129151,91.02
8316,aipm,2,0.0014,129153,91.02
8317,airoticart,2,0.0014,129155,91.02
8318,aivantgarde,2,0.0014,129157,91.03
8319,ajsjjs,2,0.0014,129159,91.03
8320,akantos405,2,0.0014,129161,91.03
8321,aking2000493,2,0.0014,129163,91.03
8322,akovalov8103,2,0.0014,129165,91.03
8323,akvil203402,2,0.0014,129167,91.03
8324,alagozsiyabent799,2,0.0014,129169,91.03
8325,alanblackmetal,2,0.0014,129171,91.04
8326,alannguyen80777,2,0.0014,129173,91.04
8327,alavelasq415,2,0.0014,129175,91.04
8328,albiore,2,0.0014,129177,91.04
8329,aldolang42,2,0.0014,129179,91.04
8330,aleciafernox442,2,0.0014,129181,91.04
8331,alekoholik439,2,0.0014,129183,91.04
8332,aleksml_84,2,0.0014,129185,91.05
8333,alexcoficial1258,2,0.0014,129187,91.05
8334,alexcool10277970,2,0.0014,129189,91.05
8335,alexen,2,0.0014,129191,91.05
8336,alexfiran82766,2,0.0014,129193,91.05
8337,alexisizer584,2,0.0014,129195,91.05
8338,algriffex,2,0.0014,129197,91.05
8339,aloptfreezen516,2,0.0014,129199,91.06
8340,alpha1548,2,0.0014,129201,91.06
8341,altron,2,0.0014,129203,91.06
8342,alyla,2,0.0014,129205,91.06
8343,amandagyn,2,0.0014,129207,91.06
8344,amerfg148219,2,0.0014,129209,91.06
8345,amhajojkt242,2,0.0014,129211,91.06
8346,amru,2,0.0014,129213,91.07
8347,amswine,2,0.0014,129215,91.07
8348,anaphrate64814,2,0.0014,129217,91.07
8349,andrgen,2,0.0014,129219,91.07
8350,androwild39417,2,0.0014,129221,91.07
8351,andryef,2,0.0014,129223,91.07
8352,andrzejlewy,2,0.0014,129225,91.07
8353,andyandan21736,2,0.0014,129227,91.08
8354,andyrafael3111,2,0.0014,129229,91.08
8355,animared,2,0.0014,129231,91.08
8356,animaru0429564,2,0.0014,129233,91.08
8357,animewaifuh919,2,0.0014,129235,91.08
8358,annatasty848,2,0.0014,129237,91.08
8359,anon12341,2,0.0014,129239,91.08
8360,anonimoose,2,0.0014,129241,91.09
8361,anonw6kprv2q679,2,0.0014,129243,91.09
8362,anonymouscivituser,2,0.0014,129245,91.09
8363,anotherguyfromyouknow,2,0.0014,129247,91.09
8364,antimatter_john,2,0.0014,129249,91.09
8365,antmoski747,2,0.0014,129251,91.09
8366,antoineha1978,2,0.0014,129253,91.09
8367,antonio_riolo2610,2,0.0014,129255,91.1
8368,aramoto,2,0.0014,129257,91.1
8369,arielexevaca571,2,0.0014,129259,91.1
8370,arkaine03189,2,0.0014,129261,91.1
8371,arkaysk601,2,0.0014,129263,91.1
8372,arlyn,2,0.0014,129265,91.1
8373,artkoikoi,2,0.0014,129267,91.1
8374,artrirna191,2,0.0014,129269,91.11
8375,artyclaw,2,0.0014,129271,91.11
8376,asfaltduboviy127,2,0.0014,129273,91.11
8377,ashlander,2,0.0014,129275,91.11
8378,asholobo,2,0.0014,129277,91.11
8379,asians_ai,2,0.0014,129279,91.11
8380,assman42069,2,0.0014,129281,91.11
8381,astdio,2,0.0014,129283,91.11
8382,astoff,2,0.0014,129285,91.12
8383,astralchaotic,2,0.0014,129287,91.12
8384,atrueburner165,2,0.0014,129289,91.12
8385,atypical_flamingo,2,0.0014,129291,91.12
8386,auditt,2,0.0014,129293,91.12
8387,aunnopbat22,2,0.0014,129295,91.12
8388,automirage04995,2,0.0014,129297,91.12
8389,averagegymbro,2,0.0014,129299,91.13
8390,avividbluu1350,2,0.0014,129301,91.13
8391,awqqqqer,2,0.0014,129303,91.13
8392,ax440,2,0.0014,129305,91.13
8393,axel_kurozashi,2,0.0014,129307,91.13
8394,axeldriftwood69,2,0.0014,129309,91.13
8395,ayayuki1110,2,0.0014,129311,91.13
8396,aygbrijmkoel,2,0.0014,129313,91.14
8397,ayzhan70890291,2,0.0014,129315,91.14
8398,azuchan,2,0.0014,129317,91.14
8399,b4nn3d,2,0.0014,129319,91.14
8400,balaluraf,2,0.0014,129321,91.14
8401,bar3470524,2,0.0014,129323,91.14
8402,bartschcollin1615,2,0.0014,129325,91.14
8403,batkid765481,2,0.0014,129327,91.15
8404,baul8898,2,0.0014,129329,91.15
8405,bblol,2,0.0014,129331,91.15
8406,bbqaibabes258,2,0.0014,129333,91.15
8407,bbzmagim,2,0.0014,129335,91.15
8408,beland_s355,2,0.0014,129337,91.15
8409,beragis,2,0.0014,129339,91.15
8410,bereave,2,0.0014,129341,91.16
8411,bethm,2,0.0014,129343,91.16
8412,biancadelgado2406409,2,0.0014,129345,91.16
8413,bibbi,2,0.0014,129347,91.16
8414,biforanthros,2,0.0014,129349,91.16
8415,bigdaddydangledown884,2,0.0014,129351,91.16
8416,bigtiger91,2,0.0014,129353,91.16
8417,biguswigus,2,0.0014,129355,91.17
8418,bikotai02,2,0.0014,129357,91.17
8419,bin6fr364,2,0.0014,129359,91.17
8420,bingbangbogbugbagbig,2,0.0014,129361,91.17
8421,binnfones854,2,0.0014,129363,91.17
8422,bioshocker47,2,0.0014,129365,91.17
8423,birywc35en4q928,2,0.0014,129367,91.17
8424,blackbirdflyone8675,2,0.0014,129369,91.18
8425,blackfox309469,2,0.0014,129371,91.18
8426,blacksnowskill,2,0.0014,129373,91.18
8427,blackwood1488,2,0.0014,129375,91.18
8428,blairesilver13,2,0.0014,129377,91.18
8429,blareporter1165,2,0.0014,129379,91.18
8430,blidbear,2,0.0014,129381,91.18
8431,blow91734,2,0.0014,129383,91.19
8432,bluemage9,2,0.0014,129385,91.19
8433,bluetul,2,0.0014,129387,91.19
8434,boadeycleary667,2,0.0014,129389,91.19
8435,boag,2,0.0014,129391,91.19
8436,bobbysmithy55555426,2,0.0014,129393,91.19
8437,boboboglibazzz876,2,0.0014,129395,91.19
8438,bobsikov,2,0.0014,129397,91.2
8439,bolles_97456,2,0.0014,129399,91.2
8440,bombus3030,2,0.0014,129401,91.2
8441,bonkabun2185,2,0.0014,129403,91.2
8442,booshorty,2,0.0014,129405,91.2
8443,boringacc,2,0.0014,129407,91.2
8444,borner1893639,2,0.0014,129409,91.2
8445,boycrippled,2,0.0014,129411,91.21
8446,bradstetson21,2,0.0014,129413,91.21
8447,bragee16364,2,0.0014,129415,91.21
8448,brandonsteel,2,0.0014,129417,91.21
8449,brandonviry647,2,0.0014,129419,91.21
8450,bratzmeister,2,0.0014,129421,91.21
8451,bravata,2,0.0014,129423,91.21
8452,breadai,2,0.0014,129425,91.22
8453,brochachotaco318,2,0.0014,129427,91.22
8454,brokenbackbass,2,0.0014,129429,91.22
8455,brongospongos,2,0.0014,129431,91.22
8456,brony069424,2,0.0014,129433,91.22
8457,broumbroum,2,0.0014,129435,91.22
8458,brownbradley39,2,0.0014,129437,91.22
8459,brownstephen365416,2,0.0014,129439,91.22
8460,brsci9000,2,0.0014,129441,91.23
8461,bruh7554,2,0.0014,129443,91.23
8462,brukar,2,0.0014,129445,91.23
8463,bs001l,2,0.0014,129447,91.23
8464,bubblingtonbub228,2,0.0014,129449,91.23
8465,buckrogers,2,0.0014,129451,91.23
8466,bunboguten2,2,0.0014,129453,91.23
8467,burner093,2,0.0014,129455,91.24
8468,bvrish,2,0.0014,129457,91.24
8469,byoobthusiast,2,0.0014,129459,91.24
8470,byzantine13,2,0.0014,129461,91.24
8471,c0cain,2,0.0014,129463,91.24
8472,c96745556575,2,0.0014,129465,91.24
8473,ca814031989,2,0.0014,129467,91.24
8474,caaaaaaaaaaaaaaaaaa,2,0.0014,129469,91.25
8475,cacapon14778,2,0.0014,129471,91.25
8476,cacopoggn,2,0.0014,129473,91.25
8477,caelum,2,0.0014,129475,91.25
8478,cagefreerover799709,2,0.0014,129477,91.25
8479,cagefreerover86216,2,0.0014,129479,91.25
8480,caine94,2,0.0014,129481,91.25
8481,caiosemproniotizio587,2,0.0014,129483,91.26
8482,calnosaqua237,2,0.0014,129485,91.26
8483,camilinidarraga_2907701,2,0.0014,129487,91.26
8484,canyayan,2,0.0014,129489,91.26
8485,capitald44,2,0.0014,129491,91.26
8486,captainugm244,2,0.0014,129493,91.26
8487,carlistosmedi333,2,0.0014,129495,91.26
8488,carlostst761,2,0.0014,129497,91.27
8489,cartithomas4659,2,0.0014,129499,91.27
8490,cartman6x6780,2,0.0014,129501,91.27
8491,cashsi,2,0.0014,129503,91.27
8492,casmass92939,2,0.0014,129505,91.27
8493,cathlecoxxx,2,0.0014,129507,91.27
8494,ccooccoo,2,0.0014,129509,91.27
8495,celestialmagician,2,0.0014,129511,91.28
8496,celestialnight8961,2,0.0014,129513,91.28
8497,celovekapolovina286,2,0.0014,129515,91.28
8498,cen_cen,2,0.0014,129517,91.28
8499,cerapic922331,2,0.0014,129519,91.28
8500,cfarchs,2,0.0014,129521,91.28
8501,cgart,2,0.0014,129523,91.28
8502,chaos_neuma,2,0.0014,129525,91.29
8503,chaotix_insanity,2,0.0014,129527,91.29
8504,charlesfowler533360,2,0.0014,129529,91.29
8505,charm44,2,0.0014,129531,91.29
8506,cheezburgerz18408,2,0.0014,129533,91.29
8507,cheezer333547,2,0.0014,129535,91.29
8508,chikenSoup,2,0.0014,129537,91.29
8509,chikin621780,2,0.0014,129539,91.3
8510,chilon249,2,0.0014,129541,91.3
8511,chiyi0106,2,0.0014,129543,91.3
8512,chrisbraeuer41172035,2,0.0014,129545,91.3
8513,chrisfarreluusi113,2,0.0014,129547,91.3
8514,chrisss1,2,0.0014,129549,91.3
8515,chronostitan129,2,0.0014,129551,91.3
8516,chunchang90,2,0.0014,129553,91.31
8517,churange,2,0.0014,129555,91.31
8518,chypakabra,2,0.0014,129557,91.31
8519,cinderellacity19,2,0.0014,129559,91.31
8520,cipher3191,2,0.0014,129561,91.31
8521,circusgallerysl857,2,0.0014,129563,91.31
8522,ciredark,2,0.0014,129565,91.31
8523,cirwin144,2,0.0014,129567,91.32
8524,civ4apple,2,0.0014,129569,91.32
8525,civitaicomliving195360,2,0.0014,129571,91.32
8526,civitaijugg,2,0.0014,129573,91.32
8527,ckd123,2,0.0014,129575,91.32
8528,cl0wnner,2,0.0014,129577,91.32
8529,clarkyyyy,2,0.0014,129579,91.32
8530,cleansingcarnage,2,0.0014,129581,91.32
8531,clllpshg808,2,0.0014,129583,91.33
8532,coagulation4455,2,0.0014,129585,91.33
8533,cocoat,2,0.0014,129587,91.33
8534,cocotheman2218,2,0.0014,129589,91.33
8535,codyseverance770,2,0.0014,129591,91.33
8536,coffeeslayer1346661,2,0.0014,129593,91.33
8537,coileralt,2,0.0014,129595,91.33
8538,colaisdelicious,2,0.0014,129597,91.34
8539,colinrwilhelm89,2,0.0014,129599,91.34
8540,cologne64,2,0.0014,129601,91.34
8541,comicmonkey957,2,0.0014,129603,91.34
8542,commandravage987,2,0.0014,129605,91.34
8543,conejillosia,2,0.0014,129607,91.34
8544,congruity2004,2,0.0014,129609,91.34
8545,contrltiger982,2,0.0014,129611,91.35
8546,coolguyad01,2,0.0014,129613,91.35
8547,coolstone92,2,0.0014,129615,91.35
8548,coperdamian907,2,0.0014,129617,91.35
8549,coppu,2,0.0014,129619,91.35
8550,coralinejonesmx,2,0.0014,129621,91.35
8551,corasfm45,2,0.0014,129623,91.35
8552,corekatzgrimz844,2,0.0014,129625,91.36
8553,coreytruong979,2,0.0014,129627,91.36
8554,cptcooke,2,0.0014,129629,91.36
8555,creatora335522,2,0.0014,129631,91.36
8556,creepah,2,0.0014,129633,91.36
8557,crispytriscuits,2,0.0014,129635,91.36
8558,cruffsant461,2,0.0014,129637,91.36
8559,ctian,2,0.0014,129639,91.37
8560,cube_builder_3000384,2,0.0014,129641,91.37
8561,cumbuddy,2,0.0014,129643,91.37
8562,curb71,2,0.0014,129645,91.37
8563,cutupangels1114,2,0.0014,129647,91.37
8564,cwmgp27,2,0.0014,129649,91.37
8565,cyberphantom,2,0.0014,129651,91.37
8566,cyberyisus,2,0.0014,129653,91.38
8567,cyir01,2,0.0014,129655,91.38
8568,czzsungvonn659,2,0.0014,129657,91.38
8569,d1v1d3ad316,2,0.0014,129659,91.38
8570,d343088152286,2,0.0014,129661,91.38
8571,d970685107384,2,0.0014,129663,91.38
8572,dAIgenerate,2,0.0014,129665,91.38
8573,d_cooke708,2,0.0014,129667,91.39
8574,d_generates,2,0.0014,129669,91.39
8575,daenos,2,0.0014,129671,91.39
8576,dagerf,2,0.0014,129673,91.39
8577,daldraeic,2,0.0014,129675,91.39
8578,danedina432,2,0.0014,129677,91.39
8579,danijux,2,0.0014,129679,91.39
8580,daoc230292963,2,0.0014,129681,91.4
8581,darcontus000162,2,0.0014,129683,91.4
8582,darkdill,2,0.0014,129685,91.4
8583,darkechibi,2,0.0014,129687,91.4
8584,darkknife3151,2,0.0014,129689,91.4
8585,daroth,2,0.0014,129691,91.4
8586,darth_brando6438,2,0.0014,129693,91.4
8587,darthpax813,2,0.0014,129695,91.41
8588,dartneko5140,2,0.0014,129697,91.41
8589,darw415,2,0.0014,129699,91.41
8590,dash860,2,0.0014,129701,91.41
8591,daslezalr34,2,0.0014,129703,91.41
8592,davidhartung2308875,2,0.0014,129705,91.41
8593,dawn6666,2,0.0014,129707,91.41
8594,dcanulu746,2,0.0014,129709,91.42
8595,deadmasterr,2,0.0014,129711,91.42
8596,deadstreamvrize438,2,0.0014,129713,91.42
8597,deancalv,2,0.0014,129715,91.42
8598,debased,2,0.0014,129717,91.42
8599,deceptibabe420,2,0.0014,129719,91.42
8600,deglifestyle,2,0.0014,129721,91.42
8601,demonicchannel98655,2,0.0014,129723,91.43
8602,denrakeiw,2,0.0014,129725,91.43
8603,derekwashere,2,0.0014,129727,91.43
8604,derkukuuuk88,2,0.0014,129729,91.43
8605,derpwutt2013,2,0.0014,129731,91.43
8606,desieroticaai,2,0.0014,129733,91.43
8607,devinmenem124306,2,0.0014,129735,91.43
8608,dewamolor,2,0.0014,129737,91.43
8609,deygdrixe221,2,0.0014,129739,91.44
8610,dezgsdy3463,2,0.0014,129741,91.44
8611,dfgert12,2,0.0014,129743,91.44
8612,dhedio812,2,0.0014,129745,91.44
8613,diego360,2,0.0014,129747,91.44
8614,diegoreigai560,2,0.0014,129749,91.44
8615,dier459,2,0.0014,129751,91.44
8616,dineka7803123,2,0.0014,129753,91.45
8617,dinklive,2,0.0014,129755,91.45
8618,discaliprotonmai1034,2,0.0014,129757,91.45
8619,djb0,2,0.0014,129759,91.45
8620,djdjshshbdbdhdh592,2,0.0014,129761,91.45
8621,djerak,2,0.0014,129763,91.45
8622,djo226,2,0.0014,129765,91.45
8623,djvenom45596,2,0.0014,129767,91.46
8624,dmitrylee71114,2,0.0014,129769,91.46
8625,dncintoy23735,2,0.0014,129771,91.46
8626,dnslfkd,2,0.0014,129773,91.46
8627,dogmantc,2,0.0014,129775,91.46
8628,dombsp548,2,0.0014,129777,91.46
8629,donjo,2,0.0014,129779,91.46
8630,doomguy11111,2,0.0014,129781,91.47
8631,doommaker69,2,0.0014,129783,91.47
8632,doopiedooda,2,0.0014,129785,91.47
8633,doow40,2,0.0014,129787,91.47
8634,dopf,2,0.0014,129789,91.47
8635,dorei_ai,2,0.0014,129791,91.47
8636,doren6543,2,0.0014,129793,91.47
8637,dorygozaru111444,2,0.0014,129795,91.48
8638,dost47,2,0.0014,129797,91.48
8639,dpla,2,0.0014,129799,91.48
8640,dragonisblake,2,0.0014,129801,91.48
8641,dragonknightowner430,2,0.0014,129803,91.48
8642,dragonrock968440,2,0.0014,129805,91.48
8643,drderp,2,0.0014,129807,91.48
8644,drikker,2,0.0014,129809,91.49
8645,drkwzrd,2,0.0014,129811,91.49
8646,drmarcelo,2,0.0014,129813,91.49
8647,drodge6675791,2,0.0014,129815,91.49
8648,ds3d01363,2,0.0014,129817,91.49
8649,duylam5663246,2,0.0014,129819,91.49
8650,dylandam2474,2,0.0014,129821,91.49
8651,dziku383416,2,0.0014,129823,91.5
8652,e8024427467,2,0.0014,129825,91.5
8653,eagle_i099,2,0.0014,129827,91.5
8654,easychunk,2,0.0014,129829,91.5
8655,eddieife,2,0.0014,129831,91.5
8656,edxzc325790,2,0.0014,129833,91.5
8657,efaypee,2,0.0014,129835,91.5
8658,eggsmans,2,0.0014,129837,91.51
8659,egoform,2,0.0014,129839,91.51
8660,egtrhhyt,2,0.0014,129841,91.51
8661,eileenP,2,0.0014,129843,91.51
8662,ein1phantom798,2,0.0014,129845,91.51
8663,electricwoodpeckerkeje600,2,0.0014,129847,91.51
8664,elezerber,2,0.0014,129849,91.51
8665,elfodoroico565,2,0.0014,129851,91.52
8666,eliont,2,0.0014,129853,91.52
8667,elitglobal,2,0.0014,129855,91.52
8668,elizabethcking737,2,0.0014,129857,91.52
8669,elleriamay,2,0.0014,129859,91.52
8670,elopgg666,2,0.0014,129861,91.52
8671,empempemp,2,0.0014,129863,91.52
8672,enbydreams,2,0.0014,129865,91.53
8673,eneukaminari6794,2,0.0014,129867,91.53
8674,enigumasi313,2,0.0014,129869,91.53
8675,enzino,2,0.0014,129871,91.53
8676,enzom83,2,0.0014,129873,91.53
8677,eobledolopez17770,2,0.0014,129875,91.53
8678,eodknight23642,2,0.0014,129877,91.53
8679,epic_journey,2,0.0014,129879,91.53
8680,eraiao30000613,2,0.0014,129881,91.54
8681,erdensang,2,0.0014,129883,91.54
8682,escotobrayan5484,2,0.0014,129885,91.54
8683,esmacuztom337,2,0.0014,129887,91.54
8684,estellefalconnier,2,0.0014,129889,91.54
8685,evan8gaboury900,2,0.0014,129891,91.54
8686,evasiveAddition,2,0.0014,129893,91.54
8687,everbillow,2,0.0014,129895,91.55
8688,evilpancho45,2,0.0014,129897,91.55
8689,evrenny,2,0.0014,129899,91.55
8690,exDemonius,2,0.0014,129901,91.55
8691,exact,2,0.0014,129903,91.55
8692,exaltedd,2,0.0014,129905,91.55
8693,exofanna,2,0.0014,129907,91.55
8694,ezingrin,2,0.0014,129909,91.56
8695,facka,2,0.0014,129911,91.56
8696,faf632,2,0.0014,129913,91.56
8697,failfake,2,0.0014,129915,91.56
8698,fakeuser002,2,0.0014,129917,91.56
8699,fandemangas63494,2,0.0014,129919,91.56
8700,fangshou,2,0.0014,129921,91.56
8701,fantasiaroficial,2,0.0014,129923,91.57
8702,fantasyniche,2,0.0014,129925,91.57
8703,feilisi,2,0.0014,129927,91.57
8704,felnotslade250,2,0.0014,129929,91.57
8705,feriberta2183,2,0.0014,129931,91.57
8706,ffffff,2,0.0014,129933,91.57
8707,fgfgfg95,2,0.0014,129935,91.57
8708,fgoi,2,0.0014,129937,91.58
8709,filwrld,2,0.0014,129939,91.58
8710,firedelta4,2,0.0014,129941,91.58
8711,firefly10086,2,0.0014,129943,91.58
8712,fitsthom311591,2,0.0014,129945,91.58
8713,fizzlebomb3r,2,0.0014,129947,91.58
8714,fkgod,2,0.0014,129949,91.58
8715,floeki75pad,2,0.0014,129951,91.59
8716,florianboitepoubelle947,2,0.0014,129953,91.59
8717,fluffhead26,2,0.0014,129955,91.59
8718,flusk,2,0.0014,129957,91.59
8719,fly69,2,0.0014,129959,91.59
8720,fofai,2,0.0014,129961,91.59
8721,fontenot,2,0.0014,129963,91.59
8722,foolandpig467,2,0.0014,129965,91.6
8723,forgottenburner0150600,2,0.0014,129967,91.6
8724,forsenScoots,2,0.0014,129969,91.6
8725,fourfive6464563,2,0.0014,129971,91.6
8726,foxguy2222202,2,0.0014,129973,91.6
8727,foxxxy1,2,0.0014,129975,91.6
8728,foxya1111,2,0.0014,129977,91.6
8729,fpancake063,2,0.0014,129979,91.61
8730,frakerkill_,2,0.0014,129981,91.61
8731,frangargon521,2,0.0014,129983,91.61
8732,franklinmknight566,2,0.0014,129985,91.61
8733,frankypon85489,2,0.0014,129987,91.61
8734,freako2387,2,0.0014,129989,91.61
8735,fredbo219528,2,0.0014,129991,91.61
8736,freetofu666,2,0.0014,129993,91.62
8737,freshaafries988,2,0.0014,129995,91.62
8738,frillyliar,2,0.0014,129997,91.62
8739,fronker1337,2,0.0014,129999,91.62
8740,ftendm732,2,0.0014,130001,91.62
8741,fuaneng,2,0.0014,130003,91.62
8742,fubdpyq,2,0.0014,130005,91.62
8743,fujikofan569,2,0.0014,130007,91.63
8744,fukass,2,0.0014,130009,91.63
8745,fulforget85886,2,0.0014,130011,91.63
8746,funnybbw,2,0.0014,130013,91.63
8747,furryusernamegenerator,2,0.0014,130015,91.63
8748,futurerable331,2,0.0014,130017,91.63
8749,fyeshitonly6669,2,0.0014,130019,91.63
8750,fz11,2,0.0014,130021,91.64
8751,g0ggi,2,0.0014,130023,91.64
8752,g5_,2,0.0014,130025,91.64
8753,gabethecreeper289,2,0.0014,130027,91.64
8754,gaganigani8902596445,2,0.0014,130029,91.64
8755,galenlaconis,2,0.0014,130031,91.64
8756,galgadio307953,2,0.0014,130033,91.64
8757,gama627,2,0.0014,130035,91.64
8758,gambit22,2,0.0014,130037,91.65
8759,garfieldisdacat701,2,0.0014,130039,91.65
8760,gasgwwe2487,2,0.0014,130041,91.65
8761,gaxix,2,0.0014,130043,91.65
8762,gayoo,2,0.0014,130045,91.65
8763,geass39299475,2,0.0014,130047,91.65
8764,gedeagung0204982,2,0.0014,130049,91.65
8765,genacurves378,2,0.0014,130051,91.66
8766,genaiprn,2,0.0014,130053,91.66
8767,gergelyparais294,2,0.0014,130055,91.66
8768,gg123av101,2,0.0014,130057,91.66
8769,ggiga9,2,0.0014,130059,91.66
8770,ghenshin11honaka726,2,0.0014,130061,91.66
8771,ghjuu80638,2,0.0014,130063,91.66
8772,ghorlabatt416,2,0.0014,130065,91.67
8773,ghoulwolf,2,0.0014,130067,91.67
8774,giloyrza164,2,0.0014,130069,91.67
8775,giodor13609,2,0.0014,130071,91.67
8776,giorgioscarpetta69368,2,0.0014,130073,91.67
8777,girllabr595,2,0.0014,130075,91.67
8778,gnappychillmore,2,0.0014,130077,91.67
8779,gnusmas,2,0.0014,130079,91.68
8780,go14_goaaA,2,0.0014,130081,91.68
8781,gogoe42,2,0.0014,130083,91.68
8782,goldendickpic,2,0.0014,130085,91.68
8783,goldenluluz,2,0.0014,130087,91.68
8784,goldgamerboy8229,2,0.0014,130089,91.68
8785,gomdols,2,0.0014,130091,91.68
8786,gonzo78,2,0.0014,130093,91.69
8787,google2016691,2,0.0014,130095,91.69
8788,goop3396493,2,0.0014,130097,91.69
8789,goulslayer,2,0.0014,130099,91.69
8790,gprorino0iolas106,2,0.0014,130101,91.69
8791,gra4maxim138,2,0.0014,130103,91.69
8792,greatman19911234983,2,0.0014,130105,91.69
8793,grettaklu99585,2,0.0014,130107,91.7
8794,gri33m,2,0.0014,130109,91.7
8795,grishinaalena198,2,0.0014,130111,91.7
8796,groundhog515106,2,0.0014,130113,91.7
8797,guanabanajuice7650,2,0.0014,130115,91.7
8798,guardianangelofice584,2,0.0014,130117,91.7
8799,gunit28,2,0.0014,130119,91.7
8800,gutentagchy502,2,0.0014,130121,91.71
8801,guts717,2,0.0014,130123,91.71
8802,guunslop,2,0.0014,130125,91.71
8803,hagamefenixs405,2,0.0014,130127,91.71
8804,haircutcfc870,2,0.0014,130129,91.71
8805,haitennn,2,0.0014,130131,91.71
8806,hajob04,2,0.0014,130133,91.71
8807,hakaan,2,0.0014,130135,91.72
8808,hamb,2,0.0014,130137,91.72
8809,handyschmoarhol,2,0.0014,130139,91.72
8810,harrykent,2,0.0014,130141,91.72
8811,hbk66778,2,0.0014,130143,91.72
8812,hboxgames132,2,0.0014,130145,91.72
8813,hctong,2,0.0014,130147,91.72
8814,hdinever721,2,0.0014,130149,91.73
8815,headupdef,2,0.0014,130151,91.73
8816,heather36mm698,2,0.0014,130153,91.73
8817,heathwang,2,0.0014,130155,91.73
8818,hecurh,2,0.0014,130157,91.73
8819,hello142,2,0.0014,130159,91.73
8820,helloariareign,2,0.0014,130161,91.73
8821,helloworld_15xf65,2,0.0014,130163,91.74
8822,hendersongoku356236,2,0.0014,130165,91.74
8823,hentairuler69,2,0.0014,130167,91.74
8824,herostratus69,2,0.0014,130169,91.74
8825,heu0907196,2,0.0014,130171,91.74
8826,hewiyar171,2,0.0014,130173,91.74
8827,hflowers345239,2,0.0014,130175,91.74
8828,hgaiarts,2,0.0014,130177,91.75
8829,hh9731308820,2,0.0014,130179,91.75
8830,hhhh1234,2,0.0014,130181,91.75
8831,hiddenleafkabuto282,2,0.0014,130183,91.75
8832,hieromagus,2,0.0014,130185,91.75
8833,hinablue,2,0.0014,130187,91.75
8834,hindinger_josef404,2,0.0014,130189,91.75
8835,hiragatomozane910,2,0.0014,130191,91.75
8836,hirun408,2,0.0014,130193,91.76
8837,hkbeaulieu50617,2,0.0014,130195,91.76
8838,holasa123,2,0.0014,130197,91.76
8839,homoludens,2,0.0014,130199,91.76
8840,honohana,2,0.0014,130201,91.76
8841,hoogevincent750,2,0.0014,130203,91.76
8842,hookinglin0627899,2,0.0014,130205,91.76
8843,horse_stew,2,0.0014,130207,91.77
8844,horusbane,2,0.0014,130209,91.77
8845,hotfantasy_ai,2,0.0014,130211,91.77
8846,hrma8137939,2,0.0014,130213,91.77
8847,hsnsjdhzhd353,2,0.0014,130215,91.77
8848,htc4d3cxu6nqnbg19e0g555,2,0.0014,130217,91.77
8849,huafgjaio,2,0.0014,130219,91.77
8850,hughass67,2,0.0014,130221,91.78
8851,hulglp01123,2,0.0014,130223,91.78
8852,humbleuser12221,2,0.0014,130225,91.78
8853,hungdongfb,2,0.0014,130227,91.78
8854,hypnofish,2,0.0014,130229,91.78
8855,hzddz,2,0.0014,130231,91.78
8856,iDevilish,2,0.0014,130233,91.78
8857,iWaifuDelivery,2,0.0014,130235,91.79
8858,iam_modaemon,2,0.0014,130237,91.79
8859,iamgeorgelaurentiu378,2,0.0014,130239,91.79
8860,iarhenna958,2,0.0014,130241,91.79
8861,iawwa,2,0.0014,130243,91.79
8862,ibsina24,2,0.0014,130245,91.79
8863,idhil,2,0.0014,130247,91.79
8864,ie0wohfoewhfowhfio3298047,2,0.0014,130249,91.8
8865,iganinjaartist,2,0.0014,130251,91.8
8866,iioo080808,2,0.0014,130253,91.8
8867,ikarirh,2,0.0014,130255,91.8
8868,ilikedragons1998,2,0.0014,130257,91.8
8869,illiclit,2,0.0014,130259,91.8
8870,illidandem757,2,0.0014,130261,91.8
8871,ilovesuccubi,2,0.0014,130263,91.81
8872,imafezaki287,2,0.0014,130265,91.81
8873,imkudasaiyamete2023757,2,0.0014,130267,91.81
8874,imrsaidov,2,0.0014,130269,91.81
8875,indigoliteocean,2,0.0014,130271,91.81
8876,indonesiangirlonly,2,0.0014,130273,91.81
8877,infamouJadefag,2,0.0014,130275,91.81
8878,inflatebot,2,0.0014,130277,91.82
8879,influaiaagency300,2,0.0014,130279,91.82
8880,inherentsentience,2,0.0014,130281,91.82
8881,initializeDREAM,2,0.0014,130283,91.82
8882,innoah,2,0.0014,130285,91.82
8883,innocentjohn03538,2,0.0014,130287,91.82
8884,inqwer001474,2,0.0014,130289,91.82
8885,ins8994,2,0.0014,130291,91.83
8886,ipawntehn00bss666,2,0.0014,130293,91.83
8887,iraidesu,2,0.0014,130295,91.83
8888,ironmouse044409,2,0.0014,130297,91.83
8889,isibalrom,2,0.0014,130299,91.83
8890,izisinki01442,2,0.0014,130301,91.83
8891,j0rd0n,2,0.0014,130303,91.83
8892,j54134203484,2,0.0014,130305,91.84
8893,jack0420ribbon132,2,0.0014,130307,91.84
8894,jackson92346276573345,2,0.0014,130309,91.84
8895,jacksonpielsen10918,2,0.0014,130311,91.84
8896,jagvill42,2,0.0014,130313,91.84
8897,jagwarsally12684,2,0.0014,130315,91.84
8898,jahaanchandler,2,0.0014,130317,91.84
8899,jakkas16,2,0.0014,130319,91.85
8900,jakko,2,0.0014,130321,91.85
8901,jalaylisa752,2,0.0014,130323,91.85
8902,jamband69,2,0.0014,130325,91.85
8903,jamsandsuch,2,0.0014,130327,91.85
8904,jane2007,2,0.0014,130329,91.85
8905,jatman18,2,0.0014,130331,91.85
8906,jayd22,2,0.0014,130333,91.85
8907,jcatsuki,2,0.0014,130335,91.86
8908,jeanpieliconi123143,2,0.0014,130337,91.86
8909,jeff_sexyai23,2,0.0014,130339,91.86
8910,jeffjock100,2,0.0014,130341,91.86
8911,jeffjohnatan,2,0.0014,130343,91.86
8912,jelloofthesea_NSFW,2,0.0014,130345,91.86
8913,jen111097,2,0.0014,130347,91.86
8914,jeriahsmi9909831,2,0.0014,130349,91.87
8915,jerin97144417,2,0.0014,130351,91.87
8916,jessand4484446,2,0.0014,130353,91.87
8917,jesstcd,2,0.0014,130355,91.87
8918,jfrreitas644,2,0.0014,130357,91.87
8919,jhnsanders72426,2,0.0014,130359,91.87
8920,jiangjiang123,2,0.0014,130361,91.87
8921,jibble_jobble,2,0.0014,130363,91.88
8922,jim60105,2,0.0014,130365,91.88
8923,jimble1871,2,0.0014,130367,91.88
8924,jjASD345,2,0.0014,130369,91.88
8925,jjames201000,2,0.0014,130371,91.88
8926,jjbouff,2,0.0014,130373,91.88
8927,jjstarr1981,2,0.0014,130375,91.88
8928,jjvyon735,2,0.0014,130377,91.89
8929,jndman,2,0.0014,130379,91.89
8930,joakohard1,2,0.0014,130381,91.89
8931,john503871,2,0.0014,130383,91.89
8932,johndread,2,0.0014,130385,91.89
8933,jojobear88,2,0.0014,130387,91.89
8934,jojotoji123511,2,0.0014,130389,91.89
8935,jorgebarrerahy320,2,0.0014,130391,91.9
8936,js1273609669,2,0.0014,130393,91.9
8937,jsjsjs1456871730,2,0.0014,130395,91.9
8938,juand,2,0.0014,130397,91.9
8939,juanktattoo22137,2,0.0014,130399,91.9
8940,judgeou,2,0.0014,130401,91.9
8941,juelsis,2,0.0014,130403,91.9
8942,juicymeats,2,0.0014,130405,91.91
8943,jujhaiiiid,2,0.0014,130407,91.91
8944,juluoye,2,0.0014,130409,91.91
8945,juninholara21,2,0.0014,130411,91.91
8946,junk9143691,2,0.0014,130413,91.91
8947,junnun,2,0.0014,130415,91.91
8948,juone06,2,0.0014,130417,91.91
8949,justaname69,2,0.0014,130419,91.92
8950,justhereforthelul,2,0.0014,130421,91.92
8951,jvdbmw1981,2,0.0014,130423,91.92
8952,jyk69,2,0.0014,130425,91.92
8953,k_from_afar,2,0.0014,130427,91.92
8954,kaatjafleas,2,0.0014,130429,91.92
8955,kaibear0428,2,0.0014,130431,91.92
8956,kalmmad,2,0.0014,130433,91.93
8957,kankybou44,2,0.0014,130435,91.93
8958,karenkujox7540,2,0.0014,130437,91.93
8959,karmazkwl,2,0.0014,130439,91.93
8960,kasedjin,2,0.0014,130441,91.93
8961,katiekat324,2,0.0014,130443,91.93
8962,katjarrod,2,0.0014,130445,91.93
8963,kdashgbf415,2,0.0014,130447,91.94
8964,kdh8520619915392,2,0.0014,130449,91.94
8965,keho69126838,2,0.0014,130451,91.94
8966,keltuzad,2,0.0014,130453,91.94
8967,kenot,2,0.0014,130455,91.94
8968,kenzoi,2,0.0014,130457,91.94
8969,keroruth,2,0.0014,130459,91.94
8970,kerothen,2,0.0014,130461,91.95
8971,kevbillions,2,0.0014,130463,91.95
8972,keyurcgi721,2,0.0014,130465,91.95
8973,kgbeast69,2,0.0014,130467,91.95
8974,kicksandgiggles300412,2,0.0014,130469,91.95
8975,kieranwalk,2,0.0014,130471,91.95
8976,killerx1,2,0.0014,130473,91.95
8977,king646,2,0.0014,130475,91.96
8978,kingchocula697,2,0.0014,130477,91.96
8979,kingkongdong,2,0.0014,130479,91.96
8980,kioskakiamay501,2,0.0014,130481,91.96
8981,kipdastardly,2,0.0014,130483,91.96
8982,kirai,2,0.0014,130485,91.96
8983,kiriko16,2,0.0014,130487,91.96
8984,kirol,2,0.0014,130489,91.96
8985,kisha23,2,0.0014,130491,91.97
8986,kitsune197,2,0.0014,130493,91.97
8987,kkr3,2,0.0014,130495,91.97
8988,kl521,2,0.0014,130497,91.97
8989,klaniter,2,0.0014,130499,91.97
8990,knj555,2,0.0014,130501,91.97
8991,knock2knock,2,0.0014,130503,91.97
8992,kodefreez,2,0.0014,130505,91.98
8993,kokaa3636575,2,0.0014,130507,91.98
8994,kokonuthairtwo285,2,0.0014,130509,91.98
8995,komame0811,2,0.0014,130511,91.98
8996,kona_,2,0.0014,130513,91.98
8997,koppok13,2,0.0014,130515,91.98
8998,koushik_2031958,2,0.0014,130517,91.98
8999,kozue,2,0.0014,130519,91.99
9000,kradcore,2,0.0014,130521,91.99
9001,krassomat,2,0.0014,130523,91.99
9002,kratozai24153,2,0.0014,130525,91.99
9003,kregon,2,0.0014,130527,91.99
9004,ksiheuwiwe509,2,0.0014,130529,91.99
9005,ksu2214934,2,0.0014,130531,91.99
9006,kudzu_,2,0.0014,130533,92.0
9007,kurt69,2,0.0014,130535,92.0
9008,kylie_penumbra327,2,0.0014,130537,92.0
9009,kzx2323,2,0.0014,130539,92.0
9010,l1ons,2,0.0014,130541,92.0
9011,lOoOI,2,0.0014,130543,92.0
9012,lady94two,2,0.0014,130545,92.0
9013,laerae,2,0.0014,130547,92.01
9014,lagem71073391,2,0.0014,130549,92.01
9015,lagiopaido,2,0.0014,130551,92.01
9016,laleda,2,0.0014,130553,92.01
9017,lambl344,2,0.0014,130555,92.01
9018,landstoneqc321,2,0.0014,130557,92.01
9019,lanibauwens769,2,0.0014,130559,92.01
9020,largedoug,2,0.0014,130561,92.02
9021,laylaaifx,2,0.0014,130563,92.02
9022,lazyelysia,2,0.0014,130565,92.02
9023,lealcc,2,0.0014,130567,92.02
9024,leepeter1231,2,0.0014,130569,92.02
9025,legitprivate252,2,0.0014,130571,92.02
9026,leia_aiel,2,0.0014,130573,92.02
9027,leina_4th522,2,0.0014,130575,92.03
9028,leirbag421,2,0.0014,130577,92.03
9029,leoare1123,2,0.0014,130579,92.03
9030,liandri,2,0.0014,130581,92.03
9031,lightningstar,2,0.0014,130583,92.03
9032,lightro365,2,0.0014,130585,92.03
9033,likaihaiyang557,2,0.0014,130587,92.03
9034,likot,2,0.0014,130589,92.04
9035,lin_1,2,0.0014,130591,92.04
9036,lin_obscure,2,0.0014,130593,92.04
9037,lingzoujiao,2,0.0014,130595,92.04
9038,linksign,2,0.0014,130597,92.04
9039,linksucks,2,0.0014,130599,92.04
9040,liujiangxxxx952,2,0.0014,130601,92.04
9041,lixyxalo557,2,0.0014,130603,92.05
9042,llel127,2,0.0014,130605,92.05
9043,llgod22,2,0.0014,130607,92.05
9044,lm2358627688852,2,0.0014,130609,92.05
9045,lmmenn,2,0.0014,130611,92.05
9046,loadingbar,2,0.0014,130613,92.05
9047,locaspinas6273,2,0.0014,130615,92.05
9048,locke69321,2,0.0014,130617,92.06
9049,logancajaras931,2,0.0014,130619,92.06
9050,lol1230,2,0.0014,130621,92.06
9051,lol268516342,2,0.0014,130623,92.06
9052,lolzua1234,2,0.0014,130625,92.06
9053,lolzuera0000,2,0.0014,130627,92.06
9054,loosenthesecuredcord,2,0.0014,130629,92.06
9055,lordboosto232,2,0.0014,130631,92.06
9056,lordgoldman20328,2,0.0014,130633,92.07
9057,losquit,2,0.0014,130635,92.07
9058,lostman777,2,0.0014,130637,92.07
9059,lostsnacks100,2,0.0014,130639,92.07
9060,loveship69,2,0.0014,130641,92.07
9061,lozanoof25279,2,0.0014,130643,92.07
9062,lucario1984,2,0.0014,130645,92.07
9063,luciahernandezcorreo185,2,0.0014,130647,92.08
9064,luckjinque,2,0.0014,130649,92.08
9065,luckycomputer,2,0.0014,130651,92.08
9066,lucvankerkvoort773,2,0.0014,130653,92.08
9067,lueringlian,2,0.0014,130655,92.08
9068,luklukluk40,2,0.0014,130657,92.08
9069,lushmilk,2,0.0014,130659,92.08
9070,luxchorizo,2,0.0014,130661,92.09
9071,lwh9346,2,0.0014,130663,92.09
9072,lxx77,2,0.0014,130665,92.09
9073,lynxfrart220,2,0.0014,130667,92.09
9074,lyr020208344,2,0.0014,130669,92.09
9075,m1ndless,2,0.0014,130671,92.09
9076,m4crimson,2,0.0014,130673,92.09
9077,mFil,2,0.0014,130675,92.1
9078,macke333540,2,0.0014,130677,92.1
9079,mad0gg,2,0.0014,130679,92.1
9080,madamisteri4ka780,2,0.0014,130681,92.1
9081,madb198962980,2,0.0014,130683,92.1
9082,mamode3168142,2,0.0014,130685,92.1
9083,manan_mehta,2,0.0014,130687,92.1
9084,mango_sago2,2,0.0014,130689,92.11
9085,mara_123,2,0.0014,130691,92.11
9086,marcrosss77,2,0.0014,130693,92.11
9087,marcuds,2,0.0014,130695,92.11
9088,marcusaureliusfun,2,0.0014,130697,92.11
9089,maria371,2,0.0014,130699,92.11
9090,markbrown010203556,2,0.0014,130701,92.11
9091,markminxd229,2,0.0014,130703,92.12
9092,martin_c1950,2,0.0014,130705,92.12
9093,martise,2,0.0014,130707,92.12
9094,maschenny3,2,0.0014,130709,92.12
9095,masterpajas859,2,0.0014,130711,92.12
9096,masterxpuppy538,2,0.0014,130713,92.12
9097,maussr,2,0.0014,130715,92.12
9098,mawedesign,2,0.0014,130717,92.13
9099,maxoi4j,2,0.0014,130719,92.13
9100,maxwel224,2,0.0014,130721,92.13
9101,mayano_love,2,0.0014,130723,92.13
9102,mayuke2430397,2,0.0014,130725,92.13
9103,mb4ai,2,0.0014,130727,92.13
9104,mconqueror17544,2,0.0014,130729,92.13
9105,mdwmdw,2,0.0014,130731,92.14
9106,me111,2,0.0014,130733,92.14
9107,meekocoon123456491,2,0.0014,130735,92.14
9108,mefeya1567614,2,0.0014,130737,92.14
9109,mega2ton2,2,0.0014,130739,92.14
9110,mehg,2,0.0014,130741,92.14
9111,melodicmisfit,2,0.0014,130743,92.14
9112,menkiga,2,0.0014,130745,92.15
9113,messer_,2,0.0014,130747,92.15
9114,mg881,2,0.0014,130749,92.15
9115,mgmsalias3out,2,0.0014,130751,92.15
9116,mgmsalias4out,2,0.0014,130753,92.15
9117,mheaney47256,2,0.0014,130755,92.15
9118,micvrotom,2,0.0014,130757,92.15
9119,migalone2,2,0.0014,130759,92.16
9120,miggansmolbi159,2,0.0014,130761,92.16
9121,miguel487,2,0.0014,130763,92.16
9122,mike090y9,2,0.0014,130765,92.16
9123,milaazul1990,2,0.0014,130767,92.16
9124,minebagger,2,0.0014,130769,92.16
9125,minus60,2,0.0014,130771,92.16
9126,mipmup,2,0.0014,130773,92.17
9127,miracleekeled522,2,0.0014,130775,92.17
9128,mixhz99890,2,0.0014,130777,92.17
9129,mjzelinskas134,2,0.0014,130779,92.17
9130,mlml,2,0.0014,130781,92.17
9131,mlmstr,2,0.0014,130783,92.17
9132,mmffkk000,2,0.0014,130785,92.17
9133,mmmmmhmm123,2,0.0014,130787,92.17
9134,mmtrs,2,0.0014,130789,92.18
9135,mnemic,2,0.0014,130791,92.18
9136,mochorong,2,0.0014,130793,92.18
9137,modanlike,2,0.0014,130795,92.18
9138,mondayngoo122,2,0.0014,130797,92.18
9139,monkewt,2,0.0014,130799,92.18
9140,monormembar119,2,0.0014,130801,92.18
9141,moonies,2,0.0014,130803,92.19
9142,moonjeef,2,0.0014,130805,92.19
9143,moonllena491881,2,0.0014,130807,92.19
9144,mordorock,2,0.0014,130809,92.19
9145,morrad85,2,0.0014,130811,92.19
9146,mortimdps,2,0.0014,130813,92.19
9147,mortusdorentum,2,0.0014,130815,92.19
9148,morzosin,2,0.0014,130817,92.2
9149,mrTvister,2,0.0014,130819,92.2
9150,mr_d_2k,2,0.0014,130821,92.2
9151,mrfrp234,2,0.0014,130823,92.2
9152,mrghostrider,2,0.0014,130825,92.2
9153,mrlee0517,2,0.0014,130827,92.2
9154,msnandmanac583,2,0.0014,130829,92.2
9155,msu669,2,0.0014,130831,92.21
9156,mttron70,2,0.0014,130833,92.21
9157,mttulheza366,2,0.0014,130835,92.21
9158,mudshooter1,2,0.0014,130837,92.21
9159,muellvonvod131,2,0.0014,130839,92.21
9160,mutukazuki,2,0.0014,130841,92.21
9161,muunki,2,0.0014,130843,92.21
9162,muziq69828,2,0.0014,130845,92.22
9163,mwyant59392,2,0.0014,130847,92.22
9164,my11,2,0.0014,130849,92.22
9165,mycobs615,2,0.0014,130851,92.22
9166,mylesglass,2,0.0014,130853,92.22
9167,n8mi69,2,0.0014,130855,92.22
9168,naclken,2,0.0014,130857,92.22
9169,nadlako,2,0.0014,130859,92.23
9170,nafersafer360,2,0.0014,130861,92.23
9171,naotsue,2,0.0014,130863,92.23
9172,nasgrphc279,2,0.0014,130865,92.23
9173,nasoooor29,2,0.0014,130867,92.23
9174,ncaptain99490,2,0.0014,130869,92.23
9175,nebtfulous,2,0.0014,130871,92.23
9176,neet1996,2,0.0014,130873,92.24
9177,neforesjm13312,2,0.0014,130875,92.24
9178,negneg,2,0.0014,130877,92.24
9179,negneggy,2,0.0014,130879,92.24
9180,nekotaylor,2,0.0014,130881,92.24
9181,nemo106650188,2,0.0014,130883,92.24
9182,neosparkj1991,2,0.0014,130885,92.24
9183,nerdy_werewolf,2,0.0014,130887,92.25
9184,neron456,2,0.0014,130889,92.25
9185,nfsw_eu,2,0.0014,130891,92.25
9186,nftdnk,2,0.0014,130893,92.25
9187,nhjydywd,2,0.0014,130895,92.25
9188,nicasioparaguayo,2,0.0014,130897,92.25
9189,nichow999,2,0.0014,130899,92.25
9190,nikoszlatanidis621,2,0.0014,130901,92.26
9191,ningenhazure,2,0.0014,130903,92.26
9192,nite77657289,2,0.0014,130905,92.26
9193,nitro385,2,0.0014,130907,92.26
9194,nnnnnm,2,0.0014,130909,92.26
9195,noahgrassland570,2,0.0014,130911,92.26
9196,nobodyofnote,2,0.0014,130913,92.26
9197,noctivis,2,0.0014,130915,92.27
9198,nofmegan895,2,0.0014,130917,92.27
9199,nohi7531,2,0.0014,130919,92.27
9200,noise763,2,0.0014,130921,92.27
9201,nolland,2,0.0014,130923,92.27
9202,noncompetit,2,0.0014,130925,92.27
9203,noogie,2,0.0014,130927,92.27
9204,noraaagaaami,2,0.0014,130929,92.28
9205,norio0699,2,0.0014,130931,92.28
9206,norville1,2,0.0014,130933,92.28
9207,notagaylizard,2,0.0014,130935,92.28
9208,notbarry,2,0.0014,130937,92.28
9209,notironman,2,0.0014,130939,92.28
9210,notre1212,2,0.0014,130941,92.28
9211,notsafeforai,2,0.0014,130943,92.28
9212,notspecial,2,0.0014,130945,92.29
9213,notverygood16653,2,0.0014,130947,92.29
9214,nshandye560,2,0.0014,130949,92.29
9215,nullcamp901,2,0.0014,130951,92.29
9216,nustyle162,2,0.0014,130953,92.29
9217,nv,2,0.0014,130955,92.29
9218,o990,2,0.0014,130957,92.29
9219,oReoNOVA,2,0.0014,130959,92.3
9220,obigandmathieu26336,2,0.0014,130961,92.3
9221,objaction,2,0.0014,130963,92.3
9222,obungaskr,2,0.0014,130965,92.3
9223,oceanczj,2,0.0014,130967,92.3
9224,oddjam135,2,0.0014,130969,92.3
9225,odysyonline,2,0.0014,130971,92.3
9226,ogden50000,2,0.0014,130973,92.31
9227,ohan0873,2,0.0014,130975,92.31
9228,ohbeejuan,2,0.0014,130977,92.31
9229,oiloiloil,2,0.0014,130979,92.31
9230,ojii,2,0.0014,130981,92.31
9231,okaga25183,2,0.0014,130983,92.31
9232,olatzin251,2,0.0014,130985,92.31
9233,olga7136,2,0.0014,130987,92.32
9234,omega06647242,2,0.0014,130989,92.32
9235,omel1,2,0.0014,130991,92.32
9236,omoikane_i01956,2,0.0014,130993,92.32
9237,onbe,2,0.0014,130995,92.32
9238,onikigokhan353,2,0.0014,130997,92.32
9239,oodies264276,2,0.0014,130999,92.32
9240,oontsoontsen,2,0.0014,131001,92.33
9241,opticalbrink,2,0.0014,131003,92.33
9242,ore1,2,0.0014,131005,92.33
9243,osokskssdjzksiisksns,2,0.0014,131007,92.33
9244,otaviogp58306,2,0.0014,131009,92.33
9245,ou_pai,2,0.0014,131011,92.33
9246,ourplejit186,2,0.0014,131013,92.33
9247,out_of_username_ideas,2,0.0014,131015,92.34
9248,outeredgealbany719,2,0.0014,131017,92.34
9249,overbac,2,0.0014,131019,92.34
9250,overwatchdiva,2,0.0014,131021,92.34
9251,overwatchunicorn,2,0.0014,131023,92.34
9252,ovidiusnaso,2,0.0014,131025,92.34
9253,oxfordtube376,2,0.0014,131027,92.34
9254,ozimsdaniel2011420,2,0.0014,131029,92.35
9255,packet,2,0.0014,131031,92.35
9256,paddedartsyfartsy,2,0.0014,131033,92.35
9257,pan_nsfw,2,0.0014,131035,92.35
9258,panoramat,2,0.0014,131037,92.35
9259,panzer103,2,0.0014,131039,92.35
9260,pasunnazacrifa,2,0.0014,131041,92.35
9261,patodegomanumero5896,2,0.0014,131043,92.36
9262,patrickcalvano2003304,2,0.0014,131045,92.36
9263,patrykpatolikus246,2,0.0014,131047,92.36
9264,patslife0530,2,0.0014,131049,92.36
9265,pattex,2,0.0014,131051,92.36
9266,paul502,2,0.0014,131053,92.36
9267,pavelcool101,2,0.0014,131055,92.36
9268,pawarsurya,2,0.0014,131057,92.37
9269,pawsfast,2,0.0014,131059,92.37
9270,paxinpox,2,0.0014,131061,92.37
9271,pechi1,2,0.0014,131063,92.37
9272,pedrosapiens,2,0.0014,131065,92.37
9273,pegasopegi614,2,0.0014,131067,92.37
9274,perdible,2,0.0014,131069,92.37
9275,perezrudolf,2,0.0014,131071,92.38
9276,peripompon824,2,0.0014,131073,92.38
9277,peters30kmh717,2,0.0014,131075,92.38
9278,pevansy826,2,0.0014,131077,92.38
9279,phanostrata,2,0.0014,131079,92.38
9280,phantomknight73651,2,0.0014,131081,92.38
9281,phildoeshair1,2,0.0014,131083,92.38
9282,philphilphil,2,0.0014,131085,92.38
9283,phobosorted,2,0.0014,131087,92.39
9284,picklericky,2,0.0014,131089,92.39
9285,pineftwc691,2,0.0014,131091,92.39
9286,pinkamenausuario,2,0.0014,131093,92.39
9287,pinkey0000,2,0.0014,131095,92.39
9288,pinktooth,2,0.0014,131097,92.39
9289,pipon322739,2,0.0014,131099,92.39
9290,piratetrader516441,2,0.0014,131101,92.4
9291,pixel_mang,2,0.0014,131103,92.4
9292,pizaza,2,0.0014,131105,92.4
9293,pky48673163,2,0.0014,131107,92.4
9294,planet2B5890G,2,0.0014,131109,92.4
9295,plk,2,0.0014,131111,92.4
9296,plodb,2,0.0014,131113,92.4
9297,polsaq18692,2,0.0014,131115,92.41
9298,pompaci383684,2,0.0014,131117,92.41
9299,poopibutt,2,0.0014,131119,92.41
9300,portLort,2,0.0014,131121,92.41
9301,posrajdaszek,2,0.0014,131123,92.41
9302,posspiss,2,0.0014,131125,92.41
9303,postkist,2,0.0014,131127,92.41
9304,powerandice,2,0.0014,131129,92.42
9305,poweredaiai531,2,0.0014,131131,92.42
9306,poyacrack,2,0.0014,131133,92.42
9307,pp59,2,0.0014,131135,92.42
9308,pp6099733486,2,0.0014,131137,92.42
9309,pplatt52788,2,0.0014,131139,92.42
9310,prash884,2,0.0014,131141,92.42
9311,princessoflovepinkyt,2,0.0014,131143,92.43
9312,privatewolf,2,0.0014,131145,92.43
9313,privateyoshi123,2,0.0014,131147,92.43
9314,profitabletroutblns103,2,0.0014,131149,92.43
9315,psdns858,2,0.0014,131151,92.43
9316,pseymour69465,2,0.0014,131153,92.43
9317,ptx0,2,0.0014,131155,92.43
9318,pumpyg,2,0.0014,131157,92.44
9319,puntoycroma817,2,0.0014,131159,92.44
9320,pupik,2,0.0014,131161,92.44
9321,purpose,2,0.0014,131163,92.44
9322,pushpibl,2,0.0014,131165,92.44
9323,pvtcogleyjohn528,2,0.0014,131167,92.44
9324,pwangdoo3,2,0.0014,131169,92.44
9325,pyrogames2009156,2,0.0014,131171,92.45
9326,qes1,2,0.0014,131173,92.45
9327,qinyuzay437,2,0.0014,131175,92.45
9328,qpiu67dzrc461,2,0.0014,131177,92.45
9329,qqmoth,2,0.0014,131179,92.45
9330,qqq942,2,0.0014,131181,92.45
9331,qqqq4413,2,0.0014,131183,92.45
9332,qrady,2,0.0014,131185,92.46
9333,qscw1234,2,0.0014,131187,92.46
9334,qslengjing,2,0.0014,131189,92.46
9335,quantumcreator23518,2,0.0014,131191,92.46
9336,quit,2,0.0014,131193,92.46
9337,qwerty8989,2,0.0014,131195,92.46
9338,radhikaklara8379,2,0.0014,131197,92.46
9339,radishcruton,2,0.0014,131199,92.47
9340,radvanritaa482,2,0.0014,131201,92.47
9341,rahulkaushik_999,2,0.0014,131203,92.47
9342,raindog114,2,0.0014,131205,92.47
9343,rainerWfFb,2,0.0014,131207,92.47
9344,randerriane888,2,0.0014,131209,92.47
9345,random_lad,2,0.0014,131211,92.47
9346,rango,2,0.0014,131213,92.48
9347,raphaelsabatini5328,2,0.0014,131215,92.48
9348,raquel_an,2,0.0014,131217,92.48
9349,rareadn,2,0.0014,131219,92.48
9350,raredragon,2,0.0014,131221,92.48
9351,rarepearl,2,0.0014,131223,92.48
9352,raybay752228,2,0.0014,131225,92.48
9353,raytion,2,0.0014,131227,92.49
9354,rbit64295,2,0.0014,131229,92.49
9355,realdex,2,0.0014,131231,92.49
9356,realmannace420237,2,0.0014,131233,92.49
9357,reaper557,2,0.0014,131235,92.49
9358,reaperyisu209,2,0.0014,131237,92.49
9359,redditstorian255,2,0.0014,131239,92.49
9360,redtvpe,2,0.0014,131241,92.49
9361,reedysetdeveloper,2,0.0014,131243,92.5
9362,renato33,2,0.0014,131245,92.5
9363,rer755,2,0.0014,131247,92.5
9364,reset5,2,0.0014,131249,92.5
9365,restlessboy,2,0.0014,131251,92.5
9366,retorima,2,0.0014,131253,92.5
9367,reusgx,2,0.0014,131255,92.5
9368,rgomezs2010,2,0.0014,131257,92.51
9369,rhaix,2,0.0014,131259,92.51
9370,rhiggins030,2,0.0014,131261,92.51
9371,ricefarmerhat,2,0.0014,131263,92.51
9372,richardb,2,0.0014,131265,92.51
9373,richbishera777178,2,0.0014,131267,92.51
9374,richffen,2,0.0014,131269,92.51
9375,rickmashups,2,0.0014,131271,92.52
9376,rirykas,2,0.0014,131273,92.52
9377,roadajia1,2,0.0014,131275,92.52
9378,roadstar1330318,2,0.0014,131277,92.52
9379,robertlu1021,2,0.0014,131279,92.52
9380,robobirdy,2,0.0014,131281,92.52
9381,roexpendable735,2,0.0014,131283,92.52
9382,rolenzio,2,0.0014,131285,92.53
9383,romiolast,2,0.0014,131287,92.53
9384,ronier,2,0.0014,131289,92.53
9385,ronnie_alfaro,2,0.0014,131291,92.53
9386,rooler,2,0.0014,131293,92.53
9387,roperkevin02527,2,0.0014,131295,92.53
9388,rosalco,2,0.0014,131297,92.53
9389,rovafur69,2,0.0014,131299,92.54
9390,rovisik,2,0.0014,131301,92.54
9391,rpgsigrun12375,2,0.0014,131303,92.54
9392,rpkstay,2,0.0014,131305,92.54
9393,rqlxcanalxt,2,0.0014,131307,92.54
9394,rrwwws,2,0.0014,131309,92.54
9395,rtkhe512948,2,0.0014,131311,92.54
9396,rtsct2r30860,2,0.0014,131313,92.55
9397,ruan_13,2,0.0014,131315,92.55
9398,ruhaskaeri,2,0.0014,131317,92.55
9399,rulicia_misaki526,2,0.0014,131319,92.55
9400,rumoredlegends,2,0.0014,131321,92.55
9401,rusticdragon20,2,0.0014,131323,92.55
9402,rweirdo25435,2,0.0014,131325,92.55
9403,ryangleyn785,2,0.0014,131327,92.56
9404,s21704736304,2,0.0014,131329,92.56
9405,sabbath_65,2,0.0014,131331,92.56
9406,sabsabsaber12127,2,0.0014,131333,92.56
9407,sabx377251,2,0.0014,131335,92.56
9408,sacredsin9999666,2,0.0014,131337,92.56
9409,sadxzero,2,0.0014,131339,92.56
9410,safoga2330384,2,0.0014,131341,92.57
9411,sagadi2430812,2,0.0014,131343,92.57
9412,sajeas,2,0.0014,131345,92.57
9413,sajofu,2,0.0014,131347,92.57
9414,sajoukourckan,2,0.0014,131349,92.57
9415,sajtika,2,0.0014,131351,92.57
9416,sakamotominami,2,0.0014,131353,92.57
9417,salasy,2,0.0014,131355,92.58
9418,saliacoel674,2,0.0014,131357,92.58
9419,sambadius,2,0.0014,131359,92.58
9420,sandarache,2,0.0014,131361,92.58
9421,sanus,2,0.0014,131363,92.58
9422,sapientSpace,2,0.0014,131365,92.58
9423,sapphirelily80239,2,0.0014,131367,92.58
9424,saratime90821,2,0.0014,131369,92.59
9425,sartresw8er,2,0.0014,131371,92.59
9426,sasakras00258,2,0.0014,131373,92.59
9427,sashaabb681,2,0.0014,131375,92.59
9428,sashabot,2,0.0014,131377,92.59
9429,sashysakazaki_1997992,2,0.0014,131379,92.59
9430,sasiskabubina565,2,0.0014,131381,92.59
9431,satisfiedpeach,2,0.0014,131383,92.59
9432,satrancool32904,2,0.0014,131385,92.6
9433,sayurio,2,0.0014,131387,92.6
9434,sazanka,2,0.0014,131389,92.6
9435,scandic3d,2,0.0014,131391,92.6
9436,schwadorf,2,0.0014,131393,92.6
9437,sean80429,2,0.0014,131395,92.6
9438,seandc77,2,0.0014,131397,92.6
9439,sebastianrmp0627204,2,0.0014,131399,92.61
9440,sekaiover,2,0.0014,131401,92.61
9441,semivtis,2,0.0014,131403,92.61
9442,sensesense2907,2,0.0014,131405,92.61
9443,sept0deep9708,2,0.0014,131407,92.61
9444,sepus_empyrean,2,0.0014,131409,92.61
9445,sergiocaruso636,2,0.0014,131411,92.61
9446,sergioschiavo,2,0.0014,131413,92.62
9447,set999,2,0.0014,131415,92.62
9448,severkal,2,0.0014,131417,92.62
9449,sewagepup,2,0.0014,131419,92.62
9450,sexualfilterer,2,0.0014,131421,92.62
9451,shadchamp,2,0.0014,131423,92.62
9452,shadeling1972394,2,0.0014,131425,92.62
9453,shadowwind82,2,0.0014,131427,92.63
9454,shauri,2,0.0014,131429,92.63
9455,shellerman,2,0.0014,131431,92.63
9456,shenbiao137786,2,0.0014,131433,92.63
9457,shenjingtudi,2,0.0014,131435,92.63
9458,shephs_art,2,0.0014,131437,92.63
9459,shiftycheshire,2,0.0014,131439,92.63
9460,shin_ramen,2,0.0014,131441,92.64
9461,shinobufan420762,2,0.0014,131443,92.64
9462,shirokitsune,2,0.0014,131445,92.64
9463,shishigamidono2021659,2,0.0014,131447,92.64
9464,shivatejjss173,2,0.0014,131449,92.64
9465,shizuefan,2,0.0014,131451,92.64
9466,shjbxzdyyrhjjcddt230,2,0.0014,131453,92.64
9467,shloogorgh,2,0.0014,131455,92.65
9468,shmaqkomcaj8460,2,0.0014,131457,92.65
9469,shnack,2,0.0014,131459,92.65
9470,shndibfd847e691,2,0.0014,131461,92.65
9471,showerr,2,0.0014,131463,92.65
9472,shunchi,2,0.0014,131465,92.65
9473,shunvart,2,0.0014,131467,92.65
9474,sialiasialis,2,0.0014,131469,92.66
9475,siberiakiller993,2,0.0014,131471,92.66
9476,silkvined5546577,2,0.0014,131473,92.66
9477,sillyr,2,0.0014,131475,92.66
9478,silverduecelp649,2,0.0014,131477,92.66
9479,simbasocials062849,2,0.0014,131479,92.66
9480,siraha3,2,0.0014,131481,92.66
9481,sirenstern,2,0.0014,131483,92.67
9482,siro_hama,2,0.0014,131485,92.67
9483,sj854312551282,2,0.0014,131487,92.67
9484,sketchie13848,2,0.0014,131489,92.67
9485,skibidislicers,2,0.0014,131491,92.67
9486,skoget,2,0.0014,131493,92.67
9487,skullyfave248,2,0.0014,131495,92.67
9488,skurunkurybeenasu,2,0.0014,131497,92.68
9489,slaad0,2,0.0014,131499,92.68
9490,slartibart353,2,0.0014,131501,92.68
9491,slavyandesu,2,0.0014,131503,92.68
9492,slayyeraw,2,0.0014,131505,92.68
9493,slime_job,2,0.0014,131507,92.68
9494,sluminat2839,2,0.0014,131509,92.68
9495,sniping643,2,0.0014,131511,92.69
9496,snkrsandchess918,2,0.0014,131513,92.69
9497,snowboardinkid671,2,0.0014,131515,92.69
9498,soKyra,2,0.0014,131517,92.69
9499,sodauva,2,0.0014,131519,92.69
9500,soiacalmanienti608,2,0.0014,131521,92.69
9501,solarisx1989,2,0.0014,131523,92.69
9502,solizarmb856,2,0.0014,131525,92.7
9503,soloimageia,2,0.0014,131527,92.7
9504,someonecall119956,2,0.0014,131529,92.7
9505,sonrisamochi10,2,0.0014,131531,92.7
9506,southside,2,0.0014,131533,92.7
9507,sowjel466,2,0.0014,131535,92.7
9508,spamblocker9238,2,0.0014,131537,92.7
9509,spampapelera499,2,0.0014,131539,92.7
9510,sparetarantulankor844,2,0.0014,131541,92.71
9511,specialk_dt,2,0.0014,131543,92.71
9512,spicychipsenpai,2,0.0014,131545,92.71
9513,spidyspiderman,2,0.0014,131547,92.71
9514,spiritualpheasantybgs302,2,0.0014,131549,92.71
9515,sportingshrimpzqti126,2,0.0014,131551,92.71
9516,springshsiao350,2,0.0014,131553,92.71
9517,spydersolaron983,2,0.0014,131555,92.72
9518,spyim142,2,0.0014,131557,92.72
9519,squidboimusic,2,0.0014,131559,92.72
9520,srsly88,2,0.0014,131561,92.72
9521,ssbmaster21,2,0.0014,131563,92.72
9522,sss116,2,0.0014,131565,92.72
9523,sswasd,2,0.0014,131567,92.72
9524,starlighthidden,2,0.0014,131569,92.73
9525,starrymacho,2,0.0014,131571,92.73
9526,statusfx,2,0.0014,131573,92.73
9527,stealmaniac,2,0.0014,131575,92.73
9528,steeleman399,2,0.0014,131577,92.73
9529,stefansoy536,2,0.0014,131579,92.73
9530,stepanapistep,2,0.0014,131581,92.73
9531,stitiches,2,0.0014,131583,92.74
9532,stocksv18937,2,0.0014,131585,92.74
9533,storm821,2,0.0014,131587,92.74
9534,strangefigure,2,0.0014,131589,92.74
9535,stubatme,2,0.0014,131591,92.74
9536,stupidaithrowaway,2,0.0014,131593,92.74
9537,suduji,2,0.0014,131595,92.74
9538,sugengsukoyo574,2,0.0014,131597,92.75
9539,sunny17,2,0.0014,131599,92.75
9540,supahaatfiya123,2,0.0014,131601,92.75
9541,supar1,2,0.0014,131603,92.75
9542,superbia1987727,2,0.0014,131605,92.75
9543,superdoggo,2,0.0014,131607,92.75
9544,superkat,2,0.0014,131609,92.75
9545,supersilentman90380,2,0.0014,131611,92.76
9546,superskirv,2,0.0014,131613,92.76
9547,supertailshero,2,0.0014,131615,92.76
9548,supoerwog1,2,0.0014,131617,92.76
9549,surve1shubham686,2,0.0014,131619,92.76
9550,suryantoart19,2,0.0014,131621,92.76
9551,suteakaking,2,0.0014,131623,92.76
9552,svga87,2,0.0014,131625,92.77
9553,sweetcandysimon18966,2,0.0014,131627,92.77
9554,sweetmax797,2,0.0014,131629,92.77
9555,sydatter8944,2,0.0014,131631,92.77
9556,synkri,2,0.0014,131633,92.77
9557,t93750731965,2,0.0014,131635,92.77
9558,taaic111,2,0.0014,131637,92.77
9559,tacitblue2,2,0.0014,131639,92.78
9560,tacogirlp,2,0.0014,131641,92.78
9561,tadayoshi,2,0.0014,131643,92.78
9562,takoyakioji,2,0.0014,131645,92.78
9563,tan743171,2,0.0014,131647,92.78
9564,tara_,2,0.0014,131649,92.78
9565,taraserv282,2,0.0014,131651,92.78
9566,tatelee1990733,2,0.0014,131653,92.79
9567,tauraloke,2,0.0014,131655,92.79
9568,taylortripp99134,2,0.0014,131657,92.79
9569,tbone161222,2,0.0014,131659,92.79
9570,tdm4000,2,0.0014,131661,92.79
9571,teakbomb,2,0.0014,131663,92.79
9572,teal00,2,0.0014,131665,92.79
9573,teamjenn,2,0.0014,131667,92.8
9574,tehalex86,2,0.0014,131669,92.8
9575,telecom,2,0.0014,131671,92.8
9576,tellmewhoswatchin,2,0.0014,131673,92.8
9577,temilius,2,0.0014,131675,92.8
9578,tempaccount0122,2,0.0014,131677,92.8
9579,tenant709,2,0.0014,131679,92.8
9580,tentacleeverything,2,0.0014,131681,92.8
9581,tentativeellipses,2,0.0014,131683,92.81
9582,terraria00385,2,0.0014,131685,92.81
9583,terry97144,2,0.0014,131687,92.81
9584,test0010,2,0.0014,131689,92.81
9585,texandude01554,2,0.0014,131691,92.81
9586,th100alien118,2,0.0014,131693,92.81
9587,thaitax78923,2,0.0014,131695,92.81
9588,thatllbeanope,2,0.0014,131697,92.82
9589,thecreator1of1309,2,0.0014,131699,92.82
9590,thedoctor63,2,0.0014,131701,92.82
9591,thedwaynetrain,2,0.0014,131703,92.82
9592,thefirstleague943,2,0.0014,131705,92.82
9593,thefirstslimelord672,2,0.0014,131707,92.82
9594,thegrimsniper,2,0.0014,131709,92.82
9595,thelastassbender,2,0.0014,131711,92.83
9596,thelesed,2,0.0014,131713,92.83
9597,themayor,2,0.0014,131715,92.83
9598,thenetoide,2,0.0014,131717,92.83
9599,therealblueraptor1994821,2,0.0014,131719,92.83
9600,theviewer34562,2,0.0014,131721,92.83
9601,thiccConnoisseur,2,0.0014,131723,92.83
9602,thighenjoyer,2,0.0014,131725,92.84
9603,throwawayyy111,2,0.0014,131727,92.84
9604,throwkidsatrocks352,2,0.0014,131729,92.84
9605,tickshaw,2,0.0014,131731,92.84
9606,tiffy1234231,2,0.0014,131733,92.84
9607,tikitiki404,2,0.0014,131735,92.84
9608,tillacher481,2,0.0014,131737,92.84
9609,timWU2333,2,0.0014,131739,92.85
9610,timispap787,2,0.0014,131741,92.85
9611,timpeschke99151,2,0.0014,131743,92.85
9612,tntqqyy188,2,0.0014,131745,92.85
9613,togakanro,2,0.0014,131747,92.85
9614,tol026281303,2,0.0014,131749,92.85
9615,tolover69,2,0.0014,131751,92.85
9616,tondahlavacekth301,2,0.0014,131753,92.86
9617,tonyioun888457,2,0.0014,131755,92.86
9618,tonyspork,2,0.0014,131757,92.86
9619,tonyunreal,2,0.0014,131759,92.86
9620,toongod,2,0.0014,131761,92.86
9621,toshiaki90236,2,0.0014,131763,92.86
9622,tracytrcr,2,0.0014,131765,92.86
9623,trash311mh,2,0.0014,131767,92.87
9624,tratt23,2,0.0014,131769,92.87
9625,treebard,2,0.0014,131771,92.87
9626,trendytoys,2,0.0014,131773,92.87
9627,trewser843,2,0.0014,131775,92.87
9628,triggerpull,2,0.0014,131777,92.87
9629,triops42,2,0.0014,131779,92.87
9630,trip0ttie208,2,0.0014,131781,92.88
9631,trois,2,0.0014,131783,92.88
9632,tron1992b299,2,0.0014,131785,92.88
9633,trvsmartin178,2,0.0014,131787,92.88
9634,tsukishino927,2,0.0014,131789,92.88
9635,ttransmissions788,2,0.0014,131791,92.88
9636,tunnah,2,0.0014,131793,92.88
9637,turiyag,2,0.0014,131795,92.89
9638,turlik,2,0.0014,131797,92.89
9639,tutakanbeity,2,0.0014,131799,92.89
9640,tuy01831219,2,0.0014,131801,92.89
9641,twelve7five,2,0.0014,131803,92.89
9642,twfd2,2,0.0014,131805,92.89
9643,tylerwellington100,2,0.0014,131807,92.89
9644,typhoon2285,2,0.0014,131809,92.9
9645,tyreal2012,2,0.0014,131811,92.9
9646,uagirls218849,2,0.0014,131813,92.9
9647,uka69,2,0.0014,131815,92.9
9648,ultrakingx2,2,0.0014,131817,92.9
9649,ultralink20,2,0.0014,131819,92.9
9650,unchained,2,0.0014,131821,92.9
9651,uncletanuma,2,0.0014,131823,92.91
9652,unformalized,2,0.0014,131825,92.91
9653,unhinged_urial,2,0.0014,131827,92.91
9654,unhipmoutain33,2,0.0014,131829,92.91
9655,unicorndad,2,0.0014,131831,92.91
9656,unrealvfx461,2,0.0014,131833,92.91
9657,untitled1555,2,0.0014,131835,92.91
9658,urbanlegendwiki,2,0.0014,131837,92.91
9659,usawa,2,0.0014,131839,92.92
9660,user11526544,2,0.0014,131841,92.92
9661,user23456,2,0.0014,131843,92.92
9662,user_23718937281937189321,2,0.0014,131845,92.92
9663,usijimakunrx,2,0.0014,131847,92.92
9664,uteenlearn,2,0.0014,131849,92.92
9665,uwu_chan,2,0.0014,131851,92.92
9666,uyilan9172,2,0.0014,131853,92.93
9667,vaako7,2,0.0014,131855,92.93
9668,valentina_morena_cruz,2,0.0014,131857,92.93
9669,vanosergio208490,2,0.0014,131859,92.93
9670,vaporizer2188,2,0.0014,131861,92.93
9671,vashir,2,0.0014,131863,92.93
9672,vegsla,2,0.0014,131865,92.93
9673,venirme,2,0.0014,131867,92.94
9674,venomiserr703,2,0.0014,131869,92.94
9675,veronvalentin2907,2,0.0014,131871,92.94
9676,verosikamayday63,2,0.0014,131873,92.94
9677,very_dumb,2,0.0014,131875,92.94
9678,vewif,2,0.0014,131877,92.94
9679,vibinggood,2,0.0014,131879,92.94
9680,vicenoroute2020799,2,0.0014,131881,92.95
9681,vickyelotes69758,2,0.0014,131883,92.95
9682,vilzebuba,2,0.0014,131885,92.95
9683,vince11,2,0.0014,131887,92.95
9684,vitalitize,2,0.0014,131889,92.95
9685,vitim79,2,0.0014,131891,92.95
9686,vjleoliu,2,0.0014,131893,92.95
9687,vollo,2,0.0014,131895,92.96
9688,voriousthe7,2,0.0014,131897,92.96
9689,voyeur19,2,0.0014,131899,92.96
9690,vsaan,2,0.0014,131901,92.96
9691,vulsleek,2,0.0014,131903,92.96
9692,w2601992236162,2,0.0014,131905,92.96
9693,w43322,2,0.0014,131907,92.96
9694,wakko20233,2,0.0014,131909,92.97
9695,walkingwormfood,2,0.0014,131911,92.97
9696,wangkanai,2,0.0014,131913,92.97
9697,waqas86812264,2,0.0014,131915,92.97
9698,watanukiv0401520,2,0.0014,131917,92.97
9699,watermelonsoup,2,0.0014,131919,92.97
9700,wavymuscle,2,0.0014,131921,92.97
9701,wdada,2,0.0014,131923,92.98
9702,weeb2weeb,2,0.0014,131925,92.98
9703,wei134,2,0.0014,131927,92.98
9704,weleton3636127,2,0.0014,131929,92.98
9705,wepoy36035673,2,0.0014,131931,92.98
9706,wevfsdgfgx2,2,0.0014,131933,92.98
9707,whatever0,2,0.0014,131935,92.98
9708,whatisthisplace46,2,0.0014,131937,92.99
9709,whatsupskirt666,2,0.0014,131939,92.99
9710,whiteand,2,0.0014,131941,92.99
9711,whydiditusemyemailasaname,2,0.0014,131943,92.99
9712,wikkamoon,2,0.0014,131945,92.99
9713,wiks,2,0.0014,131947,92.99
9714,williamscortez262,2,0.0014,131949,92.99
9715,wixayej570373,2,0.0014,131951,93.0
9716,wlqc,2,0.0014,131953,93.0
9717,wodaQ,2,0.0014,131955,93.0
9718,wokankan333,2,0.0014,131957,93.0
9719,wolfboom2324,2,0.0014,131959,93.0
9720,wolfsmasher,2,0.0014,131961,93.0
9721,woods400600368,2,0.0014,131963,93.0
9722,wowwowayeparkwar318,2,0.0014,131965,93.01
9723,wr4th1991,2,0.0014,131967,93.01
9724,wrench1815,2,0.0014,131969,93.01
9725,wwoot47770,2,0.0014,131971,93.01
9726,wxtchboy547,2,0.0014,131973,93.01
9727,wyx3169403,2,0.0014,131975,93.01
9728,xKAOSx,2,0.0014,131977,93.01
9729,xRob,2,0.0014,131979,93.02
9730,xSatouMatsuzakax,2,0.0014,131981,93.02
9731,xWaifu18Ai,2,0.0014,131983,93.02
9732,xabinotter646,2,0.0014,131985,93.02
9733,xader88,2,0.0014,131987,93.02
9734,xanoss,2,0.0014,131989,93.02
9735,xarius325417,2,0.0014,131991,93.02
9736,xerberus0,2,0.0014,131993,93.02
9737,xiaogang_xyz,2,0.0014,131995,93.03
9738,xiaoliu666,2,0.0014,131997,93.03
9739,xiinggmeng,2,0.0014,131999,93.03
9740,xkral,2,0.0014,132001,93.03
9741,xnoko,2,0.0014,132003,93.03
9742,xobo3211,2,0.0014,132005,93.03
9743,xovo24601,2,0.0014,132007,93.03
9744,xrf248,2,0.0014,132009,93.04
9745,xssxsxk1,2,0.0014,132011,93.04
9746,xxXSlayerBigXxx,2,0.0014,132013,93.04
9747,xxxdxdx_i,2,0.0014,132015,93.04
9748,xxxhollowdragon282,2,0.0014,132017,93.04
9749,yLipe83,2,0.0014,132019,93.04
9750,yLora,2,0.0014,132021,93.04
9751,yaiwrk,2,0.0014,132023,93.05
9752,yamiaX,2,0.0014,132025,93.05
9753,yanatoosaka,2,0.0014,132027,93.05
9754,yansen9315,2,0.0014,132029,93.05
9755,ydigital829,2,0.0014,132031,93.05
9756,yelldooor922,2,0.0014,132033,93.05
9757,yemos,2,0.0014,132035,93.05
9758,yetw,2,0.0014,132037,93.06
9759,yghen,2,0.0014,132039,93.06
9760,ynkzjr126,2,0.0014,132041,93.06
9761,yoshisan565,2,0.0014,132043,93.06
9762,yourpervertedmind,2,0.0014,132045,93.06
9763,yrroodd,2,0.0014,132047,93.06
9764,ysl_livianna,2,0.0014,132049,93.06
9765,yuchenwu341575,2,0.0014,132051,93.07
9766,yukimolumi939,2,0.0014,132053,93.07
9767,yukukaneza,2,0.0014,132055,93.07
9768,yunixPK,2,0.0014,132057,93.07
9769,yutianjian,2,0.0014,132059,93.07
9770,yuval555364,2,0.0014,132061,93.07
9771,z0t070201,2,0.0014,132063,93.07
9772,za4beqsbv36z2s889,2,0.0014,132065,93.08
9773,zahargudz,2,0.0014,132067,93.08
9774,zangoose,2,0.0014,132069,93.08
9775,zaqwwsxe,2,0.0014,132071,93.08
9776,zartist489186,2,0.0014,132073,93.08
9777,zaty132576,2,0.0014,132075,93.08
9778,zbirow,2,0.0014,132077,93.08
9779,zeebthewolf470,2,0.0014,132079,93.09
9780,zentea,2,0.0014,132081,93.09
9781,zhc1,2,0.0014,132083,93.09
9782,zhouHH,2,0.0014,132085,93.09
9783,zhousq14576357653,2,0.0014,132087,93.09
9784,zikangxiao9805,2,0.0014,132089,93.09
9785,zion40441,2,0.0014,132091,93.09
9786,zipityzop,2,0.0014,132093,93.1
9787,zljokerzz,2,0.0014,132095,93.1
9788,znk123,2,0.0014,132097,93.1
9789,zoewilliams1998tg,2,0.0014,132099,93.1
9790,zookdidooks,2,0.0014,132101,93.1
9791,zturner14171,2,0.0014,132103,93.1
9792,zunigazzzs796,2,0.0014,132105,93.1
9793,zuzuka17,2,0.0014,132107,93.11
9794,zwaetschge,2,0.0014,132109,93.11
9795,zwt,2,0.0014,132111,93.11
9796,zwyaska,2,0.0014,132113,93.11
9797,zykurv,2,0.0014,132115,93.11
9798,zzebrazz2222963,2,0.0014,132117,93.11
9799,00123489abcd968,1,0.0007,132118,93.11
9800,00_reefs_joggers701,1,0.0007,132119,93.11
9801,00vizeris202005,1,0.0007,132120,93.11
9802,01RKT,1,0.0007,132121,93.12
9803,01miku,1,0.0007,132122,93.12
9804,0311dd,1,0.0007,132123,93.12
9805,0579,1,0.0007,132124,93.12
9806,0LO,1,0.0007,132125,93.12
9807,0g7lkmgm844,1,0.0007,132126,93.12
9808,0l1v1aR0551,1,0.0007,132127,93.12
9809,1006921012111,1,0.0007,132128,93.12
9810,100fuegos,1,0.0007,132129,93.12
9811,1054408319293,1,0.0007,132130,93.12
9812,111145log,1,0.0007,132131,93.12
9813,1143384616,1,0.0007,132132,93.12
9814,115666717160,1,0.0007,132133,93.12
9815,1165025387369,1,0.0007,132134,93.12
9816,122334200,1,0.0007,132135,93.12
9817,123lad,1,0.0007,132136,93.13
9818,123photomaster562,1,0.0007,132137,93.13
9819,1252703012158,1,0.0007,132138,93.13
9820,1288killer551,1,0.0007,132139,93.13
9821,12xxxxxxxxxxxx725,1,0.0007,132140,93.13
9822,13645810150,1,0.0007,132141,93.13
9823,1367578542,1,0.0007,132142,93.13
9824,1399897310,1,0.0007,132143,93.13
9825,1412jza70supra425,1,0.0007,132144,93.13
9826,1417432518y422,1,0.0007,132145,93.13
9827,1513513512,1,0.0007,132146,93.13
9828,1517712386703,1,0.0007,132147,93.13
9829,15380094625524,1,0.0007,132148,93.13
9830,15616847,1,0.0007,132149,93.13
9831,17605205782,1,0.0007,132150,93.14
9832,1784062890,1,0.0007,132151,93.14
9833,1790154391664,1,0.0007,132152,93.14
9834,1797931779497,1,0.0007,132153,93.14
9835,1865329,1,0.0007,132154,93.14
9836,1910847929948,1,0.0007,132155,93.14
9837,1951077977214,1,0.0007,132156,93.14
9838,1997TJ,1,0.0007,132157,93.14
9839,1B0RE4L,1,0.0007,132158,93.14
9840,1MB47man,1,0.0007,132159,93.14
9841,1cupColdBrew,1,0.0007,132160,93.14
9842,1dktbh,1,0.0007,132161,93.14
9843,1iminal,1,0.0007,132162,93.14
9844,1nj3ct0r,1,0.0007,132163,93.14
9845,1ord_grimm,1,0.0007,132164,93.15
9846,1stofmany963,1,0.0007,132165,93.15
9847,2000bastik,1,0.0007,132166,93.15
9848,20011002kjh692,1,0.0007,132167,93.15
9849,20091994v,1,0.0007,132168,93.15
9850,203wings,1,0.0007,132169,93.15
9851,2057,1,0.0007,132170,93.15
9852,2076902488898,1,0.0007,132171,93.15
9853,21441212,1,0.0007,132172,93.15
9854,22422176jj686,1,0.0007,132173,93.15
9855,22coffee,1,0.0007,132174,93.15
9856,22ndAI,1,0.0007,132175,93.15
9857,232jopa,1,0.0007,132176,93.15
9858,2331954164941,1,0.0007,132177,93.15
9859,2337438ssm,1,0.0007,132178,93.16
9860,2359281594,1,0.0007,132179,93.16
9861,2365368415617,1,0.0007,132180,93.16
9862,2426308140868,1,0.0007,132181,93.16
9863,2452205897308,1,0.0007,132182,93.16
9864,2632433056943,1,0.0007,132183,93.16
9865,2841588562121,1,0.0007,132184,93.16
9866,2952119893994,1,0.0007,132185,93.16
9867,2984179239880,1,0.0007,132186,93.16
9868,29wydet,1,0.0007,132187,93.16
9869,2Ga_86,1,0.0007,132188,93.16
9870,2__,1,0.0007,132189,93.16
9871,2_as_1,1,0.0007,132190,93.16
9872,2daykeldiazsuarez2001219,1,0.0007,132191,93.16
9873,2spacey,1,0.0007,132192,93.17
9874,3079713922123,1,0.0007,132193,93.17
9875,3221sjmo461,1,0.0007,132194,93.17
9876,326jer392,1,0.0007,132195,93.17
9877,33000209,1,0.0007,132196,93.17
9878,3356291443937,1,0.0007,132197,93.17
9879,3377017440,1,0.0007,132198,93.17
9880,373,1,0.0007,132199,93.17
9881,380150627240,1,0.0007,132200,93.17
9882,3__,1,0.0007,132201,93.17
9883,3al2rom3t4y,1,0.0007,132202,93.17
9884,3d3d3d3d,1,0.0007,132203,93.17
9885,3dprintedbaby,1,0.0007,132204,93.17
9886,3dtrik,1,0.0007,132205,93.17
9887,3jioudvd679,1,0.0007,132206,93.17
9888,3rd_andromeda,1,0.0007,132207,93.18
9889,442901959314,1,0.0007,132208,93.18
9890,45sdf5,1,0.0007,132209,93.18
9891,476290781724,1,0.0007,132210,93.18
9892,47wast,1,0.0007,132211,93.18
9893,4b4d33r,1,0.0007,132212,93.18
9894,4eyes4life,1,0.0007,132213,93.18
9895,4n3mouse,1,0.0007,132214,93.18
9896,4ndr0id,1,0.0007,132215,93.18
9897,4non4ndon4ndon453,1,0.0007,132216,93.18
9898,4realxxx,1,0.0007,132217,93.18
9899,4ruhsearch756,1,0.0007,132218,93.18
9900,4s2suk,1,0.0007,132219,93.18
9901,4sayt,1,0.0007,132220,93.18
9902,500kgBomb,1,0.0007,132221,93.19
9903,532017736,1,0.0007,132222,93.19
9904,537371,1,0.0007,132223,93.19
9905,53rt5355iz,1,0.0007,132224,93.19
9906,553737344342,1,0.0007,132225,93.19
9907,58standard378,1,0.0007,132226,93.19
9908,5_Sheny,1,0.0007,132227,93.19
9909,5imv515407,1,0.0007,132228,93.19
9910,5l4eji61xup61hju,1,0.0007,132229,93.19
9911,5lut55,1,0.0007,132230,93.19
9912,5oba3,1,0.0007,132231,93.19
9913,621Raven,1,0.0007,132232,93.19
9914,625271351696,1,0.0007,132233,93.19
9915,626to707475,1,0.0007,132234,93.19
9916,6285ddg124,1,0.0007,132235,93.2
9917,63787,1,0.0007,132236,93.2
9918,64GB,1,0.0007,132237,93.2
9919,65MDVK,1,0.0007,132238,93.2
9920,678678,1,0.0007,132239,93.2
9921,6Yae9,1,0.0007,132240,93.2
9922,6e324o8901,1,0.0007,132241,93.2
9923,6figurepimp,1,0.0007,132242,93.2
9924,717qwq,1,0.0007,132243,93.2
9925,728huey,1,0.0007,132244,93.2
9926,7533967,1,0.0007,132245,93.2
9927,763692072937,1,0.0007,132246,93.2
9928,76525460285,1,0.0007,132247,93.2
9929,779452139118,1,0.0007,132248,93.2
9930,779sad479,1,0.0007,132249,93.21
9931,78752579,1,0.0007,132250,93.21
9932,7CHENQIZHI,1,0.0007,132251,93.21
9933,7ELIX,1,0.0007,132252,93.21
9934,7er0,1,0.0007,132253,93.21
9935,7err4,1,0.0007,132254,93.21
9936,7gleb998998190,1,0.0007,132255,93.21
9937,7h34gf9h,1,0.0007,132256,93.21
9938,7k894534243gh7239916,1,0.0007,132257,93.21
9939,835631,1,0.0007,132258,93.21
9940,859793114,1,0.0007,132259,93.21
9941,888eigheight888533,1,0.0007,132260,93.21
9942,8valvehero,1,0.0007,132261,93.21
9943,8yiw7rgv583,1,0.0007,132262,93.21
9944,909413244496,1,0.0007,132263,93.22
9945,9097773452312345,1,0.0007,132264,93.22
9946,92r,1,0.0007,132265,93.22
9947,9643,1,0.0007,132266,93.22
9948,975side,1,0.0007,132267,93.22
9949,97722,1,0.0007,132268,93.22
9950,983073948684,1,0.0007,132269,93.22
9951,987249859,1,0.0007,132270,93.22
9952,9pjum387,1,0.0007,132271,93.22
9953,A02,1,0.0007,132272,93.22
9954,A1E7,1,0.0007,132273,93.22
9955,A1zen,1,0.0007,132274,93.22
9956,A4inp,1,0.0007,132275,93.22
9957,ABG24,1,0.0007,132276,93.22
9958,ABYSS001,1,0.0007,132277,93.23
9959,ADFX11F,1,0.0007,132278,93.23
9960,AEOAEO142,1,0.0007,132279,93.23
9961,AEVAR,1,0.0007,132280,93.23
9962,AH,1,0.0007,132281,93.23
9963,AHUIT,1,0.0007,132282,93.23
9964,AHawk,1,0.0007,132283,93.23
9965,AIANIMEEECCHI,1,0.0007,132284,93.23
9966,AIArtMan7000,1,0.0007,132285,93.23
9967,AIArtsChannel,1,0.0007,132286,93.23
9968,AIBL,1,0.0007,132287,93.23
9969,AICasanova,1,0.0007,132288,93.23
9970,AIChallenger452483,1,0.0007,132289,93.23
9971,AIDigitalMediaAgency,1,0.0007,132290,93.23
9972,AIDoms,1,0.0007,132291,93.23
9973,AIExplorer_1337,1,0.0007,132292,93.24
9974,AIGC_ChenFeng,1,0.0007,132293,93.24
9975,AIImageStudio,1,0.0007,132294,93.24
9976,AIKIRSTGEN,1,0.0007,132295,93.24
9977,AIPony,1,0.0007,132296,93.24
9978,AISTUFFandTHINGS,1,0.0007,132297,93.24
9979,AIXpedition,1,0.0007,132298,93.24
9980,AI_Art_Factory,1,0.0007,132299,93.24
9981,AI_BIRD,1,0.0007,132300,93.24
9982,AI_Bug,1,0.0007,132301,93.24
9983,AI_Cum_Sluts,1,0.0007,132302,93.24
9984,AI_Goo,1,0.0007,132303,93.24
9985,AI_Person,1,0.0007,132304,93.24
9986,AI_SpamTester,1,0.0007,132305,93.24
9987,AI_Yaoi_BL_Lab,1,0.0007,132306,93.25
9988,AI_of_Skadi,1,0.0007,132307,93.25
9989,AIceberg,1,0.0007,132308,93.25
9990,AIcreatives,1,0.0007,132309,93.25
9991,AIex_Mason,1,0.0007,132310,93.25
9992,AIfuntime2,1,0.0007,132311,93.25
9993,AIhude,1,0.0007,132312,93.25
9994,AIlhopping,1,0.0007,132313,93.25
9995,AIzuredump,1,0.0007,132314,93.25
9996,AK_R1,1,0.0007,132315,93.25
9997,ALANT00,1,0.0007,132316,93.25
9998,ALIBABA289,1,0.0007,132317,93.25
9999,ALKHEM,1,0.0007,132318,93.25
10000,ALason,1,0.0007,132319,93.25
10001,APRILDIAMOND,1,0.0007,132320,93.26
10002,APride,1,0.0007,132321,93.26
10003,ARMOR_AI,1,0.0007,132322,93.26
10004,ARMYJED,1,0.0007,132323,93.26
10005,ARROW_01803,1,0.0007,132324,93.26
10006,ARZUMATA,1,0.0007,132325,93.26
10007,ASKkowdhjoiawdjkl,1,0.0007,132326,93.26
10008,ASL_Milk,1,0.0007,132327,93.26
10009,AUsername111,1,0.0007,132328,93.26
10010,AWShaki,1,0.0007,132329,93.26
10011,AWeirdGuyWithAI,1,0.0007,132330,93.26
10012,AWildShiny,1,0.0007,132331,93.26
10013,AYIYI_,1,0.0007,132332,93.26
10014,A_Vladimir,1,0.0007,132333,93.26
10015,A_alius,1,0.0007,132334,93.27
10016,Aaaaewmxmcj,1,0.0007,132335,93.27
10017,Abandoned_Body,1,0.0007,132336,93.27
10018,Abbeyl,1,0.0007,132337,93.27
10019,Abcddcba12345,1,0.0007,132338,93.27
10020,AbeShinzo0708,1,0.0007,132339,93.27
10021,Absoluser,1,0.0007,132340,93.27
10022,Abumi2610,1,0.0007,132341,93.27
10023,Abyssalcosmichorror,1,0.0007,132342,93.27
10024,AceOfBlackSpades,1,0.0007,132343,93.27
10025,AceTakeer,1,0.0007,132344,93.27
10026,Aceone67,1,0.0007,132345,93.27
10027,Ach3rontic,1,0.0007,132346,93.27
10028,AcheronFur,1,0.0007,132347,93.27
10029,Achilles69,1,0.0007,132348,93.28
10030,Acidballs,1,0.0007,132349,93.28
10031,Acinia,1,0.0007,132350,93.28
10032,Acmer,1,0.0007,132351,93.28
10033,ActiveSloth,1,0.0007,132352,93.28
10034,ActonX,1,0.0007,132353,93.28
10035,AdamTheLewd,1,0.0007,132354,93.28
10036,Aderek514,1,0.0007,132355,93.28
10037,Adha,1,0.0007,132356,93.28
10038,Adingo,1,0.0007,132357,93.28
10039,AdisRenu,1,0.0007,132358,93.28
10040,Admin01,1,0.0007,132359,93.28
10041,Admiralty_Code,1,0.0007,132360,93.28
10042,Adonaios,1,0.0007,132361,93.28
10043,AdzyX3M,1,0.0007,132362,93.28
10044,AerisIncendium,1,0.0007,132363,93.29
10045,Aeromoia,1,0.0007,132364,93.29
10046,Aeronaut_1161,1,0.0007,132365,93.29
10047,AerosX,1,0.0007,132366,93.29
10048,AesterAI,1,0.0007,132367,93.29
10049,AetherAi,1,0.0007,132368,93.29
10050,Aethon,1,0.0007,132369,93.29
10051,AfFoXXX,1,0.0007,132370,93.29
10052,Afeas,1,0.0007,132371,93.29
10053,Afid,1,0.0007,132372,93.29
10054,AfterDarkAtelier,1,0.0007,132373,93.29
10055,Afterc0de,1,0.0007,132374,93.29
10056,Agraplough,1,0.0007,132375,93.29
10057,Ah0gaGu,1,0.0007,132376,93.29
10058,AhmedHommaedE,1,0.0007,132377,93.3
10059,AiCharmingPhoto,1,0.0007,132378,93.3
10060,AiDemise,1,0.0007,132379,93.3
10061,AiLimitless,1,0.0007,132380,93.3
10062,AiLoro,1,0.0007,132381,93.3
10063,AiMoon_12345,1,0.0007,132382,93.3
10064,AiRetard,1,0.0007,132383,93.3
10065,AiStylesXD,1,0.0007,132384,93.3
10066,Ai_Aime_Lewds,1,0.0007,132385,93.3
10067,Ai_Axe,1,0.0007,132386,93.3
10068,Ai_SasquatchB,1,0.0007,132387,93.3
10069,Ai_Ziggan,1,0.0007,132388,93.3
10070,Aieditor,1,0.0007,132389,93.3
10071,AifineartModels,1,0.0007,132390,93.3
10072,Aifog,1,0.0007,132391,93.31
10073,Aiken_Bancroft,1,0.0007,132392,93.31
10074,Aimadapting,1,0.0007,132393,93.31
10075,Aimuscle,1,0.0007,132394,93.31
10076,Aira2709,1,0.0007,132395,93.31
10077,Aizone51,1,0.0007,132396,93.31
10078,Ajice,1,0.0007,132397,93.31
10079,AjieAjie,1,0.0007,132398,93.31
10080,Akai_tsuki,1,0.0007,132399,93.31
10081,AkariChanAi,1,0.0007,132400,93.31
10082,AkatsukiI,1,0.0007,132401,93.31
10083,Akephalos,1,0.0007,132402,93.31
10084,Aki865,1,0.0007,132403,93.31
10085,Akira404,1,0.0007,132404,93.31
10086,AkiraPinku,1,0.0007,132405,93.32
10087,AkiraSan3,1,0.0007,132406,93.32
10088,AkiraSan67,1,0.0007,132407,93.32
10089,Akkalork,1,0.0007,132408,93.32
10090,AkuVIII,1,0.0007,132409,93.32
10091,AkumaVenom,1,0.0007,132410,93.32
10092,Alainlacroix,1,0.0007,132411,93.32
10093,Alanjoestar,1,0.0007,132412,93.32
10094,Alatrea,1,0.0007,132413,93.32
10095,Alavatar,1,0.0007,132414,93.32
10096,AlbanianDoorknob,1,0.0007,132415,93.32
10097,Albatar75,1,0.0007,132416,93.32
10098,Albaz_the_Fallen,1,0.0007,132417,93.32
10099,Alcheman,1,0.0007,132418,93.32
10100,Alchemicgree,1,0.0007,132419,93.33
10101,Aldebar,1,0.0007,132420,93.33
10102,Aldric_Argenthart,1,0.0007,132421,93.33
10103,Ale250032,1,0.0007,132422,93.33
10104,Alekishi,1,0.0007,132423,93.33
10105,AlensA,1,0.0007,132424,93.33
10106,Alethia_Realms,1,0.0007,132425,93.33
10107,AlettaFan,1,0.0007,132426,93.33
10108,Alex1551,1,0.0007,132427,93.33
10109,Alexanast,1,0.0007,132428,93.33
10110,AlexanderCrus,1,0.0007,132429,93.33
10111,AlexanderKing,1,0.0007,132430,93.33
10112,Alexanpt,1,0.0007,132431,93.33
10113,Alexaswed,1,0.0007,132432,93.33
10114,Alexice,1,0.0007,132433,93.33
10115,Aleximercer69,1,0.0007,132434,93.34
10116,Alexm0664,1,0.0007,132435,93.34
10117,Alfajah,1,0.0007,132436,93.34
10118,Alfed,1,0.0007,132437,93.34
10119,AliceFir,1,0.0007,132438,93.34
10120,AliceisaRabbit,1,0.0007,132439,93.34
10121,Aliciaw90,1,0.0007,132440,93.34
10122,Aliends,1,0.0007,132441,93.34
10123,Alisaria,1,0.0007,132442,93.34
10124,Alissonerdx,1,0.0007,132443,93.34
10125,Alkador,1,0.0007,132444,93.34
10126,AllanTassie,1,0.0007,132445,93.34
10127,AloeVera_Purple,1,0.0007,132446,93.34
10128,Alonzo_50,1,0.0007,132447,93.34
10129,Alouby,1,0.0007,132448,93.35
10130,AlphaFox,1,0.0007,132449,93.35
10131,Alphab3t_s0up,1,0.0007,132450,93.35
10132,AlpineGaul42,1,0.0007,132451,93.35
10133,Alseld,1,0.0007,132452,93.35
10134,Alter_Ego_Echelon,1,0.0007,132453,93.35
10135,AltoidMuncher,1,0.0007,132454,93.35
10136,AlwaysDreaming,1,0.0007,132455,93.35
10137,Am4075,1,0.0007,132456,93.35
10138,AmamiyaA,1,0.0007,132457,93.35
10139,Amaral23,1,0.0007,132458,93.35
10140,Amaya_x_Elfilin,1,0.0007,132459,93.35
10141,Ambrosia689,1,0.0007,132460,93.35
10142,Ameiys,1,0.0007,132461,93.35
10143,AmeliaKari,1,0.0007,132462,93.36
10144,AmethyXian,1,0.0007,132463,93.36
10145,Amfix,1,0.0007,132464,93.36
10146,AmigosUnidos,1,0.0007,132465,93.36
10147,AmmyAnubis,1,0.0007,132466,93.36
10148,Amotum,1,0.0007,132467,93.36
10149,Amp804,1,0.0007,132468,93.36
10150,Amun1,1,0.0007,132469,93.36
10151,An1meG0ddess,1,0.0007,132470,93.36
10152,AnAngelicalBeing,1,0.0007,132471,93.36
10153,Anaphiel,1,0.0007,132472,93.36
10154,Anarky75,1,0.0007,132473,93.36
10155,Andorast,1,0.0007,132474,93.36
10156,Andrah,1,0.0007,132475,93.36
10157,Andrew_Kim,1,0.0007,132476,93.37
10158,Andruxa,1,0.0007,132477,93.37
10159,Andves,1,0.0007,132478,93.37
10160,Andy9999999,1,0.0007,132479,93.37
10161,Angelium,1,0.0007,132480,93.37
10162,AngryHamster,1,0.0007,132481,93.37
10163,Angularity,1,0.0007,132482,93.37
10164,AniStyle,1,0.0007,132483,93.37
10165,Anima_Atra,1,0.0007,132484,93.37
10166,Animaker,1,0.0007,132485,93.37
10167,AnimeHobbies,1,0.0007,132486,93.37
10168,AnimeMaster007,1,0.0007,132487,93.37
10169,AnimsAIUniverse,1,0.0007,132488,93.37
10170,Anjani001,1,0.0007,132489,93.37
10171,Anna_Marie,1,0.0007,132490,93.38
10172,Anomalous_Anonymous,1,0.0007,132491,93.38
10173,Anomalous_foxgirl,1,0.0007,132492,93.38
10174,Anon73959,1,0.0007,132493,93.38
10175,Anonerak,1,0.0007,132494,93.38
10176,Anonimiss2,1,0.0007,132495,93.38
10177,Anonimo228,1,0.0007,132496,93.38
10178,Anonimous788995,1,0.0007,132497,93.38
10179,Anonmouse1,1,0.0007,132498,93.38
10180,Anonymous1823,1,0.0007,132499,93.38
10181,AnonymousFellow,1,0.0007,132500,93.38
10182,Anorexikus,1,0.0007,132501,93.38
10183,AnotherAIArtist69,1,0.0007,132502,93.38
10184,AnotherBlackDragon,1,0.0007,132503,93.38
10185,Anreew,1,0.0007,132504,93.39
10186,Ansl_Ai,1,0.0007,132505,93.39
10187,Anthrats,1,0.0007,132506,93.39
10188,AnthraxB,1,0.0007,132507,93.39
10189,AntonShadow,1,0.0007,132508,93.39
10190,Antoris,1,0.0007,132509,93.39
10191,Antowolf85,1,0.0007,132510,93.39
10192,AnyoneAI,1,0.0007,132511,93.39
10193,Aobakuma,1,0.0007,132512,93.39
10194,Aobion,1,0.0007,132513,93.39
10195,Aoi_Zulu,1,0.0007,132514,93.39
10196,Apermasbreak,1,0.0007,132515,93.39
10197,ApexPresents,1,0.0007,132516,93.39
10198,Aplity,1,0.0007,132517,93.39
10199,Applenicole,1,0.0007,132518,93.39
10200,ApplesOrange,1,0.0007,132519,93.4
10201,Appri_pain,1,0.0007,132520,93.4
10202,ApronTheTaco,1,0.0007,132521,93.4
10203,Aqo92,1,0.0007,132522,93.4
10204,Aqueus,1,0.0007,132523,93.4
10205,Ar4ikov,1,0.0007,132524,93.4
10206,Aran,1,0.0007,132525,93.4
10207,Arashidanny,1,0.0007,132526,93.4
10208,Arazax,1,0.0007,132527,93.4
10209,ArcEarth,1,0.0007,132528,93.4
10210,ArcoNorth,1,0.0007,132529,93.4
10211,Arctenox,1,0.0007,132530,93.4
10212,Ares053,1,0.0007,132531,93.4
10213,Arghal,1,0.0007,132532,93.4
10214,AriaValeai,1,0.0007,132533,93.41
10215,Aria_Reanimate,1,0.0007,132534,93.41
10216,Ariadustoh,1,0.0007,132535,93.41
10217,Aries6ft5in,1,0.0007,132536,93.41
10218,Arison,1,0.0007,132537,93.41
10219,Arix_max,1,0.0007,132538,93.41
10220,ArkNights,1,0.0007,132539,93.41
10221,Arkatos,1,0.0007,132540,93.41
10222,Arkhen,1,0.0007,132541,93.41
10223,ArmitageShanks69,1,0.0007,132542,93.41
10224,Arnaldo,1,0.0007,132543,93.41
10225,Aron242,1,0.0007,132544,93.41
10226,ArotakaGTS,1,0.0007,132545,93.41
10227,ArsMachina,1,0.0007,132546,93.41
10228,Arsinoe,1,0.0007,132547,93.42
10229,Arsuma,1,0.0007,132548,93.42
10230,Art103,1,0.0007,132549,93.42
10231,Art18,1,0.0007,132550,93.42
10232,ArtGenNexus,1,0.0007,132551,93.42
10233,ArtGen__,1,0.0007,132552,93.42
10234,ArtificalErotica,1,0.0007,132553,93.42
10235,Artificial_Arch_Mage,1,0.0007,132554,93.42
10236,Artificial_Ryan,1,0.0007,132555,93.42
10237,Artisens,1,0.0007,132556,93.42
10238,ArtistB2k24,1,0.0007,132557,93.42
10239,ArtistLikeYou,1,0.0007,132558,93.42
10240,Artokunto98,1,0.0007,132559,93.42
10241,ArtoriusTheKing,1,0.0007,132560,93.42
10242,ArtwaifuX,1,0.0007,132561,93.43
10243,Artzybasheff,1,0.0007,132562,93.43
10244,Arubaito,1,0.0007,132563,93.43
10245,Arumin1983,1,0.0007,132564,93.43
10246,Arxv,1,0.0007,132565,93.43
10247,Arz110,1,0.0007,132566,93.43
10248,AserRE000,1,0.0007,132567,93.43
10249,Ash32,1,0.0007,132568,93.43
10250,Ashen_Pariah62557,1,0.0007,132569,93.43
10251,Ashley57,1,0.0007,132570,93.43
10252,AshlynWilliams,1,0.0007,132571,93.43
10253,Askel72,1,0.0007,132572,93.43
10254,Askfjbveiuv,1,0.0007,132573,93.43
10255,Asmodesu,1,0.0007,132574,93.43
10256,AssIsAss,1,0.0007,132575,93.44
10257,Astafan,1,0.0007,132576,93.44
10258,AstaxNoelle44,1,0.0007,132577,93.44
10259,Astaxanthine,1,0.0007,132578,93.44
10260,Asterchic,1,0.0007,132579,93.44
10261,AstroDemons,1,0.0007,132580,93.44
10262,Asuka_X_Rei,1,0.0007,132581,93.44
10263,Atenea896,1,0.0007,132582,93.44
10264,AthosAI,1,0.0007,132583,93.44
10265,AtomicPotato,1,0.0007,132584,93.44
10266,Aurorknight,1,0.0007,132585,93.44
10267,Aurus_Atrandrake,1,0.0007,132586,93.44
10268,Auser887,1,0.0007,132587,93.44
10269,Aush,1,0.0007,132588,93.44
10270,Austin24kk,1,0.0007,132589,93.44
10271,Austontatious,1,0.0007,132590,93.45
10272,AuthorAI,1,0.0007,132591,93.45
10273,Av3ag3,1,0.0007,132592,93.45
10274,AverageDegenerate,1,0.0007,132593,93.45
10275,Averagethrowawat,1,0.0007,132594,93.45
10276,AxPesse,1,0.0007,132595,93.45
10277,Axel_Dudeklo,1,0.0007,132596,93.45
10278,Axikar,1,0.0007,132597,93.45
10279,Ayane_,1,0.0007,132598,93.45
10280,AylivsSlave,1,0.0007,132599,93.45
10281,AyoDIOda,1,0.0007,132600,93.45
10282,Ayyyyyyylmao,1,0.0007,132601,93.45
10283,AzaTech,1,0.0007,132602,93.45
10284,Azaz,1,0.0007,132603,93.45
10285,Azazel112,1,0.0007,132604,93.46
10286,Azesis,1,0.0007,132605,93.46
10287,AzothUndertaker,1,0.0007,132606,93.46
10288,Azpinator,1,0.0007,132607,93.46
10289,AzraelCain,1,0.0007,132608,93.46
10290,Azucii,1,0.0007,132609,93.46
10291,AzulaRacing,1,0.0007,132610,93.46
10292,Azuma25,1,0.0007,132611,93.46
10293,AzureFan01,1,0.0007,132612,93.46
10294,Azureskies,1,0.0007,132613,93.46
10295,B80_8888,1,0.0007,132614,93.46
10296,BABUL,1,0.0007,132615,93.46
10297,BAI81,1,0.0007,132616,93.46
10298,BAL24,1,0.0007,132617,93.46
10299,BEClear,1,0.0007,132618,93.47
10300,BEguy3000,1,0.0007,132619,93.47
10301,BFGesus,1,0.0007,132620,93.47
10302,BFP3nd3j0h,1,0.0007,132621,93.47
10303,BH176,1,0.0007,132622,93.47
10304,BIGGIES00,1,0.0007,132623,93.47
10305,BILDzumTON,1,0.0007,132624,93.47
10306,BKM_UA,1,0.0007,132625,93.47
10307,BL4CKBLXRDraws,1,0.0007,132626,93.47
10308,BLACCACTUS,1,0.0007,132627,93.47
10309,BLACKPIGFLY,1,0.0007,132628,93.47
10310,BLACKxWASI001,1,0.0007,132629,93.47
10311,BLARG501,1,0.0007,132630,93.47
10312,BLESDBELO,1,0.0007,132631,93.47
10313,BMTheBuff,1,0.0007,132632,93.48
10314,BOBDEBOBDEBOB,1,0.0007,132633,93.48
10315,BOSlauk,1,0.0007,132634,93.48
10316,BOTxWOLF,1,0.0007,132635,93.48
10317,BOunweD,1,0.0007,132636,93.48
10318,BTJ64582,1,0.0007,132637,93.48
10319,BTTRGd,1,0.0007,132638,93.48
10320,BUCKEDUP,1,0.0007,132639,93.48
10321,BUNNYBEI,1,0.0007,132640,93.48
10322,BWNOAI,1,0.0007,132641,93.48
10323,Babeyourdaddyhome,1,0.0007,132642,93.48
10324,Babus_GJ,1,0.0007,132643,93.48
10325,BabyCats,1,0.0007,132644,93.48
10326,BackslashDano,1,0.0007,132645,93.48
10327,BadKarmaStudio,1,0.0007,132646,93.49
10328,Bad_Tanuki,1,0.0007,132647,93.49
10329,Bad_Taste_Lab,1,0.0007,132648,93.49
10330,Badabadabumbum,1,0.0007,132649,93.49
10331,Bader1919,1,0.0007,132650,93.49
10332,Bafael,1,0.0007,132651,93.49
10333,Bagbows2847,1,0.0007,132652,93.49
10334,Bahgny,1,0.0007,132653,93.49
10335,Baihu_WeisserTIGRE,1,0.0007,132654,93.49
10336,BakingBeans,1,0.0007,132655,93.49
10337,Balir,1,0.0007,132656,93.49
10338,Ballbreak22,1,0.0007,132657,93.49
10339,Balls2121,1,0.0007,132658,93.49
10340,Bambidoll,1,0.0007,132659,93.49
10341,BamboLairs,1,0.0007,132660,93.49
10342,Bangbangchiddy,1,0.0007,132661,93.5
10343,Baphomet66six,1,0.0007,132662,93.5
10344,Bapphire,1,0.0007,132663,93.5
10345,BaraLover91,1,0.0007,132664,93.5
10346,Bara_Hazard,1,0.0007,132665,93.5
10347,Barchester,1,0.0007,132666,93.5
10348,BarnDotMDL,1,0.0007,132667,93.5
10349,BaronVF1,1,0.0007,132668,93.5
10350,Bartonado,1,0.0007,132669,93.5
10351,Basalto,1,0.0007,132670,93.5
10352,BasayevAI,1,0.0007,132671,93.5
10353,BasedUSER,1,0.0007,132672,93.5
10354,Bashk,1,0.0007,132673,93.5
10355,BatesianMimicry,1,0.0007,132674,93.5
10356,Battenberger,1,0.0007,132675,93.51
10357,BatzziLatzzi,1,0.0007,132676,93.51
10358,Bbbutter,1,0.0007,132677,93.51
10359,Bbkkto,1,0.0007,132678,93.51
10360,BbwLover95,1,0.0007,132679,93.51
10361,Bd2005,1,0.0007,132680,93.51
10362,BeachBum962_,1,0.0007,132681,93.51
10363,Beachport,1,0.0007,132682,93.51
10364,BeanoNoir,1,0.0007,132683,93.51
10365,BearDaddy,1,0.0007,132684,93.51
10366,Beast_BBC,1,0.0007,132685,93.51
10367,Beast_hornet,1,0.0007,132686,93.51
10368,BeaverSalt,1,0.0007,132687,93.51
10369,Bebe69,1,0.0007,132688,93.51
10370,Beber58,1,0.0007,132689,93.52
10371,Bebo201,1,0.0007,132690,93.52
10372,Bedman2887,1,0.0007,132691,93.52
10373,BeefJerky2,1,0.0007,132692,93.52
10374,BeefyRoegadyn,1,0.0007,132693,93.52
10375,Beethovenow,1,0.0007,132694,93.52
10376,BelieveDiffusion,1,0.0007,132695,93.52
10377,Belobog,1,0.0007,132696,93.52
10378,Ben12345,1,0.0007,132697,93.52
10379,Ben1967,1,0.0007,132698,93.52
10380,BenB2,1,0.0007,132699,93.52
10381,BenZeta,1,0.0007,132700,93.52
10382,Bendy_and_Boney,1,0.0007,132701,93.52
10383,Bengkoang,1,0.0007,132702,93.52
10384,Benjamin47,1,0.0007,132703,93.53
10385,Benjiboy11393,1,0.0007,132704,93.53
10386,Benkyoudekinai,1,0.0007,132705,93.53
10387,Bentesttest,1,0.0007,132706,93.53
10388,Bern1,1,0.0007,132707,93.53
10389,Berryl,1,0.0007,132708,93.53
10390,BestAlex,1,0.0007,132709,93.53
10391,BestVamp,1,0.0007,132710,93.53
10392,BetaObligation,1,0.0007,132711,93.53
10393,BethanySusan,1,0.0007,132712,93.53
10394,BetterCallSSaul,1,0.0007,132713,93.53
10395,Beuh42069,1,0.0007,132714,93.53
10396,Bgiht,1,0.0007,132715,93.53
10397,Big833404,1,0.0007,132716,93.53
10398,BigAlNick,1,0.0007,132717,93.54
10399,BigBadMIKU_CV01,1,0.0007,132718,93.54
10400,BigBearBois,1,0.0007,132719,93.54
10401,BigButtLover,1,0.0007,132720,93.54
10402,BigCoolOppai,1,0.0007,132721,93.54
10403,BigDickRitch,1,0.0007,132722,93.54
10404,BigFury,1,0.0007,132723,93.54
10405,BigImagination8,1,0.0007,132724,93.54
10406,BigIvan,1,0.0007,132725,93.54
10407,BigSleepy,1,0.0007,132726,93.54
10408,Big_V,1,0.0007,132727,93.54
10409,Big_dicks_and_sexy_chicks,1,0.0007,132728,93.54
10410,Bigbuss,1,0.0007,132729,93.54
10411,Bigdaddyraffa,1,0.0007,132730,93.54
10412,BiggSkinny,1,0.0007,132731,93.54
10413,BiggunBuns,1,0.0007,132732,93.55
10414,BiggusDingus,1,0.0007,132733,93.55
10415,Bigreds,1,0.0007,132734,93.55
10416,BilliAnnReplica,1,0.0007,132735,93.55
10417,Billiebob,1,0.0007,132736,93.55
10418,Billybob89596,1,0.0007,132737,93.55
10419,Bingbong1000000,1,0.0007,132738,93.55
10420,Bingbonger,1,0.0007,132739,93.55
10421,BingleBonfire,1,0.0007,132740,93.55
10422,BingoLittle,1,0.0007,132741,93.55
10423,Binity,1,0.0007,132742,93.55
10424,Bir,1,0.0007,132743,93.55
10425,BirdieBomba,1,0.0007,132744,93.55
10426,Bitr246,1,0.0007,132745,93.55
10427,Bittyl,1,0.0007,132746,93.56
10428,Bjess,1,0.0007,132747,93.56
10429,BkBm,1,0.0007,132748,93.56
10430,Blaast,1,0.0007,132749,93.56
10431,BlackOnyxMedia1,1,0.0007,132750,93.56
10432,Black_Enchantress,1,0.0007,132751,93.56
10433,Blacky_Delta,1,0.0007,132752,93.56
10434,BladH,1,0.0007,132753,93.56
10435,Blakoz,1,0.0007,132754,93.56
10436,Blanklabel88,1,0.0007,132755,93.56
10437,Blarr19,1,0.0007,132756,93.56
10438,BlazeBird,1,0.0007,132757,93.56
10439,BlazeStorm,1,0.0007,132758,93.56
10440,Bleppy,1,0.0007,132759,93.56
10441,BlightV,1,0.0007,132760,93.57
10442,Blingorton,1,0.0007,132761,93.57
10443,Bllarena04,1,0.0007,132762,93.57
10444,BlobRobin,1,0.0007,132763,93.57
10445,Blobbot3000,1,0.0007,132764,93.57
10446,Bloinko_Sploinkyon,1,0.0007,132765,93.57
10447,Blondebro,1,0.0007,132766,93.57
10448,Blooming_Ara,1,0.0007,132767,93.57
10449,Blooop4593,1,0.0007,132768,93.57
10450,Blu3Be4ry,1,0.0007,132769,93.57
10451,Blubberboy,1,0.0007,132770,93.57
10452,BlueLover,1,0.0007,132771,93.57
10453,BlueManta77,1,0.0007,132772,93.57
10454,BlueWarrior,1,0.0007,132773,93.57
10455,Bluealt,1,0.0007,132774,93.58
10456,Bluecat607,1,0.0007,132775,93.58
10457,Bluewanderer,1,0.0007,132776,93.58
10458,Blushoneshot,1,0.0007,132777,93.58
10459,Blusteru388,1,0.0007,132778,93.58
10460,BlveInNthg,1,0.0007,132779,93.58
10461,Bman566,1,0.0007,132780,93.58
10462,Bob8008s,1,0.0007,132781,93.58
10463,BobTschigerillo,1,0.0007,132782,93.58
10464,Bob_Ross2,1,0.0007,132783,93.58
10465,Bobfull,1,0.0007,132784,93.58
10466,Bobotom4444,1,0.0007,132785,93.58
10467,Bobpogo222,1,0.0007,132786,93.58
10468,Bobsmit,1,0.0007,132787,93.58
10469,Boceto521,1,0.0007,132788,93.59
10470,Bohdan,1,0.0007,132789,93.59
10471,Boiled_Eggs,1,0.0007,132790,93.59
10472,Bokato,1,0.0007,132791,93.59
10473,Boltohb,1,0.0007,132792,93.59
10474,Bom46,1,0.0007,132793,93.59
10475,Bombro,1,0.0007,132794,93.59
10476,Bond22Br,1,0.0007,132795,93.59
10477,BonesCola,1,0.0007,132796,93.59
10478,BongeeJump,1,0.0007,132797,93.59
10479,Bonz_ai,1,0.0007,132798,93.59
10480,BoolMoose,1,0.0007,132799,93.59
10481,Bootis,1,0.0007,132800,93.59
10482,BootyBoi,1,0.0007,132801,93.59
10483,BootyConsumer,1,0.0007,132802,93.6
10484,Boredhanyou,1,0.0007,132803,93.6
10485,BounceBack,1,0.0007,132804,93.6
10486,Bowserjr124,1,0.0007,132805,93.6
10487,Boxfish,1,0.0007,132806,93.6
10488,Bozoy,1,0.0007,132807,93.6
10489,BradTheEel,1,0.0007,132808,93.6
10490,Braeoh,1,0.0007,132809,93.6
10491,Bragonborn,1,0.0007,132810,93.6
10492,Brainjacker820,1,0.0007,132811,93.6
10493,BrainsBum,1,0.0007,132812,93.6
10494,Brairus7364,1,0.0007,132813,93.6
10495,BrausePaul,1,0.0007,132814,93.6
10496,Brbpal,1,0.0007,132815,93.6
10497,Brettman,1,0.0007,132816,93.6
10498,Brickphoneb00th,1,0.0007,132817,93.61
10499,Bro18bro,1,0.0007,132818,93.61
10500,Brokutonks,1,0.0007,132819,93.61
10501,Bronz,1,0.0007,132820,93.61
10502,Brozzz,1,0.0007,132821,93.61
10503,Brucaliffo,1,0.0007,132822,93.61
10504,Bruh243,1,0.0007,132823,93.61
10505,BruhMen,1,0.0007,132824,93.61
10506,BryannNo996,1,0.0007,132825,93.61
10507,Bsishsish,1,0.0007,132826,93.61
10508,Buber90,1,0.0007,132827,93.61
10509,Bubii,1,0.0007,132828,93.61
10510,BulimbaArts,1,0.0007,132829,93.61
10511,BullBrains,1,0.0007,132830,93.61
10512,Bulletgshep,1,0.0007,132831,93.62
10513,BunnyViking,1,0.0007,132832,93.62
10514,Bunnyswallows,1,0.0007,132833,93.62
10515,Burenketto,1,0.0007,132834,93.62
10516,BurnerExe545887,1,0.0007,132835,93.62
10517,Burnie_Burner,1,0.0007,132836,93.62
10518,Burnster,1,0.0007,132837,93.62
10519,Bussacap,1,0.0007,132838,93.62
10520,Bustylover,1,0.0007,132839,93.62
10521,ButtEnjoyer,1,0.0007,132840,93.62
10522,Buttwipe,1,0.0007,132841,93.62
10523,Buzz_Plz,1,0.0007,132842,93.62
10524,Buzzmaster3000,1,0.0007,132843,93.62
10525,ByteCann,1,0.0007,132844,93.62
10526,C47HERINE,1,0.0007,132845,93.63
10527,CCCino,1,0.0007,132846,93.63
10528,CCT2000,1,0.0007,132847,93.63
10529,CCanisLupus,1,0.0007,132848,93.63
10530,CDN_PAYASO,1,0.0007,132849,93.63
10531,CFL233,1,0.0007,132850,93.63
10532,CHOONYEON_KIM,1,0.0007,132851,93.63
10533,CLOM1237,1,0.0007,132852,93.63
10534,CNibUuBJ,1,0.0007,132853,93.63
10535,COBear,1,0.0007,132854,93.63
10536,CODEZVEIN,1,0.0007,132855,93.63
10537,CPCtail,1,0.0007,132856,93.63
10538,CPLE,1,0.0007,132857,93.63
10539,CROWSN,1,0.0007,132858,93.63
10540,CTX_CSR,1,0.0007,132859,93.64
10541,CURS3,1,0.0007,132860,93.64
10542,CV0036,1,0.0007,132861,93.64
10543,CYI09,1,0.0007,132862,93.64
10544,CZ2128D,1,0.0007,132863,93.64
10545,C_Princess,1,0.0007,132864,93.64
10546,Caboclo,1,0.0007,132865,93.64
10547,Cacame,1,0.0007,132866,93.64
10548,Calhmmm,1,0.0007,132867,93.64
10549,Calic730,1,0.0007,132868,93.64
10550,CallMeLuc,1,0.0007,132869,93.64
10551,Callmewo11,1,0.0007,132870,93.64
10552,CalmBeastDegen,1,0.0007,132871,93.64
10553,Calvadosss,1,0.0007,132872,93.64
10554,Camelot71,1,0.0007,132873,93.65
10555,Cameraing,1,0.0007,132874,93.65
10556,Campfired,1,0.0007,132875,93.65
10557,CanisAI,1,0.0007,132876,93.65
10558,Canocan,1,0.0007,132877,93.65
10559,Canonstuffmaker,1,0.0007,132878,93.65
10560,CapCat,1,0.0007,132879,93.65
10561,CapirchoGalatico,1,0.0007,132880,93.65
10562,Cappucchino,1,0.0007,132881,93.65
10563,CappyAdams,1,0.0007,132882,93.65
10564,CaptainCouch,1,0.0007,132883,93.65
10565,CaptainPeanut,1,0.0007,132884,93.65
10566,Captain_Crazy,1,0.0007,132885,93.65
10567,Captainpala12,1,0.0007,132886,93.65
10568,Carabas,1,0.0007,132887,93.65
10569,Carakuza,1,0.0007,132888,93.66
10570,Caramelcoffee,1,0.0007,132889,93.66
10571,CarbonFiberMongrel,1,0.0007,132890,93.66
10572,CarlMarti,1,0.0007,132891,93.66
10573,CarlosStarSeeker,1,0.0007,132892,93.66
10574,Carot,1,0.0007,132893,93.66
10575,Carpethop,1,0.0007,132894,93.66
10576,Carter_87,1,0.0007,132895,93.66
10577,Cashewinajar545,1,0.0007,132896,93.66
10578,CasponBR,1,0.0007,132897,93.66
10579,CassidyTheDragon,1,0.0007,132898,93.66
10580,Castisium,1,0.0007,132899,93.66
10581,CatDadChris,1,0.0007,132900,93.66
10582,CatFlower75,1,0.0007,132901,93.66
10583,CatJuice,1,0.0007,132902,93.67
10584,CatSushi,1,0.0007,132903,93.67
10585,Cat_Felis,1,0.0007,132904,93.67
10586,Catalorian,1,0.0007,132905,93.67
10587,Catastrophy,1,0.0007,132906,93.67
10588,CatcherInTheRye,1,0.0007,132907,93.67
10589,Cauliflower_,1,0.0007,132908,93.67
10590,CausticGrass,1,0.0007,132909,93.67
10591,CautiousWave2197742,1,0.0007,132910,93.67
10592,Cavernust,1,0.0007,132911,93.67
10593,Caya8205,1,0.0007,132912,93.67
10594,Cazex,1,0.0007,132913,93.67
10595,CeciliaSpekai,1,0.0007,132914,93.67
10596,Cecocity,1,0.0007,132915,93.67
10597,CelineCokinne,1,0.0007,132916,93.68
10598,CeltAI,1,0.0007,132917,93.68
10599,Celtus,1,0.0007,132918,93.68
10600,CenBd,1,0.0007,132919,93.68
10601,Centralboy,1,0.0007,132920,93.68
10602,CesarKon,1,0.0007,132921,93.68
10603,CesarTetar,1,0.0007,132922,93.68
10604,Ceumu,1,0.0007,132923,93.68
10605,Chaidori,1,0.0007,132924,93.68
10606,Chanistan,1,0.0007,132925,93.68
10607,Chanson527,1,0.0007,132926,93.68
10608,ChaoticSweet,1,0.0007,132927,93.68
10609,Charismaenigma,1,0.0007,132928,93.68
10610,Charissa___,1,0.0007,132929,93.68
10611,CharlyAIArt,1,0.0007,132930,93.69
10612,Chasris,1,0.0007,132931,93.69
10613,Chatmechant,1,0.0007,132932,93.69
10614,CheemsAI,1,0.0007,132933,93.69
10615,CheesyTerestr1al,1,0.0007,132934,93.69
10616,ChefJ,1,0.0007,132935,93.69
10617,Chelovekas1990,1,0.0007,132936,93.69
10618,Chemhoolu0810,1,0.0007,132937,93.69
10619,ChenchenLee,1,0.0007,132938,93.69
10620,Chernobergs,1,0.0007,132939,93.69
10621,CherryLady01,1,0.0007,132940,93.69
10622,Cherrycake,1,0.0007,132941,93.69
10623,ChetScrumpton,1,0.0007,132942,93.69
10624,ChiNoel,1,0.0007,132943,93.69
10625,ChickenWingLover,1,0.0007,132944,93.7
10626,ChiefBroseph,1,0.0007,132945,93.7
10627,Chikx,1,0.0007,132946,93.7
10628,Chiller,1,0.0007,132947,93.7
10629,Chimpi,1,0.0007,132948,93.7
10630,ChimptheImp,1,0.0007,132949,93.7
10631,Chizza254,1,0.0007,132950,93.7
10632,Chlamy132,1,0.0007,132951,93.7
10633,Chojiki,1,0.0007,132952,93.7
10634,ChompD,1,0.0007,132953,93.7
10635,Chomps9223,1,0.0007,132954,93.7
10636,ChoppedPotatos,1,0.0007,132955,93.7
10637,Chrisfeisch,1,0.0007,132956,93.7
10638,ChrispyNi,1,0.0007,132957,93.7
10639,ChristophThomas,1,0.0007,132958,93.7
10640,ChroniusLawf,1,0.0007,132959,93.71
10641,Chrono34,1,0.0007,132960,93.71
10642,ChronoBuddy,1,0.0007,132961,93.71
10643,Chtrisket,1,0.0007,132962,93.71
10644,Chubbyfox,1,0.0007,132963,93.71
10645,Chugchgur,1,0.0007,132964,93.71
10646,Churro19,1,0.0007,132965,93.71
10647,Churrus,1,0.0007,132966,93.71
10648,Chuul,1,0.0007,132967,93.71
10649,Cicatriz,1,0.0007,132968,93.71
10650,Cielchan,1,0.0007,132969,93.71
10651,Cinderon,1,0.0007,132970,93.71
10652,Cinn4bar,1,0.0007,132971,93.71
10653,CinnamonMoonshine,1,0.0007,132972,93.71
10654,Ciphie,1,0.0007,132973,93.72
10655,CircleD5,1,0.0007,132974,93.72
10656,CircuitCanvas,1,0.0007,132975,93.72
10657,Cirem,1,0.0007,132976,93.72
10658,Cist_Imara,1,0.0007,132977,93.72
10659,CivitFolf,1,0.0007,132978,93.72
10660,Civitai330,1,0.0007,132979,93.72
10661,Civitai_alt_2galaximfrnf,1,0.0007,132980,93.72
10662,Civitaier666,1,0.0007,132981,93.72
10663,Civitaitenks,1,0.0007,132982,93.72
10664,CixF,1,0.0007,132983,93.72
10665,ClaraSpencer,1,0.0007,132984,93.72
10666,ClarissaLover72,1,0.0007,132985,93.72
10667,Classic_Toe_8869215,1,0.0007,132986,93.72
10668,ClearDMMD,1,0.0007,132987,93.73
10669,Clifton3,1,0.0007,132988,93.73
10670,ClinkyBooh,1,0.0007,132989,93.73
10671,ClippyMS,1,0.0007,132990,93.73
10672,Clockerr,1,0.0007,132991,93.73
10673,CloudCh8sr,1,0.0007,132992,93.73
10674,CloudEstus,1,0.0007,132993,93.73
10675,Cloud_orz,1,0.0007,132994,93.73
10676,CloutMaster69,1,0.0007,132995,93.73
10677,Clown__,1,0.0007,132996,93.73
10678,Cmsn,1,0.0007,132997,93.73
10679,Cncncncn,1,0.0007,132998,93.73
10680,Cndkrsn,1,0.0007,132999,93.73
10681,CodeYa,1,0.0007,133000,93.73
10682,CoffeeRocket,1,0.0007,133001,93.74
10683,Coffeelatte,1,0.0007,133002,93.74
10684,CollectiveUser,1,0.0007,133003,93.74
10685,Collorchill,1,0.0007,133004,93.74
10686,Colson,1,0.0007,133005,93.74
10687,Cometspark,1,0.0007,133006,93.74
10688,Comfy_Source,1,0.0007,133007,93.74
10689,CommandGenius1,1,0.0007,133008,93.74
10690,Commander1943,1,0.0007,133009,93.74
10691,CommercialEarth547184,1,0.0007,133010,93.74
10692,ComradeAnanas,1,0.0007,133011,93.74
10693,ConceptConnoisseur,1,0.0007,133012,93.74
10694,Concerta,1,0.0007,133013,93.74
10695,ConflictX,1,0.0007,133014,93.74
10696,Connor3132,1,0.0007,133015,93.75
10697,ConsiderTheFollowing,1,0.0007,133016,93.75
10698,Cookie_1,1,0.0007,133017,93.75
10699,Cool1123,1,0.0007,133018,93.75
10700,Coolduder1,1,0.0007,133019,93.75
10701,Cooler_Rider,1,0.0007,133020,93.75
10702,Coolol,1,0.0007,133021,93.75
10703,Coolreal,1,0.0007,133022,93.75
10704,Cooxie3,1,0.0007,133023,93.75
10705,Corbvo,1,0.0007,133024,93.75
10706,Core26Barnaky,1,0.0007,133025,93.75
10707,Coritone,1,0.0007,133026,93.75
10708,CornOnTheOrb,1,0.0007,133027,93.75
10709,CornoPorphy,1,0.0007,133028,93.75
10710,Corvid18,1,0.0007,133029,93.76
10711,CosmicLynx,1,0.0007,133030,93.76
10712,CosmicSands,1,0.0007,133031,93.76
10713,CosplayFemboy,1,0.0007,133032,93.76
10714,Cover2,1,0.0007,133033,93.76
10715,CowboySpike,1,0.0007,133034,93.76
10716,CptPancakes,1,0.0007,133035,93.76
10717,CrAzzBandit,1,0.0007,133036,93.76
10718,CrabOfCrabs,1,0.0007,133037,93.76
10719,CrackCube,1,0.0007,133038,93.76
10720,Crappybarelle,1,0.0007,133039,93.76
10721,CrashFu,1,0.0007,133040,93.76
10722,CrazyMilkMan,1,0.0007,133041,93.76
10723,CrazyOldMan,1,0.0007,133042,93.76
10724,Crazybreaker,1,0.0007,133043,93.76
10725,Crazycage,1,0.0007,133044,93.77
10726,Creativehotia,1,0.0007,133045,93.77
10727,CreatorIncognit,1,0.0007,133046,93.77
10728,CreepyCartoon,1,0.0007,133047,93.77
10729,Crimino,1,0.0007,133048,93.77
10730,Crimz145,1,0.0007,133049,93.77
10731,CripplingTamamoA1941,1,0.0007,133050,93.77
10732,Crlp00,1,0.0007,133051,93.77
10733,CronoRei,1,0.0007,133052,93.77
10734,Cronoe,1,0.0007,133053,93.77
10735,Crowgal,1,0.0007,133054,93.77
10736,CruiseControl,1,0.0007,133055,93.77
10737,Cruze1216,1,0.0007,133056,93.77
10738,Cryphe,1,0.0007,133057,93.77
10739,CsEfFmMd,1,0.0007,133058,93.78
10740,Csdfefr,1,0.0007,133059,93.78
10741,CtrlPlusEnter,1,0.0007,133060,93.78
10742,CulturedDiffusion,1,0.0007,133061,93.78
10743,Current_Tomcat,1,0.0007,133062,93.78
10744,CurseddKnight,1,0.0007,133063,93.78
10745,Curvyland,1,0.0007,133064,93.78
10746,Cyandemo,1,0.0007,133065,93.78
10747,Cyb3rJunk,1,0.0007,133066,93.78
10748,CyberChili,1,0.0007,133067,93.78
10749,CyberT,1,0.0007,133068,93.78
10750,Cyberdelia,1,0.0007,133069,93.78
10751,Cyberpunkk,1,0.0007,133070,93.78
10752,CyborgExploit,1,0.0007,133071,93.78
10753,Cyborgwife,1,0.0007,133072,93.79
10754,Cymrak,1,0.0007,133073,93.79
10755,Cyruba,1,0.0007,133074,93.79
10756,D4rkPand4_05,1,0.0007,133075,93.79
10757,DA221,1,0.0007,133076,93.79
10758,DD13,1,0.0007,133077,93.79
10759,DDDancoeg,1,0.0007,133078,93.79
10760,DDTauriel,1,0.0007,133079,93.79
10761,DDW3GE,1,0.0007,133080,93.79
10762,DDarkening,1,0.0007,133081,93.79
10763,DEADMAN999,1,0.0007,133082,93.79
10764,DEE_DEE_EE,1,0.0007,133083,93.79
10765,DEF0X,1,0.0007,133084,93.79
10766,DELOG,1,0.0007,133085,93.79
10767,DESEGS12,1,0.0007,133086,93.8
10768,DFly,1,0.0007,133087,93.8
10769,DIG_ital_PIG_ture,1,0.0007,133088,93.8
10770,DJX22,1,0.0007,133089,93.8
10771,DL5665788,1,0.0007,133090,93.8
10772,DMGWealthX8,1,0.0007,133091,93.8
10773,DOK,1,0.0007,133092,93.8
10774,DONTDELETE9101112,1,0.0007,133093,93.8
10775,DRZ3000,1,0.0007,133094,93.8
10776,DRunner,1,0.0007,133095,93.8
10777,DTrain,1,0.0007,133096,93.8
10778,DV2024,1,0.0007,133097,93.8
10779,DX888,1,0.0007,133098,93.8
10780,DXBHAI_1,1,0.0007,133099,93.8
10781,D_Short_1,1,0.0007,133100,93.81
10782,DaBellpepper,1,0.0007,133101,93.81
10783,DaEskimo,1,0.0007,133102,93.81
10784,DaJu_BJ,1,0.0007,133103,93.81
10785,DaWaynetheDaRockDaJohnson,1,0.0007,133104,93.81
10786,Daalis,1,0.0007,133105,93.81
10787,Dackie,1,0.0007,133106,93.81
10788,DadBeater,1,0.0007,133107,93.81
10789,DadLair,1,0.0007,133108,93.81
10790,Dadabang,1,0.0007,133109,93.81
10791,Dadangcanggih,1,0.0007,133110,93.81
10792,DaddiesMan609,1,0.0007,133111,93.81
10793,Dadocardoz,1,0.0007,133112,93.81
10794,Daeart,1,0.0007,133113,93.81
10795,Daemona,1,0.0007,133114,93.81
10796,Dafr,1,0.0007,133115,93.82
10797,Dafreak,1,0.0007,133116,93.82
10798,Daiilyy,1,0.0007,133117,93.82
10799,DailyRebel,1,0.0007,133118,93.82
10800,Daily_Dose_of_Delight,1,0.0007,133119,93.82
10801,Daisuki_AI,1,0.0007,133120,93.82
10802,Dalesofolde,1,0.0007,133121,93.82
10803,Dali_AI,1,0.0007,133122,93.82
10804,Dalle2Pictures,1,0.0007,133123,93.82
10805,Damalamar,1,0.0007,133124,93.82
10806,DameChaser,1,0.0007,133125,93.82
10807,DamnagainComfy,1,0.0007,133126,93.82
10808,DanBiggs,1,0.0007,133127,93.82
10809,DanLorgan,1,0.0007,133128,93.82
10810,DanTheMCMan,1,0.0007,133129,93.83
10811,Danbario,1,0.0007,133130,93.83
10812,Danes34,1,0.0007,133131,93.83
10813,DangerVine,1,0.0007,133132,93.83
10814,Dangereux_DoubleFortune,1,0.0007,133133,93.83
10815,Dani233,1,0.0007,133134,93.83
10816,DanishDoDo,1,0.0007,133135,93.83
10817,Danoky,1,0.0007,133136,93.83
10818,Danrisi,1,0.0007,133137,93.83
10819,Danygames,1,0.0007,133138,93.83
10820,Dapper_Dabbler,1,0.0007,133139,93.83
10821,Darchitect,1,0.0007,133140,93.83
10822,Darfmann,1,0.0007,133141,93.83
10823,DargonShargon,1,0.0007,133142,93.83
10824,Dark601,1,0.0007,133143,93.84
10825,DarkArtsAI,1,0.0007,133144,93.84
10826,DarkDragon99,1,0.0007,133145,93.84
10827,DarkFallenAngel,1,0.0007,133146,93.84
10828,DarkGlass,1,0.0007,133147,93.84
10829,DarkGoldForum,1,0.0007,133148,93.84
10830,DarkLinkZo,1,0.0007,133149,93.84
10831,DarkMoony,1,0.0007,133150,93.84
10832,DarkRL,1,0.0007,133151,93.84
10833,DarkShadow_45,1,0.0007,133152,93.84
10834,DarkSolus,1,0.0007,133153,93.84
10835,DarkWorlds83,1,0.0007,133154,93.84
10836,Dark_Erotica_Engineering,1,0.0007,133155,93.84
10837,Darkblizard,1,0.0007,133156,93.84
10838,Darkcymru,1,0.0007,133157,93.85
10839,Darkdragon618,1,0.0007,133158,93.85
10840,DarkjesustheFLord,1,0.0007,133159,93.85
10841,Darkkon,1,0.0007,133160,93.85
10842,Darkness6886,1,0.0007,133161,93.85
10843,Darkspine99,1,0.0007,133162,93.85
10844,Darkwen,1,0.0007,133163,93.85
10845,Darnguy,1,0.0007,133164,93.85
10846,Darth_Profanius,1,0.0007,133165,93.85
10847,Dave_Lister,1,0.0007,133166,93.85
10848,David1231245,1,0.0007,133167,93.85
10849,Dawa,1,0.0007,133168,93.85
10850,DawnTyphoon,1,0.0007,133169,93.85
10851,Dawnmare,1,0.0007,133170,93.85
10852,Dayu002,1,0.0007,133171,93.86
10853,Dcoo,1,0.0007,133172,93.86
10854,DeadHeadCorruption,1,0.0007,133173,93.86
10855,DeadNotAsleep,1,0.0007,133174,93.86
10856,Deaquay,1,0.0007,133175,93.86
10857,DearestBF,1,0.0007,133176,93.86
10858,Dearsky,1,0.0007,133177,93.86
10859,DeathAngelAi,1,0.0007,133178,93.86
10860,DeathDoomDaddy,1,0.0007,133179,93.86
10861,Deathreaper355,1,0.0007,133180,93.86
10862,Debased2,1,0.0007,133181,93.86
10863,DeeRaay,1,0.0007,133182,93.86
10864,Deeckens,1,0.0007,133183,93.86
10865,DeerFox,1,0.0007,133184,93.86
10866,Deerhunter1982,1,0.0007,133185,93.86
10867,Default12318,1,0.0007,133186,93.87
10868,DefinitelyNotAnAlt,1,0.0007,133187,93.87
10869,Degenerator123,1,0.0007,133188,93.87
10870,Deizer_deiru,1,0.0007,133189,93.87
10871,Deleted_Official,1,0.0007,133190,93.87
10872,Delsigina,1,0.0007,133191,93.87
10873,DeltaVinny,1,0.0007,133192,93.87
10874,Deltawyvern78,1,0.0007,133193,93.87
10875,DemenciaPie,1,0.0007,133194,93.87
10876,Dementr667,1,0.0007,133195,93.87
10877,Demon6662002,1,0.0007,133196,93.87
10878,DemonAlone,1,0.0007,133197,93.87
10879,DemonH0rnsy,1,0.0007,133198,93.87
10880,Deni45,1,0.0007,133199,93.87
10881,DerAngriff1489,1,0.0007,133200,93.88
10882,DerD4nnY,1,0.0007,133201,93.88
10883,Derpistan,1,0.0007,133202,93.88
10884,DerpyDan,1,0.0007,133203,93.88
10885,Derxx,1,0.0007,133204,93.88
10886,Desconhecido2000,1,0.0007,133205,93.88
10887,DesconocidoAnon,1,0.0007,133206,93.88
10888,Desperate_Workin70,1,0.0007,133207,93.88
10889,Despeto,1,0.0007,133208,93.88
10890,Destraire,1,0.0007,133209,93.88
10891,Desubicator,1,0.0007,133210,93.88
10892,Desvus,1,0.0007,133211,93.88
10893,DeuEx,1,0.0007,133212,93.88
10894,DevilZ,1,0.0007,133213,93.88
10895,Devo556,1,0.0007,133214,93.89
10896,Devvera,1,0.0007,133215,93.89
10897,Deyariss,1,0.0007,133216,93.89
10898,Dfcha,1,0.0007,133217,93.89
10899,DhgDhg,1,0.0007,133218,93.89
10900,Dial015,1,0.0007,133219,93.89
10901,Diamondtrack284,1,0.0007,133220,93.89
10902,Diamorphous,1,0.0007,133221,93.89
10903,Diapered_N8,1,0.0007,133222,93.89
10904,Diary_Random,1,0.0007,133223,93.89
10905,DiavoloDe,1,0.0007,133224,93.89
10906,Diavolodrako,1,0.0007,133225,93.89
10907,DickDong,1,0.0007,133226,93.89
10908,DickDude,1,0.0007,133227,93.89
10909,Didjeifbdkdb,1,0.0007,133228,93.9
10910,DiegoMysteries,1,0.0007,133229,93.9
10911,DietMahomes,1,0.0007,133230,93.9
10912,Diffused,1,0.0007,133231,93.9
10913,Difuson,1,0.0007,133232,93.9
10914,DigbyAI,1,0.0007,133233,93.9
10915,Diggdogg1,1,0.0007,133234,93.9
10916,Digital_Alembic,1,0.0007,133235,93.9
10917,Dimi1995,1,0.0007,133236,93.9
10918,Dinanuwu,1,0.0007,133237,93.9
10919,Dinosaurs90,1,0.0007,133238,93.9
10920,Dirge_,1,0.0007,133239,93.9
10921,DirtyFox77,1,0.0007,133240,93.9
10922,DirtyMocha67,1,0.0007,133241,93.9
10923,Dirty_Doggo,1,0.0007,133242,93.91
10924,Dirty_Old_Joe,1,0.0007,133243,93.91
10925,DiscoShark,1,0.0007,133244,93.91
10926,DiscordantlyYou,1,0.0007,133245,93.91
10927,DisplayDisplace,1,0.0007,133246,93.91
10928,Dittomittz,1,0.0007,133247,93.91
10929,Diya518,1,0.0007,133248,93.91
10930,Dizke,1,0.0007,133249,93.91
10931,Djbob,1,0.0007,133250,93.91
10932,Djenky,1,0.0007,133251,93.91
10933,Djuxjuck,1,0.0007,133252,93.91
10934,Dliucd,1,0.0007,133253,93.91
10935,DmitryKras,1,0.0007,133254,93.91
10936,Dnikafoenoa123,1,0.0007,133255,93.91
10937,Dnocess,1,0.0007,133256,93.92
10938,DoKaMiNo,1,0.0007,133257,93.92
10939,DoWidzennya,1,0.0007,133258,93.92
10940,DoctorBoner,1,0.0007,133259,93.92
10941,DoctorFeever,1,0.0007,133260,93.92
10942,DoctorLecher,1,0.0007,133261,93.92
10943,Doctor_Faustus,1,0.0007,133262,93.92
10944,Dodzh,1,0.0007,133263,93.92
10945,DogFace,1,0.0007,133264,93.92
10946,DogLover2004,1,0.0007,133265,93.92
10947,Doggyrise,1,0.0007,133266,93.92
10948,Doldi384,1,0.0007,133267,93.92
10949,Dolfy45,1,0.0007,133268,93.92
10950,Dolly2323,1,0.0007,133269,93.92
10951,DominoUB,1,0.0007,133270,93.92
10952,Domminic,1,0.0007,133271,93.93
10953,Domnu65,1,0.0007,133272,93.93
10954,DonSquiggles,1,0.0007,133273,93.93
10955,DonnerPass27,1,0.0007,133274,93.93
10956,DontMindMe,1,0.0007,133275,93.93
10957,Donutman12,1,0.0007,133276,93.93
10958,Doodle350,1,0.0007,133277,93.93
10959,DooomRider,1,0.0007,133278,93.93
10960,DoragoDoggo,1,0.0007,133279,93.93
10961,DoragonShadou,1,0.0007,133280,93.93
10962,Dorobobieniamodelek,1,0.0007,133281,93.93
10963,Dorso,1,0.0007,133282,93.93
10964,DrAgOn200233,1,0.0007,133283,93.93
10965,DrBaph,1,0.0007,133284,93.93
10966,DrDankerson,1,0.0007,133285,93.94
10967,DrJack,1,0.0007,133286,93.94
10968,DrKlungo,1,0.0007,133287,93.94
10969,DrNo0007,1,0.0007,133288,93.94
10970,DrPeace,1,0.0007,133289,93.94
10971,DrPhreak,1,0.0007,133290,93.94
10972,DrPunk,1,0.0007,133291,93.94
10973,DrReverb,1,0.0007,133292,93.94
10974,DrRoboto,1,0.0007,133293,93.94
10975,DrTrouble,1,0.0007,133294,93.94
10976,DrUxB,1,0.0007,133295,93.94
10977,Dr_Stonious,1,0.0007,133296,93.94
10978,DrackHunt,1,0.0007,133297,93.94
10979,Draco_Potter,1,0.0007,133298,93.94
10980,Draff,1,0.0007,133299,93.95
10981,Dragenix3k,1,0.0007,133300,93.95
10982,Dragon1123,1,0.0007,133301,93.95
10983,Dragon777231,1,0.0007,133302,93.95
10984,DragonCrystal007,1,0.0007,133303,93.95
10985,DragonJart2000,1,0.0007,133304,93.95
10986,DragonRollStudio,1,0.0007,133305,93.95
10987,Dragon_With_A_Wild_Temper,1,0.0007,133306,93.95
10988,Dragon_fox,1,0.0007,133307,93.95
10989,Dragonbomb,1,0.0007,133308,93.95
10990,Dragonnnnn,1,0.0007,133309,93.95
10991,Dragonslake,1,0.0007,133310,93.95
10992,DragoonVenomus,1,0.0007,133311,93.95
10993,Draizil,1,0.0007,133312,93.95
10994,DrakeRichards,1,0.0007,133313,93.96
10995,DreadFang,1,0.0007,133314,93.96
10996,DreadViking,1,0.0007,133315,93.96
10997,DreamworkerGreen,1,0.0007,133316,93.96
10998,Dreamy_AI,1,0.0007,133317,93.96
10999,Dreamy_Me,1,0.0007,133318,93.96
11000,Dreamybullofficial812,1,0.0007,133319,93.96
11001,Dreidendorian123,1,0.0007,133320,93.96
11002,Dremi,1,0.0007,133321,93.96
11003,Dremonx,1,0.0007,133322,93.96
11004,Drewlee,1,0.0007,133323,93.96
11005,Driverhroughmaze,1,0.0007,133324,93.96
11006,Drne,1,0.0007,133325,93.96
11007,Drouillpy,1,0.0007,133326,93.96
11008,DrunkenCoward,1,0.0007,133327,93.97
11009,Drupen,1,0.0007,133328,93.97
11010,Drysk,1,0.0007,133329,93.97
11011,Dtm4321,1,0.0007,133330,93.97
11012,DubinaVoSne,1,0.0007,133331,93.97
11013,DuckFace,1,0.0007,133332,93.97
11014,Duck_VN,1,0.0007,133333,93.97
11015,DuckingGood,1,0.0007,133334,93.97
11016,DudeBroSun,1,0.0007,133335,93.97
11017,Dudemaximus,1,0.0007,133336,93.97
11018,DuelistMuser39,1,0.0007,133337,93.97
11019,Duke_Herstal,1,0.0007,133338,93.97
11020,Duloco,1,0.0007,133339,93.97
11021,DumbDormer,1,0.0007,133340,93.97
11022,DummyIdiot,1,0.0007,133341,93.97
11023,Dumplumpling,1,0.0007,133342,93.98
11024,DumpyJpeg,1,0.0007,133343,93.98
11025,Durandalsr7,1,0.0007,133344,93.98
11026,Dusk012,1,0.0007,133345,93.98
11027,DuskClaymore,1,0.0007,133346,93.98
11028,Dust_Sans007,1,0.0007,133347,93.98
11029,Dykemcrugeater,1,0.0007,133348,93.98
11030,DynamiteJoe,1,0.0007,133349,93.98
11031,Dzaza,1,0.0007,133350,93.98
11032,E2J,1,0.0007,133351,93.98
11033,EASTEasy,1,0.0007,133352,93.98
11034,EFF01,1,0.0007,133353,93.98
11035,EKKIVOK,1,0.0007,133354,93.98
11036,ELFURRO,1,0.0007,133355,93.98
11037,EMPANADASDEPOLLO,1,0.0007,133356,93.99
11038,EO_Rosmontis,1,0.0007,133357,93.99
11039,ERGG,1,0.0007,133358,93.99
11040,ERICJR,1,0.0007,133359,93.99
11041,EROSYNTH,1,0.0007,133360,93.99
11042,ETOY,1,0.0007,133361,93.99
11043,Ealonon,1,0.0007,133362,93.99
11044,Eastern_Layer_3898262,1,0.0007,133363,93.99
11045,Ebidra,1,0.0007,133364,93.99
11046,EcchiToday,1,0.0007,133365,93.99
11047,EccoFlix,1,0.0007,133366,93.99
11048,Echit21,1,0.0007,133367,93.99
11049,EchoCanvas,1,0.0007,133368,93.99
11050,EchoXv,1,0.0007,133369,93.99
11051,Eclemerage,1,0.0007,133370,94.0
11052,Ecnir,1,0.0007,133371,94.0
11053,Economytraining4,1,0.0007,133372,94.0
11054,EcthelionElite,1,0.0007,133373,94.0
11055,EdgeAI,1,0.0007,133374,94.0
11056,Edgytheshadow,1,0.0007,133375,94.0
11057,Edice60,1,0.0007,133376,94.0
11058,Edwardthefma,1,0.0007,133377,94.0
11059,Efietrestair,1,0.0007,133378,94.0
11060,Eggbena,1,0.0007,133379,94.0
11061,Eileeen,1,0.0007,133380,94.0
11062,EileenAI,1,0.0007,133381,94.0
11063,ElGenerico,1,0.0007,133382,94.0
11064,ElHombre_87,1,0.0007,133383,94.0
11065,ElViajero14,1,0.0007,133384,94.01
11066,El_ias,1,0.0007,133385,94.01
11067,El_psy_congro0,1,0.0007,133386,94.01
11068,Eladio9285,1,0.0007,133387,94.01
11069,Elaine_Ray,1,0.0007,133388,94.01
11070,Elbochna,1,0.0007,133389,94.01
11071,Elgador,1,0.0007,133390,94.01
11072,EliasHRNY,1,0.0007,133391,94.01
11073,EliasVanAstrea,1,0.0007,133392,94.01
11074,ElijahSimon,1,0.0007,133393,94.01
11075,EliotteEldritch,1,0.0007,133394,94.01
11076,EliseN99,1,0.0007,133395,94.01
11077,Eliza_beth,1,0.0007,133396,94.01
11078,Elkazama,1,0.0007,133397,94.01
11079,Ellestor,1,0.0007,133398,94.02
11080,Ellie_Williams,1,0.0007,133399,94.02
11081,Elpp,1,0.0007,133400,94.02
11082,Elvindos,1,0.0007,133401,94.02
11083,Elynna,1,0.0007,133402,94.02
11084,Elysium905,1,0.0007,133403,94.02
11085,EmiWeirge,1,0.0007,133404,94.02
11086,Emiis,1,0.0007,133405,94.02
11087,Emiliacosgrove,1,0.0007,133406,94.02
11088,Emmtheexpert,1,0.0007,133407,94.02
11089,EmrysPrime,1,0.0007,133408,94.02
11090,Ems433,1,0.0007,133409,94.02
11091,Enako,1,0.0007,133410,94.02
11092,EncodedExplorer,1,0.0007,133411,94.02
11093,Endersigma,1,0.0007,133412,94.02
11094,Enderzx,1,0.0007,133413,94.03
11095,Endodaemon,1,0.0007,133414,94.03
11096,Endy_Alf,1,0.0007,133415,94.03
11097,Endymion796,1,0.0007,133416,94.03
11098,Enigma216216,1,0.0007,133417,94.03
11099,EnormousDay,1,0.0007,133418,94.03
11100,Enrico_Garcia_68,1,0.0007,133419,94.03
11101,EochiDesu,1,0.0007,133420,94.03
11102,EpicWin,1,0.0007,133421,94.03
11103,Epic_odd_otaku,1,0.0007,133422,94.03
11104,Eprn1307,1,0.0007,133423,94.03
11105,Equim,1,0.0007,133424,94.03
11106,Erago123123,1,0.0007,133425,94.03
11107,Eremiya,1,0.0007,133426,94.03
11108,Erialos,1,0.0007,133427,94.04
11109,Eric7758,1,0.0007,133428,94.04
11110,EricRollei21,1,0.0007,133429,94.04
11111,EricTheSpy,1,0.0007,133430,94.04
11112,Erichihi111,1,0.0007,133431,94.04
11113,ErienLafoxx,1,0.0007,133432,94.04
11114,Ernesta_Ze_Guevara,1,0.0007,133433,94.04
11115,Ernestowilde,1,0.0007,133434,94.04
11116,Erorate,1,0.0007,133435,94.04
11117,Eros_Tiger,1,0.0007,133436,94.04
11118,Error666,1,0.0007,133437,94.04
11119,ErzherzogJosef,1,0.0007,133438,94.04
11120,EscapingContainment,1,0.0007,133439,94.04
11121,Esilio,1,0.0007,133440,94.04
11122,Ester3456,1,0.0007,133441,94.05
11123,Estria,1,0.0007,133442,94.05
11124,Eternal2kPP,1,0.0007,133443,94.05
11125,EthanBonser,1,0.0007,133444,94.05
11126,EtheralGoddessVr,1,0.0007,133445,94.05
11127,EtherealD37,1,0.0007,133446,94.05
11128,Ethereal_Wanderer,1,0.0007,133447,94.05
11129,Ethical_NSFW,1,0.0007,133448,94.05
11130,EthrealSkull,1,0.0007,133449,94.05
11131,Evenstain,1,0.0007,133450,94.05
11132,Everglade6,1,0.0007,133451,94.05
11133,Everyone_Nobel_huacha,1,0.0007,133452,94.05
11134,EvilFreaking,1,0.0007,133453,94.05
11135,EvilKitten,1,0.0007,133454,94.05
11136,EvilPeterPan,1,0.0007,133455,94.06
11137,Ewewe90,1,0.0007,133456,94.06
11138,Exallure_AI,1,0.0007,133457,94.06
11139,ExiledAlC7,1,0.0007,133458,94.06
11140,ExoTG,1,0.0007,133459,94.06
11141,Exotique,1,0.0007,133460,94.06
11142,ExtremeDreams25,1,0.0007,133461,94.06
11143,Ezic01,1,0.0007,133462,94.06
11144,EzikG,1,0.0007,133463,94.06
11145,F370N,1,0.0007,133464,94.06
11146,FAELLA,1,0.0007,133465,94.06
11147,FF10,1,0.0007,133466,94.06
11148,FGS97,1,0.0007,133467,94.06
11149,FKNTR,1,0.0007,133468,94.06
11150,FLGr,1,0.0007,133469,94.07
11151,FLO88,1,0.0007,133470,94.07
11152,FMetaF,1,0.0007,133471,94.07
11153,FRANKFRANKULTIMATE,1,0.0007,133472,94.07
11154,FREEMEMEZ,1,0.0007,133473,94.07
11155,FVGXfeeder,1,0.0007,133474,94.07
11156,FXCBS,1,0.0007,133475,94.07
11157,FXEdith,1,0.0007,133476,94.07
11158,FXXA,1,0.0007,133477,94.07
11159,FYT_726738,1,0.0007,133478,94.07
11160,FYW2,1,0.0007,133479,94.07
11161,F_D_I_E_G,1,0.0007,133480,94.07
11162,F_NSFW,1,0.0007,133481,94.07
11163,Fabent6991,1,0.0007,133482,94.07
11164,Faiadragon,1,0.0007,133483,94.07
11165,FairySlutGarden,1,0.0007,133484,94.08
11166,Falafel_AI,1,0.0007,133485,94.08
11167,Falara,1,0.0007,133486,94.08
11168,FalcoHN,1,0.0007,133487,94.08
11169,Falcus,1,0.0007,133488,94.08
11170,FallenPedals,1,0.0007,133489,94.08
11171,Fallin111,1,0.0007,133490,94.08
11172,FaltaPatroclo,1,0.0007,133491,94.08
11173,Fanatical,1,0.0007,133492,94.08
11174,Fandingo,1,0.0007,133493,94.08
11175,Fangs66,1,0.0007,133494,94.08
11176,Fanhupeoppai,1,0.0007,133495,94.08
11177,FantasyWomen,1,0.0007,133496,94.08
11178,FarYaal,1,0.0007,133497,94.08
11179,FareVal,1,0.0007,133498,94.09
11180,Fariox,1,0.0007,133499,94.09
11181,Farzankhan,1,0.0007,133500,94.09
11182,FashionMaven,1,0.0007,133501,94.09
11183,Fastmike31,1,0.0007,133502,94.09
11184,FatTiddyGypsy,1,0.0007,133503,94.09
11185,FattyMike,1,0.0007,133504,94.09
11186,FeAle,1,0.0007,133505,94.09
11187,FeMaleLover,1,0.0007,133506,94.09
11188,Fe_Luniferal,1,0.0007,133507,94.09
11189,Fedyk,1,0.0007,133508,94.09
11190,Feeherzlos,1,0.0007,133509,94.09
11191,Feeluck,1,0.0007,133510,94.09
11192,Feffy,1,0.0007,133511,94.09
11193,FeliciaSerenity,1,0.0007,133512,94.1
11194,Felifan98,1,0.0007,133513,94.1
11195,Felisg4,1,0.0007,133514,94.1
11196,Felix_Bernhardt,1,0.0007,133515,94.1
11197,Fella919391,1,0.0007,133516,94.1
11198,Fellbeast,1,0.0007,133517,94.1
11199,FellipeLM99,1,0.0007,133518,94.1
11200,FellowTaoists,1,0.0007,133519,94.1
11201,Felours,1,0.0007,133520,94.1
11202,Fembodeus,1,0.0007,133521,94.1
11203,FemboyLitchy,1,0.0007,133522,94.1
11204,FemmeFatalis,1,0.0007,133523,94.1
11205,Feng_Yi_Wind,1,0.0007,133524,94.1
11206,Fenharel,1,0.0007,133525,94.1
11207,Fenn,1,0.0007,133526,94.11
11208,FenroX,1,0.0007,133527,94.11
11209,Feranen,1,0.0007,133528,94.11
11210,Feridian,1,0.0007,133529,94.11
11211,Fexisgd,1,0.0007,133530,94.11
11212,Fgonax,1,0.0007,133531,94.11
11213,Fijiwaterhorse,1,0.0007,133532,94.11
11214,FilthyLoverAi,1,0.0007,133533,94.11
11215,FilthyRat,1,0.0007,133534,94.11
11216,Financial_Crisis,1,0.0007,133535,94.11
11217,FinianWren,1,0.0007,133536,94.11
11218,Finore,1,0.0007,133537,94.11
11219,Fionnrol,1,0.0007,133538,94.11
11220,FireBlach,1,0.0007,133539,94.11
11221,FireFly67,1,0.0007,133540,94.12
11222,Fire_Keeper,1,0.0007,133541,94.12
11223,Fireboy_1111,1,0.0007,133542,94.12
11224,Firehouse,1,0.0007,133543,94.12
11225,Firsttyoo,1,0.0007,133544,94.12
11226,Fish788,1,0.0007,133545,94.12
11227,FkinPixelz,1,0.0007,133546,94.12
11228,Fkr909,1,0.0007,133547,94.12
11229,Fksup,1,0.0007,133548,94.12
11230,FlacFerret,1,0.0007,133549,94.12
11231,FlamingSkull,1,0.0007,133550,94.12
11232,FlanFan2,1,0.0007,133551,94.12
11233,FlappyTSK,1,0.0007,133552,94.12
11234,Flared3,1,0.0007,133553,94.12
11235,Flashylizard,1,0.0007,133554,94.13
11236,FlatPizza,1,0.0007,133555,94.13
11237,Flauschi12,1,0.0007,133556,94.13
11238,FleurdelysAI,1,0.0007,133557,94.13
11239,FlimsySteve,1,0.0007,133558,94.13
11240,Flintlock282,1,0.0007,133559,94.13
11241,Flitterquest,1,0.0007,133560,94.13
11242,FlockingBird,1,0.0007,133561,94.13
11243,Flowersslop,1,0.0007,133562,94.13
11244,Floweymen,1,0.0007,133563,94.13
11245,FlowingClounds,1,0.0007,133564,94.13
11246,FluffiestLion,1,0.0007,133565,94.13
11247,FluffyBunArt,1,0.0007,133566,94.13
11248,Fluffycivitai69,1,0.0007,133567,94.13
11249,Fluyguy,1,0.0007,133568,94.13
11250,FlyingCatAroundCivit,1,0.0007,133569,94.14
11251,FlyingDemo,1,0.0007,133570,94.14
11252,FlyingOyster,1,0.0007,133571,94.14
11253,FocusIA,1,0.0007,133572,94.14
11254,Fogel1990489,1,0.0007,133573,94.14
11255,Folteris,1,0.0007,133574,94.14
11256,Fool77123,1,0.0007,133575,94.14
11257,ForMkotori,1,0.0007,133576,94.14
11258,For_Atago4,1,0.0007,133577,94.14
11259,Fore_Shadow,1,0.0007,133578,94.14
11260,Foreskinwalker,1,0.0007,133579,94.14
11261,ForeverAbsent110,1,0.0007,133580,94.14
11262,Forgotten_Waifus,1,0.0007,133581,94.14
11263,ForsakenAI,1,0.0007,133582,94.14
11264,Forsta,1,0.0007,133583,94.15
11265,FotoLeipzig,1,0.0007,133584,94.15
11266,FoxEnthusiast,1,0.0007,133585,94.15
11267,FoxFang,1,0.0007,133586,94.15
11268,Foxey,1,0.0007,133587,94.15
11269,FoxhoundHunter,1,0.0007,133588,94.15
11270,Foxhounder4,1,0.0007,133589,94.15
11271,FoxyRaes,1,0.0007,133590,94.15
11272,Foxy_Lover97,1,0.0007,133591,94.15
11273,Fr3t,1,0.0007,133592,94.15
11274,Fractavius,1,0.0007,133593,94.15
11275,Frank_WestDR1,1,0.0007,133594,94.15
11276,FrankieMonsterFan,1,0.0007,133595,94.15
11277,Frankw69,1,0.0007,133596,94.15
11278,FranzusLN,1,0.0007,133597,94.16
11279,Freaky1,1,0.0007,133598,94.16
11280,Fred_6yprep,1,0.0007,133599,94.16
11281,Fred_Sandw,1,0.0007,133600,94.16
11282,FreddyPizza5,1,0.0007,133601,94.16
11283,Freddyxmoon,1,0.0007,133602,94.16
11284,FreeW01f,1,0.0007,133603,94.16
11285,Freebird17,1,0.0007,133604,94.16
11286,Fregley,1,0.0007,133605,94.16
11287,FrentzyTime,1,0.0007,133606,94.16
11288,Freshii,1,0.0007,133607,94.16
11289,Fresnelz,1,0.0007,133608,94.16
11290,Fretzon,1,0.0007,133609,94.16
11291,Freyaa,1,0.0007,133610,94.16
11292,FridayByJarvis,1,0.0007,133611,94.17
11293,FriendlyEndowed,1,0.0007,133612,94.17
11294,Friendowo,1,0.0007,133613,94.17
11295,FriskDelta,1,0.0007,133614,94.17
11296,FrogTurnedGay,1,0.0007,133615,94.17
11297,Frog_AI,1,0.0007,133616,94.17
11298,Frostiii,1,0.0007,133617,94.17
11299,Frostynips,1,0.0007,133618,94.17
11300,FruityKiwi,1,0.0007,133619,94.17
11301,FruityPebblez,1,0.0007,133620,94.17
11302,FseekerW,1,0.0007,133621,94.17
11303,FuechschenSan,1,0.0007,133622,94.17
11304,Full98LionBRB,1,0.0007,133623,94.17
11305,Fuller12,1,0.0007,133624,94.17
11306,Fun_Executor,1,0.0007,133625,94.18
11307,Fundorei,1,0.0007,133626,94.18
11308,FunkyFungus,1,0.0007,133627,94.18
11309,FurinaShinyBlueCake,1,0.0007,133628,94.18
11310,Furist,1,0.0007,133629,94.18
11311,Furpand,1,0.0007,133630,94.18
11312,FurryN12,1,0.0007,133631,94.18
11313,FurrySymbiote,1,0.0007,133632,94.18
11314,FussyWasTaken,1,0.0007,133633,94.18
11315,FutaMakimaLover,1,0.0007,133634,94.18
11316,FutaNinja,1,0.0007,133635,94.18
11317,FutaThickness,1,0.0007,133636,94.18
11318,Futsuho,1,0.0007,133637,94.18
11319,Futurlunatic,1,0.0007,133638,94.18
11320,Fuufan,1,0.0007,133639,94.18
11321,FuzzySnakes,1,0.0007,133640,94.19
11322,Fzets,1,0.0007,133641,94.19
11323,Fzts,1,0.0007,133642,94.19
11324,G16Striker,1,0.0007,133643,94.19
11325,G4spankinglover,1,0.0007,133644,94.19
11326,GAOIMG,1,0.0007,133645,94.19
11327,GC,1,0.0007,133646,94.19
11328,GCch,1,0.0007,133647,94.19
11329,GDMoor,1,0.0007,133648,94.19
11330,GHS96823,1,0.0007,133649,94.19
11331,GKG,1,0.0007,133650,94.19
11332,GLaDOSToMeetYou,1,0.0007,133651,94.19
11333,GOBBz,1,0.0007,133652,94.19
11334,GPT_Artist,1,0.0007,133653,94.19
11335,GSone,1,0.0007,133654,94.2
11336,GT123,1,0.0007,133655,94.2
11337,GTA30B,1,0.0007,133656,94.2
11338,GUIBS1,1,0.0007,133657,94.2
11339,GUIBS2,1,0.0007,133658,94.2
11340,GUUboo,1,0.0007,133659,94.2
11341,GVargr,1,0.0007,133660,94.2
11342,GXaifeeder,1,0.0007,133661,94.2
11343,GXfeeder,1,0.0007,133662,94.2
11344,Ga1_ahad,1,0.0007,133663,94.2
11345,Ga1ahad,1,0.0007,133664,94.2
11346,Gabbitygoo,1,0.0007,133665,94.2
11347,Gabrielacfg,1,0.0007,133666,94.2
11348,Gabypucho,1,0.0007,133667,94.2
11349,Gadinel,1,0.0007,133668,94.21
11350,Gaelorde,1,0.0007,133669,94.21
11351,GalaxyUp,1,0.0007,133670,94.21
11352,Gallowsss,1,0.0007,133671,94.21
11353,GameofBimbos,1,0.0007,133672,94.21
11354,Gamerman988,1,0.0007,133673,94.21
11355,Gamerwarg,1,0.0007,133674,94.21
11356,Gamewesker,1,0.0007,133675,94.21
11357,Gamingtech2,1,0.0007,133676,94.21
11358,Gangror,1,0.0007,133677,94.21
11359,GaoRikiya,1,0.0007,133678,94.21
11360,Gaozjaa,1,0.0007,133679,94.21
11361,GarFriend,1,0.0007,133680,94.21
11362,GarretMvahd,1,0.0007,133681,94.21
11363,Garvw,1,0.0007,133682,94.22
11364,Gary_lepiAI,1,0.0007,133683,94.22
11365,Gasaii,1,0.0007,133684,94.22
11366,GavikMahar,1,0.0007,133685,94.22
11367,GayDinosaurVirus,1,0.0007,133686,94.22
11368,Gaydevai_paulo,1,0.0007,133687,94.22
11369,Gayestthing,1,0.0007,133688,94.22
11370,GayiffAI,1,0.0007,133689,94.22
11371,Gealbhan,1,0.0007,133690,94.22
11372,Geewhizz,1,0.0007,133691,94.22
11373,GenByteCO,1,0.0007,133692,94.22
11374,GenPandaStuff1989,1,0.0007,133693,94.22
11375,GenTach,1,0.0007,133694,94.22
11376,General_Macaw,1,0.0007,133695,94.22
11377,Generart,1,0.0007,133696,94.23
11378,Generateurum,1,0.0007,133697,94.23
11379,GenerationBoyZ,1,0.0007,133698,94.23
11380,Generator2000,1,0.0007,133699,94.23
11381,GeneratorStreet,1,0.0007,133700,94.23
11382,Gengoro_810,1,0.0007,133701,94.23
11383,Genso_Shisen,1,0.0007,133702,94.23
11384,Gentlemanbunny,1,0.0007,133703,94.23
11385,GeorgeOrson,1,0.0007,133704,94.23
11386,Geron49,1,0.0007,133705,94.23
11387,GestapWH,1,0.0007,133706,94.23
11388,Gettoleave,1,0.0007,133707,94.23
11389,Gfdyfff,1,0.0007,133708,94.23
11390,Gg123iiii,1,0.0007,133709,94.23
11391,GhostlyDiffusion,1,0.0007,133710,94.23
11392,Giantess_AI,1,0.0007,133711,94.24
11393,Gibbs123,1,0.0007,133712,94.24
11394,Gibson1337,1,0.0007,133713,94.24
11395,Gichi28,1,0.0007,133714,94.24
11396,GigaFlop,1,0.0007,133715,94.24
11397,Gigglebit,1,0.0007,133716,94.24
11398,GigglingGhost,1,0.0007,133717,94.24
11399,GinDan,1,0.0007,133718,94.24
11400,GingkoBiloba,1,0.0007,133719,94.24
11401,GinkgoWM,1,0.0007,133720,94.24
11402,Ginnie,1,0.0007,133721,94.24
11403,GiotaroKugio,1,0.0007,133722,94.24
11404,Girthzone,1,0.0007,133723,94.24
11405,GiveMeFood,1,0.0007,133724,94.24
11406,GivenHorizon,1,0.0007,133725,94.25
11407,Gixi,1,0.0007,133726,94.25
11408,Glasspickle,1,0.0007,133727,94.25
11409,Gleb1234,1,0.0007,133728,94.25
11410,Gleb19sm410,1,0.0007,133729,94.25
11411,GlitchLab,1,0.0007,133730,94.25
11412,Glitchybun,1,0.0007,133731,94.25
11413,GloberTrotzer,1,0.0007,133732,94.25
11414,Globule,1,0.0007,133733,94.25
11415,Glowstik,1,0.0007,133734,94.25
11416,Gluttonous71,1,0.0007,133735,94.25
11417,Glyph,1,0.0007,133736,94.25
11418,Gnomii,1,0.0007,133737,94.25
11419,Goat_Dat_Guy,1,0.0007,133738,94.25
11420,GodOfSmething,1,0.0007,133739,94.26
11421,GoddesssMimo,1,0.0007,133740,94.26
11422,GogumaMang,1,0.0007,133741,94.26
11423,Goingoingone,1,0.0007,133742,94.26
11424,Gokudomatic,1,0.0007,133743,94.26
11425,GoldenCharacters,1,0.0007,133744,94.26
11426,Gongoloid,1,0.0007,133745,94.26
11427,GooDick,1,0.0007,133746,94.26
11428,GoodMan99,1,0.0007,133747,94.26
11429,Goon_69420,1,0.0007,133748,94.26
11430,Gooner1154,1,0.0007,133749,94.26
11431,Goonermaldito,1,0.0007,133750,94.26
11432,Goonslop,1,0.0007,133751,94.26
11433,Gopnicerr,1,0.0007,133752,94.26
11434,Gorshunai,1,0.0007,133753,94.27
11435,Gospodin_DpakoH,1,0.0007,133754,94.27
11436,GothEmpire,1,0.0007,133755,94.27
11437,Gouda,1,0.0007,133756,94.27
11438,Goukio,1,0.0007,133757,94.27
11439,Grabbag,1,0.0007,133758,94.27
11440,Grade_a_waifus,1,0.0007,133759,94.27
11441,GrahamTheRabbit,1,0.0007,133760,94.27
11442,Grandmogi,1,0.0007,133761,94.27
11443,Grangle,1,0.0007,133762,94.27
11444,GrapefruitEnough6897617,1,0.0007,133763,94.27
11445,Grath,1,0.0007,133764,94.27
11446,Gravenmar,1,0.0007,133765,94.27
11447,Grayson1010,1,0.0007,133766,94.27
11448,Great34,1,0.0007,133767,94.28
11449,GreatHunt,1,0.0007,133768,94.28
11450,Greenmojoe,1,0.0007,133769,94.28
11451,Greggs,1,0.0007,133770,94.28
11452,Gregory_M,1,0.0007,133771,94.28
11453,Grenobi1,1,0.0007,133772,94.28
11454,Greyh,1,0.0007,133773,94.28
11455,Greyhill,1,0.0007,133774,94.28
11456,Greystorm76,1,0.0007,133775,94.28
11457,Grezvany13,1,0.0007,133776,94.28
11458,Grido,1,0.0007,133777,94.28
11459,Grifters,1,0.0007,133778,94.28
11460,Gristol_,1,0.0007,133779,94.28
11461,GrizzlyBare69,1,0.0007,133780,94.28
11462,Grockster,1,0.0007,133781,94.29
11463,Grolken,1,0.0007,133782,94.29
11464,Grooshka,1,0.0007,133783,94.29
11465,Grovy,1,0.0007,133784,94.29
11466,GrowGetter,1,0.0007,133785,94.29
11467,Grunkge,1,0.0007,133786,94.29
11468,Gts_Fox,1,0.0007,133787,94.29
11469,GuChenDesignDog,1,0.0007,133788,94.29
11470,Guang_Zhi,1,0.0007,133789,94.29
11471,Gubster59,1,0.0007,133790,94.29
11472,Guidodes,1,0.0007,133791,94.29
11473,Gulmee,1,0.0007,133792,94.29
11474,GunFucker,1,0.0007,133793,94.29
11475,Gurter,1,0.0007,133794,94.29
11476,GustosoMilk,1,0.0007,133795,94.29
11477,GuyWhoLikesButts,1,0.0007,133796,94.3
11478,Gwyndolin02,1,0.0007,133797,94.3
11479,Gyagrus,1,0.0007,133798,94.3
11480,GygyISHI,1,0.0007,133799,94.3
11481,Gyukku,1,0.0007,133800,94.3
11482,H43y,1,0.0007,133801,94.3
11483,HAR,1,0.0007,133802,94.3
11484,HARUKI3,1,0.0007,133803,94.3
11485,HARU_p,1,0.0007,133804,94.3
11486,HELIOS516,1,0.0007,133805,94.3
11487,HFWAI,1,0.0007,133806,94.3
11488,HK416D,1,0.0007,133807,94.3
11489,HKProd,1,0.0007,133808,94.3
11490,HNTR7_CAi,1,0.0007,133809,94.3
11491,HOPStudio,1,0.0007,133810,94.31
11492,HUAXIAwang,1,0.0007,133811,94.31
11493,HUIP_BEN,1,0.0007,133812,94.31
11494,HYORain,1,0.0007,133813,94.31
11495,H___,1,0.0007,133814,94.31
11496,Haavex,1,0.0007,133815,94.31
11497,Habby,1,0.0007,133816,94.31
11498,HachiMitsu_Chan,1,0.0007,133817,94.31
11499,HackSlash,1,0.0007,133818,94.31
11500,HacksAndSlash,1,0.0007,133819,94.31
11501,Haign0,1,0.0007,133820,94.31
11502,Haiishou,1,0.0007,133821,94.31
11503,Hainooto,1,0.0007,133822,94.31
11504,Hairy_hippies,1,0.0007,133823,94.31
11505,Hakervlad657,1,0.0007,133824,94.32
11506,Hakukis,1,0.0007,133825,94.32
11507,HakureiRyougi,1,0.0007,133826,94.32
11508,HalfCity,1,0.0007,133827,94.32
11509,HalfGlassOfGin,1,0.0007,133828,94.32
11510,Halion,1,0.0007,133829,94.32
11511,Hallancer,1,0.0007,133830,94.32
11512,Hamptur,1,0.0007,133831,94.32
11513,Hamsome_Skidword,1,0.0007,133832,94.32
11514,Hamster4Doom,1,0.0007,133833,94.32
11515,Hamzazouaghi,1,0.0007,133834,94.32
11516,HanSaram,1,0.0007,133835,94.32
11517,HandeeVac,1,0.0007,133836,94.32
11518,HanojL,1,0.0007,133837,94.32
11519,Hans2000188,1,0.0007,133838,94.33
11520,Hansi8736492648,1,0.0007,133839,94.33
11521,Hanspeter1242,1,0.0007,133840,94.33
11522,Hapalaw,1,0.0007,133841,94.33
11523,HappyTrain888,1,0.0007,133842,94.33
11524,HardMayker,1,0.0007,133843,94.33
11525,Hardcore_Hayes,1,0.0007,133844,94.33
11526,HardoDoge,1,0.0007,133845,94.33
11527,HarperBlake1999,1,0.0007,133846,94.33
11528,Harry222_,1,0.0007,133847,94.33
11529,Harsh11,1,0.0007,133848,94.33
11530,Hartmann_88,1,0.0007,133849,94.33
11531,Harukasbae,1,0.0007,133850,94.33
11532,HarutoKenzo,1,0.0007,133851,94.33
11533,Hasix1,1,0.0007,133852,94.34
11534,Haterbaiter,1,0.0007,133853,94.34
11535,HaunterEX,1,0.0007,133854,94.34
11536,Havir,1,0.0007,133855,94.34
11537,Hawchik,1,0.0007,133856,94.34
11538,Hawkerson,1,0.0007,133857,94.34
11539,Hayami,1,0.0007,133858,94.34
11540,HazelRah,1,0.0007,133859,94.34
11541,Hccbn,1,0.0007,133860,94.34
11542,Hdidiudu,1,0.0007,133861,94.34
11543,Healing_Through_Laughter,1,0.0007,133862,94.34
11544,HeartOfRed,1,0.0007,133863,94.34
11545,Heart_language,1,0.0007,133864,94.34
11546,Heibei,1,0.0007,133865,94.34
11547,HeightOk4624979,1,0.0007,133866,94.34
11548,HeinrichI,1,0.0007,133867,94.35
11549,Heke2000,1,0.0007,133868,94.35
11550,Helesssart,1,0.0007,133869,94.35
11551,Hell_Yeah,1,0.0007,133870,94.35
11552,Hello2210,1,0.0007,133871,94.35
11553,HelloHitakuro,1,0.0007,133872,94.35
11554,HelloMtgCo,1,0.0007,133873,94.35
11555,HelloSir54,1,0.0007,133874,94.35
11556,Hellzicke,1,0.0007,133875,94.35
11557,Henry_gone2,1,0.0007,133876,94.35
11558,Henryexe,1,0.0007,133877,94.35
11559,HeohOi,1,0.0007,133878,94.35
11560,Heraclescordoba,1,0.0007,133879,94.35
11561,Herby69,1,0.0007,133880,94.35
11562,HereForTits,1,0.0007,133881,94.36
11563,HermesMercurius3,1,0.0007,133882,94.36
11564,HeroOfFantasy,1,0.0007,133883,94.36
11565,HeroOfHyrule,1,0.0007,133884,94.36
11566,HeroinLarry,1,0.0007,133885,94.36
11567,Herun,1,0.0007,133886,94.36
11568,HexGuy,1,0.0007,133887,94.36
11569,HexMagus,1,0.0007,133888,94.36
11570,Hex_AI,1,0.0007,133889,94.36
11571,HeyComeGetMe,1,0.0007,133890,94.36
11572,Hi3_369,1,0.0007,133891,94.36
11573,Hidari,1,0.0007,133892,94.36
11574,HiddenHood,1,0.0007,133893,94.36
11575,Hidden_Lotus,1,0.0007,133894,94.36
11576,HideAttack820,1,0.0007,133895,94.37
11577,Highflyer69,1,0.0007,133896,94.37
11578,Higuys31315,1,0.0007,133897,94.37
11579,HikariQuinn,1,0.0007,133898,94.37
11580,HikerJoker,1,0.0007,133899,94.37
11581,Hikyo,1,0.0007,133900,94.37
11582,HildaM,1,0.0007,133901,94.37
11583,Hililuhwoop,1,0.0007,133902,94.37
11584,Hilucas,1,0.0007,133903,94.37
11585,Himokashi,1,0.0007,133904,94.37
11586,Hippocrates_Popo,1,0.0007,133905,94.37
11587,HiramWorkAI,1,0.0007,133906,94.37
11588,Hiratu,1,0.0007,133907,94.37
11589,Hiroki_kun,1,0.0007,133908,94.37
11590,Hirokun0,1,0.0007,133909,94.38
11591,HishLN,1,0.0007,133910,94.38
11592,Hisoka1415,1,0.0007,133911,94.38
11593,HistoricalMango8612218,1,0.0007,133912,94.38
11594,Hiyeshellohi824,1,0.0007,133913,94.38
11595,Hjh_betty,1,0.0007,133914,94.38
11596,Hohohoho45,1,0.0007,133915,94.38
11597,HoityToity,1,0.0007,133916,94.38
11598,Holafakes,1,0.0007,133917,94.38
11599,HolyButterOnToast,1,0.0007,133918,94.38
11600,HolyCannoli,1,0.0007,133919,94.38
11601,Holycow_O,1,0.0007,133920,94.38
11602,Homelander99,1,0.0007,133921,94.38
11603,HomuraF,1,0.0007,133922,94.38
11604,Honeyflakes,1,0.0007,133923,94.39
11605,Hoodedslave,1,0.0007,133924,94.39
11606,Horizon_lu,1,0.0007,133925,94.39
11607,Horkmaster,1,0.0007,133926,94.39
11608,HorneyOats,1,0.0007,133927,94.39
11609,HornyClownBoye,1,0.0007,133928,94.39
11610,HornyDemonBoy,1,0.0007,133929,94.39
11611,HotAnimals,1,0.0007,133930,94.39
11612,HotSauce,1,0.0007,133931,94.39
11613,Hot_Halfelf_Npc,1,0.0007,133932,94.39
11614,HowUnlikely,1,0.0007,133933,94.39
11615,HowieHammie,1,0.0007,133934,94.39
11616,Hqhh,1,0.0007,133935,94.39
11617,Hruse,1,0.0007,133936,94.39
11618,Huggabubba,1,0.0007,133937,94.39
11619,Human__Error,1,0.0007,133938,94.4
11620,Humane_Magic,1,0.0007,133939,94.4
11621,Humanon,1,0.0007,133940,94.4
11622,HumbleCat,1,0.0007,133941,94.4
11623,Humoroususername,1,0.0007,133942,94.4
11624,HungryBobo,1,0.0007,133943,94.4
11625,Hunigun,1,0.0007,133944,94.4
11626,HunkBear,1,0.0007,133945,94.4
11627,HunkFantasy,1,0.0007,133946,94.4
11628,Hunterxetylnas,1,0.0007,133947,94.4
11629,HurpaDurp,1,0.0007,133948,94.4
11630,HuyNguyen,1,0.0007,133949,94.4
11631,HydroEmperor,1,0.0007,133950,94.4
11632,Hyerest,1,0.0007,133951,94.4
11633,Hyjb6,1,0.0007,133952,94.41
11634,Hylomar,1,0.0007,133953,94.41
11635,Hyperailover,1,0.0007,133954,94.41
11636,ICreateAIStuff,1,0.0007,133955,94.41
11637,ID96,1,0.0007,133956,94.41
11638,IDKHaveSomeMen,1,0.0007,133957,94.41
11639,IDKwhatimdoing420,1,0.0007,133958,94.41
11640,IHuskyy,1,0.0007,133959,94.41
11641,IINESII,1,0.0007,133960,94.41
11642,ILoveBaraCocks,1,0.0007,133961,94.41
11643,IMORY,1,0.0007,133962,94.41
11644,INNOV8,1,0.0007,133963,94.41
11645,INVRSERA,1,0.0007,133964,94.41
11646,ISpeeder,1,0.0007,133965,94.41
11647,IZodiac17,1,0.0007,133966,94.42
11648,I_Am_LC,1,0.0007,133967,94.42
11649,I_Forgor,1,0.0007,133968,94.42
11650,I_like_Kissing_Boys,1,0.0007,133969,94.42
11651,IamJonny,1,0.0007,133970,94.42
11652,Iamserious,1,0.0007,133971,94.42
11653,Iativicness,1,0.0007,133972,94.42
11654,Ibarichan,1,0.0007,133973,94.42
11655,Icaxhu,1,0.0007,133974,94.42
11656,Ice4smaster,1,0.0007,133975,94.42
11657,IceLevian,1,0.0007,133976,94.42
11658,IcePunx,1,0.0007,133977,94.42
11659,Icey64,1,0.0007,133978,94.42
11660,Ichigatsu,1,0.0007,133979,94.42
11661,Idk1713,1,0.0007,133980,94.43
11662,Ieron89,1,0.0007,133981,94.43
11663,Ievio25,1,0.0007,133982,94.43
11664,IgotRabies,1,0.0007,133983,94.43
11665,Ihaka,1,0.0007,133984,94.43
11666,IllNoobis,1,0.0007,133985,94.43
11667,IllegalXavior,1,0.0007,133986,94.43
11668,Ilovepandafurries,1,0.0007,133987,94.43
11669,ImStillBored,1,0.0007,133988,94.43
11670,ImTheRealSam,1,0.0007,133989,94.43
11671,ImaNaughtyKitten,1,0.0007,133990,94.43
11672,Imaginary_Girl,1,0.0007,133991,94.43
11673,ImagineNothing,1,0.0007,133992,94.43
11674,Immortal_205,1,0.0007,133993,94.43
11675,Imperfecturns,1,0.0007,133994,94.44
11676,ImportantEgg23,1,0.0007,133995,94.44
11677,InFlagranteDelicto,1,0.0007,133996,94.44
11678,InVain1109,1,0.0007,133997,94.44
11679,Inactive_User,1,0.0007,133998,94.44
11680,Individualghost,1,0.0007,133999,94.44
11681,Ineedbara123,1,0.0007,134000,94.44
11682,InfiniteTsukyomi,1,0.0007,134001,94.44
11683,Infralise,1,0.0007,134002,94.44
11684,Ini_kyr,1,0.0007,134003,94.44
11685,Iniloth,1,0.0007,134004,94.44
11686,InkAndPaintClub,1,0.0007,134005,94.44
11687,Ink__,1,0.0007,134006,94.44
11688,Inmate4859,1,0.0007,134007,94.44
11689,Inner_Astronomer3185172,1,0.0007,134008,94.44
11690,InterHorse,1,0.0007,134009,94.45
11691,IntiArt,1,0.0007,134010,94.45
11692,Inu256,1,0.0007,134011,94.45
11693,Inuwanpi,1,0.0007,134012,94.45
11694,InvictusAI,1,0.0007,134013,94.45
11695,Inzaniak,1,0.0007,134014,94.45
11696,Iraizon,1,0.0007,134015,94.45
11697,Iraqp,1,0.0007,134016,94.45
11698,Irelia6,1,0.0007,134017,94.45
11699,IriaTG,1,0.0007,134018,94.45
11700,Irino,1,0.0007,134019,94.45
11701,IrishGypsy,1,0.0007,134020,94.45
11702,IronsInTheFire,1,0.0007,134021,94.45
11703,IsDracko25,1,0.0007,134022,94.45
11704,IsaT,1,0.0007,134023,94.46
11705,Isabelia,1,0.0007,134024,94.46
11706,IsekaiLanayaya,1,0.0007,134025,94.46
11707,IslandMan,1,0.0007,134026,94.46
11708,Isopropyl,1,0.0007,134027,94.46
11709,Isuzuzu,1,0.0007,134028,94.46
11710,ItachiYabachi,1,0.0007,134029,94.46
11711,Itakko,1,0.0007,134030,94.46
11712,Itbeyomom,1,0.0007,134031,94.46
11713,Ithlinni,1,0.0007,134032,94.46
11714,ItsMeBell,1,0.0007,134033,94.46
11715,Ivan0802,1,0.0007,134034,94.46
11716,Izalipht,1,0.0007,134035,94.46
11717,Izanagi_Yamato,1,0.0007,134036,94.46
11718,JAGER264,1,0.0007,134037,94.47
11719,JANG70,1,0.0007,134038,94.47
11720,JAYBANK,1,0.0007,134039,94.47
11721,JB25CM,1,0.0007,134040,94.47
11722,JCSoto,1,0.0007,134041,94.47
11723,JD906,1,0.0007,134042,94.47
11724,JENRIU,1,0.0007,134043,94.47
11725,JEmaru,1,0.0007,134044,94.47
11726,JEstacado,1,0.0007,134045,94.47
11727,JGD808,1,0.0007,134046,94.47
11728,JHU48,1,0.0007,134047,94.47
11729,JIngGGYIIII,1,0.0007,134048,94.47
11730,JJ7589,1,0.0007,134049,94.47
11731,JJacobJ,1,0.0007,134050,94.47
11732,JLFOComs,1,0.0007,134051,94.48
11733,JLPAP,1,0.0007,134052,94.48
11734,JPAnimeDiffusion,1,0.0007,134053,94.48
11735,JRay2023,1,0.0007,134054,94.48
11736,JSNM_l,1,0.0007,134055,94.48
11737,JTLegends,1,0.0007,134056,94.48
11738,JTestR,1,0.0007,134057,94.48
11739,JYdeK,1,0.0007,134058,94.48
11740,J_Dark,1,0.0007,134059,94.48
11741,J_kmam,1,0.0007,134060,94.48
11742,Jaakkosaari,1,0.0007,134061,94.48
11743,Jacepowers,1,0.0007,134062,94.48
11744,Jachll,1,0.0007,134063,94.48
11745,JackSiren,1,0.0007,134064,94.48
11746,Jackscumdump,1,0.0007,134065,94.49
11747,Jacky78u8,1,0.0007,134066,94.49
11748,Jadoen09,1,0.0007,134067,94.49
11749,Jagaimotolom,1,0.0007,134068,94.49
11750,Jaimie1094,1,0.0007,134069,94.49
11751,Jaimiee,1,0.0007,134070,94.49
11752,JakeFritzsching,1,0.0007,134071,94.49
11753,Jamalunba,1,0.0007,134072,94.49
11754,JamesPhillip,1,0.0007,134073,94.49
11755,James_Dirth,1,0.0007,134074,94.49
11756,JamexX90,1,0.0007,134075,94.49
11757,Jamhand,1,0.0007,134076,94.49
11758,Jan909,1,0.0007,134077,94.49
11759,JanePic,1,0.0007,134078,94.49
11760,Janokan,1,0.0007,134079,94.5
11761,JaqueTurk,1,0.0007,134080,94.5
11762,Jarcis,1,0.0007,134081,94.5
11763,JarodVon,1,0.0007,134082,94.5
11764,Jasbo222,1,0.0007,134083,94.5
11765,JasonFrom518,1,0.0007,134084,94.5
11766,Jasu_7,1,0.0007,134085,94.5
11767,Jaxwells,1,0.0007,134086,94.5
11768,Jay4d,1,0.0007,134087,94.5
11769,JayHuang_AIGC,1,0.0007,134088,94.5
11770,JayZ2015,1,0.0007,134089,94.5
11771,JayZen,1,0.0007,134090,94.5
11772,JayZhan,1,0.0007,134091,94.5
11773,Jaybok,1,0.0007,134092,94.5
11774,Jazzhands21369,1,0.0007,134093,94.5
11775,Jberry,1,0.0007,134094,94.51
11776,Jboticus,1,0.0007,134095,94.51
11777,JeSuisGroomed909,1,0.0007,134096,94.51
11778,JebediahKerman,1,0.0007,134097,94.51
11779,JedediahJ,1,0.0007,134098,94.51
11780,JeeFJ,1,0.0007,134099,94.51
11781,Jefemaestro2,1,0.0007,134100,94.51
11782,Jefferson420,1,0.0007,134101,94.51
11783,Jeitorrent,1,0.0007,134102,94.51
11784,Jekal,1,0.0007,134103,94.51
11785,Jello_Mayo,1,0.0007,134104,94.51
11786,Jen8,1,0.0007,134105,94.51
11787,Jeromejellyfish,1,0.0007,134106,94.51
11788,Jessy_Hollywood,1,0.0007,134107,94.51
11789,JetlistiC,1,0.0007,134108,94.52
11790,Jexom,1,0.0007,134109,94.52
11791,JezHusky,1,0.0007,134110,94.52
11792,JhonBean,1,0.0007,134111,94.52
11793,Jhonana,1,0.0007,134112,94.52
11794,Jiggle_lover,1,0.0007,134113,94.52
11795,Jijipngs,1,0.0007,134114,94.52
11796,Jillanas,1,0.0007,134115,94.52
11797,JimTheKing,1,0.0007,134116,94.52
11798,Jimboone,1,0.0007,134117,94.52
11799,Jimco,1,0.0007,134118,94.52
11800,Jimmy360,1,0.0007,134119,94.52
11801,JimmyBinkins,1,0.0007,134120,94.52
11802,Jimmythetim291,1,0.0007,134121,94.52
11803,JincoBinks,1,0.0007,134122,94.53
11804,Jinxjunx,1,0.0007,134123,94.53
11805,Jjj894130,1,0.0007,134124,94.53
11806,Jjjaunts,1,0.0007,134125,94.53
11807,Jjjp,1,0.0007,134126,94.53
11808,Jjjytttte,1,0.0007,134127,94.53
11809,Jmulls34_71237,1,0.0007,134128,94.53
11810,Joachim508,1,0.0007,134129,94.53
11811,Joartes,1,0.0007,134130,94.53
11812,Joe375,1,0.0007,134131,94.53
11813,JoeJoe767,1,0.0007,134132,94.53
11814,Joegrithesime,1,0.0007,134133,94.53
11815,JohnCena4000,1,0.0007,134134,94.53
11816,JohnDoe2000,1,0.0007,134135,94.53
11817,JohnDoeSD,1,0.0007,134136,94.54
11818,JohnMorgan457,1,0.0007,134137,94.54
11819,JohnTheMon,1,0.0007,134138,94.54
11820,JohnWickRambo,1,0.0007,134139,94.54
11821,John_KSampler,1,0.0007,134140,94.54
11822,JohnyCage,1,0.0007,134141,94.54
11823,Johnysmith,1,0.0007,134142,94.54
11824,Joji_visiora,1,0.0007,134143,94.54
11825,Jojo9999,1,0.0007,134144,94.54
11826,JokerNC,1,0.0007,134145,94.54
11827,Jokero3answer,1,0.0007,134146,94.54
11828,Jokes68,1,0.0007,134147,94.54
11829,Jokey124,1,0.0007,134148,94.54
11830,JollyJPEGs,1,0.0007,134149,94.54
11831,Jolly_Macarroni,1,0.0007,134150,94.55
11832,Jompaman,1,0.0007,134151,94.55
11833,Jonika,1,0.0007,134152,94.55
11834,Jonsie,1,0.0007,134153,94.55
11835,Jonyslony,1,0.0007,134154,94.55
11836,Joppa_bobra,1,0.0007,134155,94.55
11837,JorgeNaballo,1,0.0007,134156,94.55
11838,JorgeReis,1,0.0007,134157,94.55
11839,Jossop,1,0.0007,134158,94.55
11840,Jotaverd,1,0.0007,134159,94.55
11841,JouTheChou,1,0.0007,134160,94.55
11842,JoyDopamine,1,0.0007,134161,94.55
11843,Jppi,1,0.0007,134162,94.55
11844,Juan9923,1,0.0007,134163,94.55
11845,Juangenerator23,1,0.0007,134164,94.55
11846,Juggsforfun86,1,0.0007,134165,94.56
11847,JuguitoPro11,1,0.0007,134166,94.56
11848,JulieDeane,1,0.0007,134167,94.56
11849,Jumboxboobs,1,0.0007,134168,94.56
11850,JunkerLady,1,0.0007,134169,94.56
11851,Junkeroo,1,0.0007,134170,94.56
11852,Junkman89,1,0.0007,134171,94.56
11853,Jupiter97,1,0.0007,134172,94.56
11854,JustACoomer,1,0.0007,134173,94.56
11855,JustAHumbleUser,1,0.0007,134174,94.56
11856,JustAguy1738,1,0.0007,134175,94.56
11857,JustAnotherAnon,1,0.0007,134176,94.56
11858,JustAnotherSquirrel,1,0.0007,134177,94.56
11859,JustBarry,1,0.0007,134178,94.56
11860,JustCoolMan,1,0.0007,134179,94.57
11861,JustFart,1,0.0007,134180,94.57
11862,JustRandomUsername21,1,0.0007,134181,94.57
11863,Just_a_random_dude,1,0.0007,134182,94.57
11864,Just_forFun,1,0.0007,134183,94.57
11865,Justarandomlizard1999,1,0.0007,134184,94.57
11866,Justblowsmoke,1,0.0007,134185,94.57
11867,Justforfun1234,1,0.0007,134186,94.57
11868,Justsaysasha,1,0.0007,134187,94.57
11869,Justsomeguy387,1,0.0007,134188,94.57
11870,JuxJux,1,0.0007,134189,94.57
11871,JynnTheFox,1,0.0007,134190,94.57
11872,K15514,1,0.0007,134191,94.57
11873,K9_Fur,1,0.0007,134192,94.57
11874,KALA17,1,0.0007,134193,94.58
11875,KANNON,1,0.0007,134194,94.58
11876,KAU,1,0.0007,134195,94.58
11877,KBI,1,0.0007,134196,94.58
11878,KJsTurret,1,0.0007,134197,94.58
11879,KKozy,1,0.0007,134198,94.58
11880,KOKONA99,1,0.0007,134199,94.58
11881,KO_hot_master,1,0.0007,134200,94.58
11882,KPS_90s,1,0.0007,134201,94.58
11883,KRPL0321,1,0.0007,134202,94.58
11884,KSF,1,0.0007,134203,94.58
11885,KUR0MISSSLAY,1,0.0007,134204,94.58
11886,KXRO,1,0.0007,134205,94.58
11887,KXVR,1,0.0007,134206,94.58
11888,K_DAI,1,0.0007,134207,94.59
11889,Kaalyne,1,0.0007,134208,94.59
11890,Kadesfantasy,1,0.0007,134209,94.59
11891,KaeTekk,1,0.0007,134210,94.59
11892,Kaiba_Zax165,1,0.0007,134211,94.59
11893,Kaiden_Quinart,1,0.0007,134212,94.59
11894,Kaijitrouder,1,0.0007,134213,94.59
11895,Kain92z,1,0.0007,134214,94.59
11896,Kaira,1,0.0007,134215,94.59
11897,Kairen92,1,0.0007,134216,94.59
11898,Kairoskai,1,0.0007,134217,94.59
11899,Kaisa_sk,1,0.0007,134218,94.59
11900,Kaiserblut,1,0.0007,134219,94.59
11901,Kaisquirtlet,1,0.0007,134220,94.59
11902,Kaiss,1,0.0007,134221,94.6
11903,KaitoSen,1,0.0007,134222,94.6
11904,KaizerFranz,1,0.0007,134223,94.6
11905,Kaizeron,1,0.0007,134224,94.6
11906,Kaizoku56,1,0.0007,134225,94.6
11907,Kalagod,1,0.0007,134226,94.6
11908,Kalaster,1,0.0007,134227,94.6
11909,KaliKitty,1,0.0007,134228,94.6
11910,Kalree,1,0.0007,134229,94.6
11911,Kaltag1049,1,0.0007,134230,94.6
11912,Kalter,1,0.0007,134231,94.6
11913,Kamakawa11,1,0.0007,134232,94.6
11914,Kaman01,1,0.0007,134233,94.6
11915,Kamen_shaper,1,0.0007,134234,94.6
11916,Kantursky,1,0.0007,134235,94.6
11917,Kappa1,1,0.0007,134236,94.61
11918,Kapqoqjjqbq,1,0.0007,134237,94.61
11919,Kapuch,1,0.0007,134238,94.61
11920,Karalexia,1,0.0007,134239,94.61
11921,KarenKatphish1995,1,0.0007,134240,94.61
11922,Kartist05,1,0.0007,134241,94.61
11923,Karuban_OnionPH,1,0.0007,134242,94.61
11924,Karurawolf,1,0.0007,134243,94.61
11925,KasOhNo,1,0.0007,134244,94.61
11926,Kasiejones31,1,0.0007,134245,94.61
11927,Kasper369,1,0.0007,134246,94.61
11928,Kataplas,1,0.0007,134247,94.61
11929,Katicus,1,0.0007,134248,94.61
11930,KatonProd,1,0.0007,134249,94.61
11931,KatrinaDragon,1,0.0007,134250,94.62
11932,Katsumi99,1,0.0007,134251,94.62
11933,KatzeKat,1,0.0007,134252,94.62
11934,Kaviticus,1,0.0007,134253,94.62
11935,Kavka,1,0.0007,134254,94.62
11936,Kaw,1,0.0007,134255,94.62
11937,Kaylessa,1,0.0007,134256,94.62
11938,Kayot,1,0.0007,134257,94.62
11939,Kazemura,1,0.0007,134258,94.62
11940,KazumaAqua05,1,0.0007,134259,94.62
11941,Kcad_sps,1,0.0007,134260,94.62
11942,Kdramalover21,1,0.0007,134261,94.62
11943,Keilo_AI,1,0.0007,134262,94.62
11944,Kekificus,1,0.0007,134263,94.62
11945,Kekkus,1,0.0007,134264,94.63
11946,Kekstar,1,0.0007,134265,94.63
11947,Kelko2678,1,0.0007,134266,94.63
11948,KemoParadise,1,0.0007,134267,94.63
11949,Kemowolf,1,0.0007,134268,94.63
11950,Kengiro,1,0.0007,134269,94.63
11951,Kenichi001,1,0.0007,134270,94.63
11952,Kenjisan,1,0.0007,134271,94.63
11953,Kenjo,1,0.0007,134272,94.63
11954,Kenzc2001,1,0.0007,134273,94.63
11955,Kenzienay,1,0.0007,134274,94.63
11956,Kerata,1,0.0007,134275,94.63
11957,Kerivak,1,0.0007,134276,94.63
11958,Kesss_,1,0.0007,134277,94.63
11959,Kevintrani,1,0.0007,134278,94.64
11960,Kevlar744,1,0.0007,134279,94.64
11961,Keyaladron,1,0.0007,134280,94.64
11962,Keysoffate,1,0.0007,134281,94.64
11963,KhPV,1,0.0007,134282,94.64
11964,Khr0n0s,1,0.0007,134283,94.64
11965,KiLun,1,0.0007,134284,94.64
11966,Kicurej,1,0.0007,134285,94.64
11967,Kiefels,1,0.0007,134286,94.64
11968,Kiefstorm,1,0.0007,134287,94.64
11969,KikunuYukio257,1,0.0007,134288,94.64
11970,Killby,1,0.0007,134289,94.64
11971,Kim2023,1,0.0007,134290,94.64
11972,KimKon203,1,0.0007,134291,94.64
11973,KimberliteX,1,0.0007,134292,94.65
11974,Kimflorette,1,0.0007,134293,94.65
11975,KimochiDesu,1,0.0007,134294,94.65
11976,KingClassified,1,0.0007,134295,94.65
11977,KingFuRong,1,0.0007,134296,94.65
11978,KingLotus,1,0.0007,134297,94.65
11979,KingdomOfJokers,1,0.0007,134298,94.65
11980,Kingharem,1,0.0007,134299,94.65
11981,Kingsman917,1,0.0007,134300,94.65
11982,Kinkywaterhose,1,0.0007,134301,94.65
11983,Kira69,1,0.0007,134302,94.65
11984,Kirin_Fucker,1,0.0007,134303,94.65
11985,Kiriri4,1,0.0007,134304,94.65
11986,Kiriya_Kuroshi,1,0.0007,134305,94.65
11987,KiroT,1,0.0007,134306,94.66
11988,KisamAI,1,0.0007,134307,94.66
11989,Kitototo,1,0.0007,134308,94.66
11990,KitsuneGold,1,0.0007,134309,94.66
11991,KittenFabian,1,0.0007,134310,94.66
11992,Kiwibird84,1,0.0007,134311,94.66
11993,Kizirugai,1,0.0007,134312,94.66
11994,Kjvc,1,0.0007,134313,94.66
11995,Kkkkonshu,1,0.0007,134314,94.66
11996,Klarwasser,1,0.0007,134315,94.66
11997,Klash123,1,0.0007,134316,94.66
11998,KleviyParen,1,0.0007,134317,94.66
11999,Klimpen53,1,0.0007,134318,94.66
12000,Klokinator,1,0.0007,134319,94.66
12001,Klueless,1,0.0007,134320,94.66
12002,Klukalu,1,0.0007,134321,94.67
12003,Knightsx,1,0.0007,134322,94.67
12004,KnottySergal,1,0.0007,134323,94.67
12005,Ko_Mcko,1,0.0007,134324,94.67
12006,Koblein,1,0.0007,134325,94.67
12007,KoboldGlow,1,0.0007,134326,94.67
12008,Kodokuna,1,0.0007,134327,94.67
12009,Kohakuk,1,0.0007,134328,94.67
12010,Kokoboy,1,0.0007,134329,94.67
12011,Kollonel,1,0.0007,134330,94.67
12012,Komorebi_Arts,1,0.0007,134331,94.67
12013,Kon2hai,1,0.0007,134332,94.67
12014,Kongo_Chan,1,0.0007,134333,94.67
12015,KonoTheSavage1902,1,0.0007,134334,94.67
12016,Konrad52,1,0.0007,134335,94.68
12017,Konstantin430,1,0.0007,134336,94.68
12018,Koolchh,1,0.0007,134337,94.68
12019,Kootvaw,1,0.0007,134338,94.68
12020,Kormick123,1,0.0007,134339,94.68
12021,Kornah,1,0.0007,134340,94.68
12022,KotE_2345,1,0.0007,134341,94.68
12023,Kou_not_eng_ant,1,0.0007,134342,94.68
12024,KoujiAI,1,0.0007,134343,94.68
12025,KoumeEnjoyer,1,0.0007,134344,94.68
12026,Kouno,1,0.0007,134345,94.68
12027,Kozmozb,1,0.0007,134346,94.68
12028,Kozuko,1,0.0007,134347,94.68
12029,KpopKitten,1,0.0007,134348,94.68
12030,Kraid3,1,0.0007,134349,94.69
12031,Krasnyy69,1,0.0007,134350,94.69
12032,KrautHe,1,0.0007,134351,94.69
12033,Kriston,1,0.0007,134352,94.69
12034,KroshkaLeeroy,1,0.0007,134353,94.69
12035,Krowa,1,0.0007,134354,94.69
12036,Kruxxes,1,0.0007,134355,94.69
12037,KruziikDovaAI,1,0.0007,134356,94.69
12038,Kryme11,1,0.0007,134357,94.69
12039,KrysStal,1,0.0007,134358,94.69
12040,KsubiiFan,1,0.0007,134359,94.69
12041,KugelblitzTA,1,0.0007,134360,94.69
12042,Kumbonara,1,0.0007,134361,94.69
12043,KumquatMcGee,1,0.0007,134362,94.69
12044,Kunka12345,1,0.0007,134363,94.7
12045,KuraiKofun,1,0.0007,134364,94.7
12046,Kuri264,1,0.0007,134365,94.7
12047,KuroRabbi,1,0.0007,134366,94.7
12048,Kuro_Seishin,1,0.0007,134367,94.7
12049,Kusherz,1,0.0007,134368,94.7
12050,KusoNeit,1,0.0007,134369,94.7
12051,Kutinana,1,0.0007,134370,94.7
12052,KvoRic,1,0.0007,134371,94.7
12053,Kwagatami,1,0.0007,134372,94.7
12054,KwalaBayre,1,0.0007,134373,94.7
12055,Kxlous,1,0.0007,134374,94.7
12056,Kyo_kusanagi_fan,1,0.0007,134375,94.7
12057,Kyoukaanon,1,0.0007,134376,94.7
12058,Kyphix,1,0.0007,134377,94.71
12059,Kyrzz,1,0.0007,134378,94.71
12060,Kyubi80,1,0.0007,134379,94.71
12061,Kyuhaku,1,0.0007,134380,94.71
12062,L3n4,1,0.0007,134381,94.71
12063,L3wd4Ever,1,0.0007,134382,94.71
12064,LAEZEL,1,0.0007,134383,94.71
12065,LAPINDLUNE,1,0.0007,134384,94.71
12066,LCLCLC1,1,0.0007,134385,94.71
12067,LEDINGQ,1,0.0007,134386,94.71
12068,LFBISBIVDKBISBOX,1,0.0007,134387,94.71
12069,LFPV,1,0.0007,134388,94.71
12070,LHSM,1,0.0007,134389,94.71
12071,LICAT,1,0.0007,134390,94.71
12072,LIXIAOXAO,1,0.0007,134391,94.71
12073,LLAKILLA,1,0.0007,134392,94.72
12074,LLMSherpa,1,0.0007,134393,94.72
12075,LMT5547,1,0.0007,134394,94.72
12076,LONGD,1,0.0007,134395,94.72
12077,LOREVER,1,0.0007,134396,94.72
12078,LOUISXING,1,0.0007,134397,94.72
12079,LTHinson,1,0.0007,134398,94.72
12080,LTI998,1,0.0007,134399,94.72
12081,LULUYuiyui666,1,0.0007,134400,94.72
12082,LUUNA,1,0.0007,134401,94.72
12083,LWAJF,1,0.0007,134402,94.72
12084,L_A_X,1,0.0007,134403,94.72
12085,LaFarmDame,1,0.0007,134404,94.72
12086,LaLoRAnda,1,0.0007,134405,94.72
12087,LaLune1,1,0.0007,134406,94.73
12088,La_Vie_est_Belle,1,0.0007,134407,94.73
12089,Laani77,1,0.0007,134408,94.73
12090,Laberneth,1,0.0007,134409,94.73
12091,Lacika1333,1,0.0007,134410,94.73
12092,LactoSource,1,0.0007,134411,94.73
12093,LadyAiya,1,0.0007,134412,94.73
12094,LadyMystra,1,0.0007,134413,94.73
12095,LagMental,1,0.0007,134414,94.73
12096,Lagopus,1,0.0007,134415,94.73
12097,LaiTAR,1,0.0007,134416,94.73
12098,Lain32_,1,0.0007,134417,94.73
12099,LakiPakki,1,0.0007,134418,94.73
12100,Lam_bd4,1,0.0007,134419,94.73
12101,Lanari,1,0.0007,134420,94.74
12102,Lara_De_Martin,1,0.0007,134421,94.74
12103,Larryssecondalt,1,0.0007,134422,94.74
12104,LatentHomie,1,0.0007,134423,94.74
12105,Latexi205,1,0.0007,134424,94.74
12106,Laura_s,1,0.0007,134425,94.74
12107,Lawrencemoullou971,1,0.0007,134426,94.74
12108,Laxus1992,1,0.0007,134427,94.74
12109,Layla_Wilde,1,0.0007,134428,94.74
12110,Laylaonaniya,1,0.0007,134429,94.74
12111,LayzyWasHere,1,0.0007,134430,94.74
12112,Lc8834,1,0.0007,134431,94.74
12113,Le_Angry_Dragon,1,0.0007,134432,94.74
12114,Le_Brutaliste,1,0.0007,134433,94.74
12115,LeaveNoSlutBehind,1,0.0007,134434,94.75
12116,Lebensgefahr,1,0.0007,134435,94.75
12117,Lee_Costa,1,0.0007,134436,94.75
12118,Leejaeg,1,0.0007,134437,94.75
12119,Leelbro99,1,0.0007,134438,94.75
12120,Leeleereeree,1,0.0007,134439,94.75
12121,LegacyUser,1,0.0007,134440,94.75
12122,LegendHeroM,1,0.0007,134441,94.75
12123,Legendaer,1,0.0007,134442,94.75
12124,Lejis,1,0.0007,134443,94.75
12125,LekMinorino,1,0.0007,134444,94.75
12126,Lembupossay97,1,0.0007,134445,94.75
12127,Lemillion,1,0.0007,134446,94.75
12128,Lemo86,1,0.0007,134447,94.75
12129,LemonPepper412,1,0.0007,134448,94.76
12130,LeoDragon,1,0.0007,134449,94.76
12131,LeoWArrick,1,0.0007,134450,94.76
12132,Leomsz,1,0.0007,134451,94.76
12133,Leopardstalker,1,0.0007,134452,94.76
12134,Leoweeii,1,0.0007,134453,94.76
12135,LeroyDreamer,1,0.0007,134454,94.76
12136,Lesingedemal,1,0.0007,134455,94.76
12137,LeskiSTL,1,0.0007,134456,94.76
12138,Lespleiades,1,0.0007,134457,94.76
12139,LevPat,1,0.0007,134458,94.76
12140,Levathar,1,0.0007,134459,94.76
12141,Leviathansarmory,1,0.0007,134460,94.76
12142,LewdBunn,1,0.0007,134461,94.76
12143,LewdChevalier,1,0.0007,134462,94.76
12144,LewdRocket,1,0.0007,134463,94.77
12145,LewdyBird,1,0.0007,134464,94.77
12146,Lexi_B,1,0.0007,134465,94.77
12147,Lexi_Sommer,1,0.0007,134466,94.77
12148,Lexx9482,1,0.0007,134467,94.77
12149,Leylin_F,1,0.0007,134468,94.77
12150,Light8283,1,0.0007,134469,94.77
12151,Lil_Wayne,1,0.0007,134470,94.77
12152,LilaLemonTree,1,0.0007,134471,94.77
12153,LilacHeart,1,0.0007,134472,94.77
12154,Lilgrumpypants,1,0.0007,134473,94.77
12155,LilitEquen,1,0.0007,134474,94.77
12156,LilithIvey01,1,0.0007,134475,94.77
12157,Lilithine,1,0.0007,134476,94.77
12158,Lillironi_88,1,0.0007,134477,94.78
12159,LillyDrama,1,0.0007,134478,94.78
12160,Lilpimp6969,1,0.0007,134479,94.78
12161,LilyZhou09070342,1,0.0007,134480,94.78
12162,Limerox,1,0.0007,134481,94.78
12163,LimitationsUndone,1,0.0007,134482,94.78
12164,Linachan,1,0.0007,134483,94.78
12165,Lindarrific,1,0.0007,134484,94.78
12166,Linglinger,1,0.0007,134485,94.78
12167,LinjayBit,1,0.0007,134486,94.78
12168,Linn4,1,0.0007,134487,94.78
12169,LionKing456,1,0.0007,134488,94.78
12170,Lion_Li,1,0.0007,134489,94.78
12171,Lionfreak77,1,0.0007,134490,94.78
12172,Lippy666,1,0.0007,134491,94.79
12173,Liqvior,1,0.0007,134492,94.79
12174,LiruRabbit,1,0.0007,134493,94.79
12175,Lishengshun666,1,0.0007,134494,94.79
12176,LittleChara,1,0.0007,134495,94.79
12177,LittleJoe4,1,0.0007,134496,94.79
12178,LittleLilyCat,1,0.0007,134497,94.79
12179,Little_Delta,1,0.0007,134498,94.79
12180,Little_Pumkink,1,0.0007,134499,94.79
12181,Littlehuggy,1,0.0007,134500,94.79
12182,Livia_AI,1,0.0007,134501,94.79
12183,LizArt9,1,0.0007,134502,94.79
12184,LizVicious,1,0.0007,134503,94.79
12185,LizaSterling,1,0.0007,134504,94.79
12186,Lizzieaddams,1,0.0007,134505,94.8
12187,Lk0355,1,0.0007,134506,94.8
12188,Lly122,1,0.0007,134507,94.8
12189,LoRaCreator,1,0.0007,134508,94.8
12190,LohengrinAI,1,0.0007,134509,94.8
12191,Loki1024,1,0.0007,134510,94.8
12192,Loky0000,1,0.0007,134511,94.8
12193,Lokyro,1,0.0007,134512,94.8
12194,LolaFlux,1,0.0007,134513,94.8
12195,LolaLoud2003,1,0.0007,134514,94.8
12196,Lolds,1,0.0007,134515,94.8
12197,Loli_pop,1,0.0007,134516,94.8
12198,Loliconxd,1,0.0007,134517,94.8
12199,LongDrive2025,1,0.0007,134518,94.8
12200,LooKinOFF,1,0.0007,134519,94.81
12201,Loong7,1,0.0007,134520,94.81
12202,LoraHunter,1,0.0007,134521,94.81
12203,LoraLab,1,0.0007,134522,94.81
12204,LoraLoad,1,0.0007,134523,94.81
12205,Lora_Craft,1,0.0007,134524,94.81
12206,LordBanji,1,0.0007,134525,94.81
12207,LordBlek,1,0.0007,134526,94.81
12208,LordCrane,1,0.0007,134527,94.81
12209,LordOtako,1,0.0007,134528,94.81
12210,LordVasueas,1,0.0007,134529,94.81
12211,Lord_Cabose,1,0.0007,134530,94.81
12212,Lordvolda13,1,0.0007,134531,94.81
12213,LorgDzen,1,0.0007,134532,94.81
12214,Lorichan,1,0.0007,134533,94.81
12215,LostIdeas,1,0.0007,134534,94.82
12216,Lost_Meteor,1,0.0007,134535,94.82
12217,Losyotos,1,0.0007,134536,94.82
12218,LouisLeee,1,0.0007,134537,94.82
12219,LouisLuo,1,0.0007,134538,94.82
12220,Louise_simp,1,0.0007,134539,94.82
12221,Loupyboy,1,0.0007,134540,94.82
12222,LoveAl1992,1,0.0007,134541,94.82
12223,LoveConjoined,1,0.0007,134542,94.82
12224,LoveRuv,1,0.0007,134543,94.82
12225,Loves2Splooge,1,0.0007,134544,94.82
12226,LowerYasxuo2206,1,0.0007,134545,94.82
12227,Lowfieldnote,1,0.0007,134546,94.82
12228,LowkeyLucc,1,0.0007,134547,94.82
12229,Lpria,1,0.0007,134548,94.83
12230,LtSharpe,1,0.0007,134549,94.83
12231,Lucasanderson77,1,0.0007,134550,94.83
12232,LuciSexy,1,0.0007,134551,94.83
12233,LucidMedia25,1,0.0007,134552,94.83
12234,Lucius00,1,0.0007,134553,94.83
12235,Lucky_Neko,1,0.0007,134554,94.83
12236,LuckyxRayne,1,0.0007,134555,94.83
12237,Lucy27828272,1,0.0007,134556,94.83
12238,Lucy_D,1,0.0007,134557,94.83
12239,LudwigRS,1,0.0007,134558,94.83
12240,LuisWolfe,1,0.0007,134559,94.83
12241,Lulouille,1,0.0007,134560,94.83
12242,Lumpes,1,0.0007,134561,94.83
12243,Lun4r_AI,1,0.0007,134562,94.84
12244,LunaNovaIA,1,0.0007,134563,94.84
12245,Lunar_69,1,0.0007,134564,94.84
12246,Lupin2003,1,0.0007,134565,94.84
12247,Lurulf,1,0.0007,134566,94.84
12248,LustC,1,0.0007,134567,94.84
12249,LustLensAI,1,0.0007,134568,94.84
12250,LustfulWhisper,1,0.0007,134569,94.84
12251,LuvStr1kN,1,0.0007,134570,94.84
12252,Luxaria,1,0.0007,134571,94.84
12253,LvNaTiC,1,0.0007,134572,94.84
12254,Lw24AI,1,0.0007,134573,94.84
12255,Lx_x,1,0.0007,134574,94.84
12256,LyricTheWolf,1,0.0007,134575,94.84
12257,Lyrilie,1,0.0007,134576,94.85
12258,LyzlL,1,0.0007,134577,94.85
12259,M3Ra,1,0.0007,134578,94.85
12260,M3ichan,1,0.0007,134579,94.85
12261,M4i_Red,1,0.0007,134580,94.85
12262,MAGIC_K,1,0.0007,134581,94.85
12263,MARSIA,1,0.0007,134582,94.85
12264,MASTERCIVI,1,0.0007,134583,94.85
12265,MAXMORD,1,0.0007,134584,94.85
12266,MBH,1,0.0007,134585,94.85
12267,MCLover,1,0.0007,134586,94.85
12268,MD5000,1,0.0007,134587,94.85
12269,MDetector5,1,0.0007,134588,94.85
12270,MEIPOT,1,0.0007,134589,94.85
12271,MIL0212,1,0.0007,134590,94.86
12272,MJRKillgore,1,0.0007,134591,94.86
12273,ML3,1,0.0007,134592,94.86
12274,MMIV,1,0.0007,134593,94.86
12275,MOJZ,1,0.0007,134594,94.86
12276,MOKAMOKA,1,0.0007,134595,94.86
12277,MOLOKOmilk,1,0.0007,134596,94.86
12278,MR_Doc_Dark87,1,0.0007,134597,94.86
12279,MSLeXo,1,0.0007,134598,94.86
12280,MTraces,1,0.0007,134599,94.86
12281,MYGG,1,0.0007,134600,94.86
12282,MaGmer,1,0.0007,134601,94.86
12283,Ma_Te,1,0.0007,134602,94.86
12284,Mabelini,1,0.0007,134603,94.86
12285,Mabusius,1,0.0007,134604,94.87
12286,Mac2284659,1,0.0007,134605,94.87
12287,MacklemoreEY,1,0.0007,134606,94.87
12288,MadKiwi,1,0.0007,134607,94.87
12289,MadMew,1,0.0007,134608,94.87
12290,MadTuneBK,1,0.0007,134609,94.87
12291,Mad_Arie,1,0.0007,134610,94.87
12292,Mad_Monkey,1,0.0007,134611,94.87
12293,Mad_Pony_Interactive,1,0.0007,134612,94.87
12294,Madanana,1,0.0007,134613,94.87
12295,Mafudarkz,1,0.0007,134614,94.87
12296,MagesMirage,1,0.0007,134615,94.87
12297,MaggotPie,1,0.0007,134616,94.87
12298,Magluak,1,0.0007,134617,94.87
12299,MagnuMan,1,0.0007,134618,94.87
12300,Magnu_s,1,0.0007,134619,94.88
12301,Magof,1,0.0007,134620,94.88
12302,MaironChist,1,0.0007,134621,94.88
12303,Maisman,1,0.0007,134622,94.88
12304,Majestic1975663,1,0.0007,134623,94.88
12305,Major11,1,0.0007,134624,94.88
12306,MajorBill,1,0.0007,134625,94.88
12307,MajorDiego,1,0.0007,134626,94.88
12308,MajorMari,1,0.0007,134627,94.88
12309,Makalandia,1,0.0007,134628,94.88
12310,MakeMD,1,0.0007,134629,94.88
12311,MakeStuffUp,1,0.0007,134630,94.88
12312,Mako16,1,0.0007,134631,94.88
12313,Makojun,1,0.0007,134632,94.88
12314,MakroTheArtist,1,0.0007,134633,94.89
12315,Malcontented_Maestro,1,0.0007,134634,94.89
12316,MaleOrgasm,1,0.0007,134635,94.89
12317,Malessar,1,0.0007,134636,94.89
12318,Malligo,1,0.0007,134637,94.89
12319,Mandiswallows,1,0.0007,134638,94.89
12320,MangekyoMove,1,0.0007,134639,94.89
12321,ManicHD,1,0.0007,134640,94.89
12322,Manoftheculture,1,0.0007,134641,94.89
12323,Manterr,1,0.0007,134642,94.89
12324,Manuel_fachero,1,0.0007,134643,94.89
12325,Mapotsyk,1,0.0007,134644,94.89
12326,MarAnnd,1,0.0007,134645,94.89
12327,Marader,1,0.0007,134646,94.89
12328,MarbleStove,1,0.0007,134647,94.9
12329,MarcosDesign,1,0.0007,134648,94.9
12330,Marethyu12,1,0.0007,134649,94.9
12331,MarinaLudenburg,1,0.0007,134650,94.9
12332,Marinette_DupainCheng,1,0.0007,134651,94.9
12333,Marionette_but_Puppet,1,0.0007,134652,94.9
12334,Mark_Arma,1,0.0007,134653,94.9
12335,Markkilleeee,1,0.0007,134654,94.9
12336,Marksouls12,1,0.0007,134655,94.9
12337,Marlicarmen10000,1,0.0007,134656,94.9
12338,Marserin,1,0.0007,134657,94.9
12339,MarsouKia,1,0.0007,134658,94.9
12340,Mashelani,1,0.0007,134659,94.9
12341,Mashka,1,0.0007,134660,94.9
12342,Masker223,1,0.0007,134661,94.91
12343,Massive_disapointment,1,0.0007,134662,94.91
12344,MasterOfPixel2,1,0.0007,134663,94.91
12345,MasterVH,1,0.0007,134664,94.91
12346,MasterXI_Selextra,1,0.0007,134665,94.91
12347,Master_Felix,1,0.0007,134666,94.91
12348,Master_Merlin,1,0.0007,134667,94.91
12349,Masterdebatur,1,0.0007,134668,94.91
12350,Matias21,1,0.0007,134669,94.91
12351,Maverous,1,0.0007,134670,94.91
12352,Mawnty,1,0.0007,134671,94.91
12353,Max_ART_AI,1,0.0007,134672,94.91
12354,Maxdune030,1,0.0007,134673,94.91
12355,Maximizer00,1,0.0007,134674,94.91
12356,MaxqSTAR,1,0.0007,134675,94.92
12357,Maxtelly77,1,0.0007,134676,94.92
12358,Maxxer,1,0.0007,134677,94.92
12359,MaxxesDeg,1,0.0007,134678,94.92
12360,MaxxieBun,1,0.0007,134679,94.92
12361,Mbyll,1,0.0007,134680,94.92
12362,McMoi,1,0.0007,134681,94.92
12363,McStarc,1,0.0007,134682,94.92
12364,Md_mind,1,0.0007,134683,94.92
12365,MeNiegolol,1,0.0007,134684,94.92
12366,Mechisto,1,0.0007,134685,94.92
12367,Megahalcon,1,0.0007,134686,94.92
12368,Megrim_Ai,1,0.0007,134687,94.92
12369,MeijaKat76,1,0.0007,134688,94.92
12370,Mekatron212,1,0.0007,134689,94.92
12371,MekhallixVoidcrystal,1,0.0007,134690,94.93
12372,Mekileth,1,0.0007,134691,94.93
12373,MelizaNeri,1,0.0007,134692,94.93
12374,MellowZH,1,0.0007,134693,94.93
12375,Melm7,1,0.0007,134694,94.93
12376,MemeboiMustang,1,0.0007,134695,94.93
12377,Meolin,1,0.0007,134696,94.93
12378,Meowmeowmeow21,1,0.0007,134697,94.93
12379,MerchantSlime,1,0.0007,134698,94.93
12380,Mercuryjane,1,0.0007,134699,94.93
12381,Merling_M,1,0.0007,134700,94.93
12382,MerrowDreamer,1,0.0007,134701,94.93
12383,Meru008,1,0.0007,134702,94.93
12384,MeshGil12,1,0.0007,134703,94.93
12385,Mestre_do_Tedio,1,0.0007,134704,94.94
12386,Meta_Void,1,0.0007,134705,94.94
12387,MetalKitty,1,0.0007,134706,94.94
12388,Metaleiser,1,0.0007,134707,94.94
12389,Metor666,1,0.0007,134708,94.94
12390,Mew101,1,0.0007,134709,94.94
12391,Mewmana,1,0.0007,134710,94.94
12392,Mexes,1,0.0007,134711,94.94
12393,Mfire,1,0.0007,134712,94.94
12394,Mfreak,1,0.0007,134713,94.94
12395,MiGetta,1,0.0007,134714,94.94
12396,Mia_Sarella,1,0.0007,134715,94.94
12397,Mialicious,1,0.0007,134716,94.94
12398,Micahala,1,0.0007,134717,94.94
12399,Micha24,1,0.0007,134718,94.95
12400,MichaelC168,1,0.0007,134719,94.95
12401,MichelleEngel23,1,0.0007,134720,94.95
12402,MicroUser,1,0.0007,134721,94.95
12403,MidasMizinski,1,0.0007,134722,94.95
12404,MidnightFire,1,0.0007,134723,94.95
12405,MidnightFolf,1,0.0007,134724,94.95
12406,MidnightMuseXXX,1,0.0007,134725,94.95
12407,MidoriyaDetroitSmash,1,0.0007,134726,94.95
12408,Migg0,1,0.0007,134727,94.95
12409,MiguDayo,1,0.0007,134728,94.95
12410,MigueLnc,1,0.0007,134729,94.95
12411,Miguel45,1,0.0007,134730,94.95
12412,Miguel97729,1,0.0007,134731,94.95
12413,Mike8453,1,0.0007,134732,94.96
12414,Mike___misaka,1,0.0007,134733,94.96
12415,MikhaelAI,1,0.0007,134734,94.96
12416,MikuClaus,1,0.0007,134735,94.96
12417,Miles_Cum,1,0.0007,134736,94.96
12418,Milessa_Aigen,1,0.0007,134737,94.96
12419,Milfbhabhi,1,0.0007,134738,94.96
12420,MiliTech,1,0.0007,134739,94.96
12421,Milieu,1,0.0007,134740,94.96
12422,MilioAI,1,0.0007,134741,94.96
12423,Milkedtoast,1,0.0007,134742,94.96
12424,MillennialJesus,1,0.0007,134743,94.96
12425,MillyObouldra,1,0.0007,134744,94.96
12426,Mimiccolor,1,0.0007,134745,94.96
12427,Mimikyu098,1,0.0007,134746,94.97
12428,Mindor,1,0.0007,134747,94.97
12429,Mindspat,1,0.0007,134748,94.97
12430,MineSKY95,1,0.0007,134749,94.97
12431,Mine_Crafter,1,0.0007,134750,94.97
12432,MingFengye,1,0.0007,134751,94.97
12433,Mingo756,1,0.0007,134752,94.97
12434,Mintymouse,1,0.0007,134753,94.97
12435,MiraBelle666,1,0.0007,134754,94.97
12436,Miraa05,1,0.0007,134755,94.97
12437,Mireamond,1,0.0007,134756,94.97
12438,MiriamAImaker,1,0.0007,134757,94.97
12439,Misa228,1,0.0007,134758,94.97
12440,Misako_Maimus,1,0.0007,134759,94.97
12441,MiserableWinter,1,0.0007,134760,94.97
12442,Miss1ideal,1,0.0007,134761,94.98
12443,MissAIKa,1,0.0007,134762,94.98
12444,MissAmeliaE,1,0.0007,134763,94.98
12445,MissAprilBliss,1,0.0007,134764,94.98
12446,MissManagement,1,0.0007,134765,94.98
12447,Miss_Broadside,1,0.0007,134766,94.98
12448,Missya,1,0.0007,134767,94.98
12449,MisterGuibs,1,0.0007,134768,94.98
12450,MisterMister1111,1,0.0007,134769,94.98
12451,MisterPunisher007,1,0.0007,134770,94.98
12452,Mister_Midlyfe,1,0.0007,134771,94.98
12453,MisterrM,1,0.0007,134772,94.98
12454,Mistplayu2,1,0.0007,134773,94.98
12455,MistressWhiteMoon,1,0.0007,134774,94.98
12456,Mithel,1,0.0007,134775,94.99
12457,Mittumaari,1,0.0007,134776,94.99
12458,Mixarar,1,0.0007,134777,94.99
12459,Miyabistan,1,0.0007,134778,94.99
12460,Miyu__,1,0.0007,134779,94.99
12461,Miyuutsu,1,0.0007,134780,94.99
12462,MizarAiArt,1,0.0007,134781,94.99
12463,Mizucosplayer,1,0.0007,134782,94.99
12464,Mmmarks,1,0.0007,134783,94.99
12465,MngYou,1,0.0007,134784,94.99
12466,Mnzotino,1,0.0007,134785,94.99
12467,MoFoxxies,1,0.0007,134786,94.99
12468,Moaiman69,1,0.0007,134787,94.99
12469,Mob_Mobs,1,0.0007,134788,94.99
12470,MoeYue,1,0.0007,134789,95.0
12471,MoelleBulgur,1,0.0007,134790,95.0
12472,Moeyy,1,0.0007,134791,95.0
12473,MoiMoiNom,1,0.0007,134792,95.0
12474,MoistDD,1,0.0007,134793,95.0
12475,MomboSpook,1,0.0007,134794,95.0
12476,Momokyai,1,0.0007,134795,95.0
12477,Momonsslin,1,0.0007,134796,95.0
12478,Momorito,1,0.0007,134797,95.0
12479,Momport,1,0.0007,134798,95.0
12480,Moniika,1,0.0007,134799,95.0
12481,Monjib,1,0.0007,134800,95.0
12482,MonkeyForever,1,0.0007,134801,95.0
12483,Monobot,1,0.0007,134802,95.0
12484,Monsieur_Robot,1,0.0007,134803,95.01
12485,Monsoon_Of_Memes,1,0.0007,134804,95.01
12486,Montaph,1,0.0007,134805,95.01
12487,Month,1,0.0007,134806,95.01
12488,Moody_Bullz,1,0.0007,134807,95.01
12489,Moodymoddy1789,1,0.0007,134808,95.01
12490,Moon_Light,1,0.0007,134809,95.01
12491,Moonbear_AIArt,1,0.0007,134810,95.01
12492,Moonlight572,1,0.0007,134811,95.01
12493,MoonlitDreamer,1,0.0007,134812,95.01
12494,MoonlitOracle,1,0.0007,134813,95.01
12495,Moonwolf56,1,0.0007,134814,95.01
12496,MoreGourds,1,0.0007,134815,95.01
12497,MorganSchikyle,1,0.0007,134816,95.01
12498,Mori_P,1,0.0007,134817,95.02
12499,Morikaithor,1,0.0007,134818,95.02
12500,Morken,1,0.0007,134819,95.02
12501,Morlo36058,1,0.0007,134820,95.02
12502,Mormegil22,1,0.0007,134821,95.02
12503,Morpheus_Dream,1,0.0007,134822,95.02
12504,Morpheuxz,1,0.0007,134823,95.02
12505,Morsleeb,1,0.0007,134824,95.02
12506,MortimerCampoSantos,1,0.0007,134825,95.02
12507,Mortred2020,1,0.0007,134826,95.02
12508,Morysso,1,0.0007,134827,95.02
12509,MossyToes,1,0.0007,134828,95.02
12510,Most_Hated,1,0.0007,134829,95.02
12511,MothestMoth,1,0.0007,134830,95.02
12512,MoutainKing,1,0.0007,134831,95.03
12513,Moux,1,0.0007,134832,95.03
12514,Mowflin,1,0.0007,134833,95.03
12515,MozhanXIII,1,0.0007,134834,95.03
12516,MqMqSaku,1,0.0007,134835,95.03
12517,Mr1Wolf4A,1,0.0007,134836,95.03
12518,MrAinz,1,0.0007,134837,95.03
12519,MrCasual,1,0.0007,134838,95.03
12520,MrCharming1138,1,0.0007,134839,95.03
12521,MrChow,1,0.0007,134840,95.03
12522,MrCluckYou,1,0.0007,134841,95.03
12523,MrCompress,1,0.0007,134842,95.03
12524,MrFlibble,1,0.0007,134843,95.03
12525,MrFoxSecret,1,0.0007,134844,95.03
12526,MrGiran,1,0.0007,134845,95.03
12527,MrJohn007,1,0.0007,134846,95.04
12528,MrLuigi83,1,0.0007,134847,95.04
12529,MrMakala,1,0.0007,134848,95.04
12530,MrMoneyMan,1,0.0007,134849,95.04
12531,MrNSFW,1,0.0007,134850,95.04
12532,MrNeko,1,0.0007,134851,95.04
12533,MrNorfin,1,0.0007,134852,95.04
12534,MrOneTwoThree,1,0.0007,134853,95.04
12535,MrScalie,1,0.0007,134854,95.04
12536,MrWise105,1,0.0007,134855,95.04
12537,MrWolful,1,0.0007,134856,95.04
12538,MrZap,1,0.0007,134857,95.04
12539,Mr_Fox,1,0.0007,134858,95.04
12540,Mr_LuNaTiK,1,0.0007,134859,95.04
12541,Mr_Torch,1,0.0007,134860,95.05
12542,Mr_Yakuza,1,0.0007,134861,95.05
12543,Mr_fries1111,1,0.0007,134862,95.05
12544,Mr_green,1,0.0007,134863,95.05
12545,Mrblind,1,0.0007,134864,95.05
12546,Mrkasix,1,0.0007,134865,95.05
12547,Mrmarvelous413,1,0.0007,134866,95.05
12548,Mrnobodyy,1,0.0007,134867,95.05
12549,MrsLo,1,0.0007,134868,95.05
12550,MrsYeet,1,0.0007,134869,95.05
12551,Mrsatan61890,1,0.0007,134870,95.05
12552,Mrskel4,1,0.0007,134871,95.05
12553,Msnugent,1,0.0007,134872,95.05
12554,MuYuMa,1,0.0007,134873,95.05
12555,MukbangSenpai,1,0.0007,134874,95.06
12556,Multi89,1,0.0007,134875,95.06
12557,Mundogoingthere,1,0.0007,134876,95.06
12558,Munks,1,0.0007,134877,95.06
12559,Murex90707,1,0.0007,134878,95.06
12560,MurnoS,1,0.0007,134879,95.06
12561,MuscleBros,1,0.0007,134880,95.06
12562,Muscle_gay,1,0.0007,134881,95.06
12563,Mustang1969,1,0.0007,134882,95.06
12564,Mux_cin,1,0.0007,134883,95.06
12565,MyNameIsThis,1,0.0007,134884,95.06
12566,MyRho,1,0.0007,134885,95.06
12567,MyaSturbate,1,0.0007,134886,95.06
12568,Mygara,1,0.0007,134887,95.06
12569,MysteriousMetro,1,0.0007,134888,95.07
12570,MysticDragoness,1,0.0007,134889,95.07
12571,MysticFrostwind,1,0.0007,134890,95.07
12572,Mysticup,1,0.0007,134891,95.07
12573,Myth0s,1,0.0007,134892,95.07
12574,Myth1c,1,0.0007,134893,95.07
12575,Mzp101,1,0.0007,134894,95.07
12576,N0xi0us,1,0.0007,134895,95.07
12577,N1nny,1,0.0007,134896,95.07
12578,N3kor0,1,0.0007,134897,95.07
12579,N3uralN3rd,1,0.0007,134898,95.07
12580,NAMIXINI,1,0.0007,134899,95.07
12581,NANA_MILFS,1,0.0007,134900,95.07
12582,NAYWAY,1,0.0007,134901,95.07
12583,NAZO_AI,1,0.0007,134902,95.08
12584,ND97,1,0.0007,134903,95.08
12585,NEETHiki,1,0.0007,134904,95.08
12586,NEO_The_Neon_OC_Creator,1,0.0007,134905,95.08
12587,NEWAIBOT,1,0.0007,134906,95.08
12588,NFAH,1,0.0007,134907,95.08
12589,NKZR,1,0.0007,134908,95.08
12590,NOMADICK67,1,0.0007,134909,95.08
12591,NSFWRobot,1,0.0007,134910,95.08
12592,NSFWTemptation,1,0.0007,134911,95.08
12593,NSFW_Nekoo,1,0.0007,134912,95.08
12594,NaClO_74,1,0.0007,134913,95.08
12595,NaftNite,1,0.0007,134914,95.08
12596,Nai23,1,0.0007,134915,95.08
12597,NaiXD,1,0.0007,134916,95.08
12598,Nakorei,1,0.0007,134917,95.09
12599,Nalgotica,1,0.0007,134918,95.09
12600,Namagashi,1,0.0007,134919,95.09
12601,Name100,1,0.0007,134920,95.09
12602,Namichang,1,0.0007,134921,95.09
12603,NanakaFan69,1,0.0007,134922,95.09
12604,Nanman,1,0.0007,134923,95.09
12605,Naofuyi,1,0.0007,134924,95.09
12606,Naoshibl,1,0.0007,134925,95.09
12607,Narrlequin,1,0.0007,134926,95.09
12608,Nashiyo42,1,0.0007,134927,95.09
12609,Nasmi,1,0.0007,134928,95.09
12610,Nastai,1,0.0007,134929,95.09
12611,NatKatLuv,1,0.0007,134930,95.09
12612,Natcherriesx,1,0.0007,134931,95.1
12613,NateArtz,1,0.0007,134932,95.1
12614,NateRobinson,1,0.0007,134933,95.1
12615,Nathaniel_Essex,1,0.0007,134934,95.1
12616,Naughty_Cleo,1,0.0007,134935,95.1
12617,Nautilius,1,0.0007,134936,95.1
12618,NaviVoid,1,0.0007,134937,95.1
12619,Nc_Zeven,1,0.0007,134938,95.1
12620,Necrobot,1,0.0007,134939,95.1
12621,NeedleSeeker,1,0.0007,134940,95.1
12622,Needlessone,1,0.0007,134941,95.1
12623,Neeoo,1,0.0007,134942,95.1
12624,Neetee,1,0.0007,134943,95.1
12625,Negan454,1,0.0007,134944,95.1
12626,Neiroman,1,0.0007,134945,95.11
12627,Nejkem,1,0.0007,134946,95.11
12628,NekoSakamoto,1,0.0007,134947,95.11
12629,Nekouda,1,0.0007,134948,95.11
12630,Nelimee,1,0.0007,134949,95.11
12631,NemZingle,1,0.0007,134950,95.11
12632,NeoPygmalion,1,0.0007,134951,95.11
12633,Neo_Acer,1,0.0007,134952,95.11
12634,Neodede,1,0.0007,134953,95.11
12635,Neohack,1,0.0007,134954,95.11
12636,Neolud,1,0.0007,134955,95.11
12637,Nep,1,0.0007,134956,95.11
12638,NerdyUser,1,0.0007,134957,95.11
12639,NeroEmperor,1,0.0007,134958,95.11
12640,Nertophile,1,0.0007,134959,95.12
12641,NeuralArtist,1,0.0007,134960,95.12
12642,Neuropanasty,1,0.0007,134961,95.12
12643,NeverFrost,1,0.0007,134962,95.12
12644,NeverGoon,1,0.0007,134963,95.12
12645,Newbie226,1,0.0007,134964,95.12
12646,Newsy,1,0.0007,134965,95.12
12647,Nexgen,1,0.0007,134966,95.12
12648,NexusCranium,1,0.0007,134967,95.12
12649,NexusPurge,1,0.0007,134968,95.12
12650,Neyhey,1,0.0007,134969,95.12
12651,Nezill,1,0.0007,134970,95.12
12652,Niachang,1,0.0007,134971,95.12
12653,Niboo,1,0.0007,134972,95.12
12654,Niccole,1,0.0007,134973,95.13
12655,Nick34,1,0.0007,134974,95.13
12656,Nickoteen,1,0.0007,134975,95.13
12657,Nidhoggultra,1,0.0007,134976,95.13
12658,NightMareDragonsRevenge,1,0.0007,134977,95.13
12659,Night_Sink,1,0.0007,134978,95.13
12660,Night_Witches_sasha,1,0.0007,134979,95.13
12661,NightcoreZed,1,0.0007,134980,95.13
12662,Nightcrawler69,1,0.0007,134981,95.13
12663,Nightfall1,1,0.0007,134982,95.13
12664,Nighthag,1,0.0007,134983,95.13
12665,Nightshade9820,1,0.0007,134984,95.13
12666,NikoPalad67140,1,0.0007,134985,95.13
12667,Niloxin,1,0.0007,134986,95.13
12668,Nils_tan_chuki,1,0.0007,134987,95.13
12669,Nimblelizard,1,0.0007,134988,95.14
12670,Nimoncita,1,0.0007,134989,95.14
12671,Ninjasan3444,1,0.0007,134990,95.14
12672,Nintenbox64,1,0.0007,134991,95.14
12673,Nip69,1,0.0007,134992,95.14
12674,NirosForren,1,0.0007,134993,95.14
12675,Nishitbaria,1,0.0007,134994,95.14
12676,Nistro,1,0.0007,134995,95.14
12677,Nivaah,1,0.0007,134996,95.14
12678,Nivrax,1,0.0007,134997,95.14
12679,Nixst3r,1,0.0007,134998,95.14
12680,Nmak200,1,0.0007,134999,95.14
12681,NoMalice,1,0.0007,135000,95.14
12682,No_Ebb9275598,1,0.0007,135001,95.14
12683,No_Value_938,1,0.0007,135002,95.15
12684,NoahsGAFVision,1,0.0007,135003,95.15
12685,NobdyIknow,1,0.0007,135004,95.15
12686,NobodyButMeow,1,0.0007,135005,95.15
12687,Nobody_AI_00,1,0.0007,135006,95.15
12688,NoelleKFC,1,0.0007,135007,95.15
12689,Nofoe,1,0.0007,135008,95.15
12690,Noided420,1,0.0007,135009,95.15
12691,NoirX,1,0.0007,135010,95.15
12692,Noirn,1,0.0007,135011,95.15
12693,NokitaKaze,1,0.0007,135012,95.15
12694,Nomercy0014,1,0.0007,135013,95.15
12695,NonBee98,1,0.0007,135014,95.15
12696,None0fya,1,0.0007,135015,95.15
12697,Nonetheless,1,0.0007,135016,95.16
12698,Noob_ee,1,0.0007,135017,95.16
12699,Noone3r0f3890490,1,0.0007,135018,95.16
12700,Noopiz,1,0.0007,135019,95.16
12701,Nor1sK,1,0.0007,135020,95.16
12702,Norakuro37,1,0.0007,135021,95.16
12703,Nordinex5,1,0.0007,135022,95.16
12704,Norge2003,1,0.0007,135023,95.16
12705,NoriLilim,1,0.0007,135024,95.16
12706,Norm37,1,0.0007,135025,95.16
12707,NormanMises,1,0.0007,135026,95.16
12708,Normandy113,1,0.0007,135027,95.16
12709,NorthCold,1,0.0007,135028,95.16
12710,NorthRing,1,0.0007,135029,95.16
12711,Northchad,1,0.0007,135030,95.17
12712,NorwegianMouse,1,0.0007,135031,95.17
12713,NosDivad,1,0.0007,135032,95.17
12714,Nose81727928,1,0.0007,135033,95.17
12715,Nossa,1,0.0007,135034,95.17
12716,NostalgiaForever,1,0.0007,135035,95.17
12717,NotSoManMade,1,0.0007,135036,95.17
12718,Not_A_Bot,1,0.0007,135037,95.17
12719,Not_so_fierce,1,0.0007,135038,95.17
12720,Notmetheother,1,0.0007,135039,95.17
12721,NovaMew,1,0.0007,135040,95.17
12722,NoxDoxHox,1,0.0007,135041,95.17
12723,NoxoDayo,1,0.0007,135042,95.17
12724,Nreyil,1,0.0007,135043,95.17
12725,Nrpend28,1,0.0007,135044,95.18
12726,NtRt,1,0.0007,135045,95.18
12727,Nuash,1,0.0007,135046,95.18
12728,Nubtub,1,0.0007,135047,95.18
12729,NuclearWizard,1,0.0007,135048,95.18
12730,Nueznips,1,0.0007,135049,95.18
12731,Nugus,1,0.0007,135050,95.18
12732,Nullivai,1,0.0007,135051,95.18
12733,Nunhuh,1,0.0007,135052,95.18
12734,NunyaDarnBeeswax,1,0.0007,135053,95.18
12735,Nuuked123,1,0.0007,135054,95.18
12736,NxtAI,1,0.0007,135055,95.18
12737,NyahCaroles,1,0.0007,135056,95.18
12738,Nyanbutte,1,0.0007,135057,95.18
12739,Nymph0baby,1,0.0007,135058,95.19
12740,NymphsEfeso,1,0.0007,135059,95.19
12741,Nytrofox187,1,0.0007,135060,95.19
12742,NyxieMyx,1,0.0007,135061,95.19
12743,OBS_Otaku,1,0.0007,135062,95.19
12744,OKdude234,1,0.0007,135063,95.19
12745,ONGR_AI,1,0.0007,135064,95.19
12746,OTTTO,1,0.0007,135065,95.19
12747,OXCCCCC,1,0.0007,135066,95.19
12748,O_M_G,1,0.0007,135067,95.19
12749,Oathsworn,1,0.0007,135068,95.19
12750,Obabe,1,0.0007,135069,95.19
12751,Obacht,1,0.0007,135070,95.19
12752,Obliu,1,0.0007,135071,95.19
12753,OceanMaster,1,0.0007,135072,95.19
12754,Ocelotz,1,0.0007,135073,95.2
12755,OctoLabo,1,0.0007,135074,95.2
12756,Odd_Medicine_1747473,1,0.0007,135075,95.2
12757,OdinH1mself,1,0.0007,135076,95.2
12758,Odium3773,1,0.0007,135077,95.2
12759,Odoo,1,0.0007,135078,95.2
12760,Offee,1,0.0007,135079,95.2
12761,Ofuld,1,0.0007,135080,95.2
12762,Oge7i,1,0.0007,135081,95.2
12763,OhGodItsBroken,1,0.0007,135082,95.2
12764,Oildrill,1,0.0007,135083,95.2
12765,OiqEi,1,0.0007,135084,95.2
12766,OkaYosh,1,0.0007,135085,95.2
12767,Okami2791,1,0.0007,135086,95.2
12768,Okumura666,1,0.0007,135087,95.21
12769,OldCapitalist,1,0.0007,135088,95.21
12770,OldMCNoodle,1,0.0007,135089,95.21
12771,OldMetro,1,0.0007,135090,95.21
12772,OldPoleTadpole,1,0.0007,135091,95.21
12773,OldSkool,1,0.0007,135092,95.21
12774,Old_tomato,1,0.0007,135093,95.21
12775,Oldor,1,0.0007,135094,95.21
12776,OlehK,1,0.0007,135095,95.21
12777,OliviaVaq,1,0.0007,135096,95.21
12778,Oliwia02,1,0.0007,135097,95.21
12779,Omegawolfben,1,0.0007,135098,95.21
12780,OminousCookie,1,0.0007,135099,95.21
12781,OmniPrime,1,0.0007,135100,95.21
12782,OmoshiroiHS2,1,0.0007,135101,95.22
12783,OneBrainCell,1,0.0007,135102,95.22
12784,OneM_AI,1,0.0007,135103,95.22
12785,OneMoreLurker,1,0.0007,135104,95.22
12786,OneSable,1,0.0007,135105,95.22
12787,Oni77655,1,0.0007,135106,95.22
12788,Onion_Orion,1,0.0007,135107,95.22
12789,Onlylordsz,1,0.0007,135108,95.22
12790,Oofas,1,0.0007,135109,95.22
12791,Oparoon,1,0.0007,135110,95.22
12792,Opossum45,1,0.0007,135111,95.22
12793,Oppaa,1,0.0007,135112,95.22
12794,Oppai_Enthusiast,1,0.0007,135113,95.22
12795,Oppailoliojisan,1,0.0007,135114,95.22
12796,OppsiFact,1,0.0007,135115,95.23
12797,OrangePortals,1,0.0007,135116,95.23
12798,Orange_OvO,1,0.0007,135117,95.23
12799,Orangekk,1,0.0007,135118,95.23
12800,Ore18,1,0.0007,135119,95.23
12801,Ori137,1,0.0007,135120,95.23
12802,Original733,1,0.0007,135121,95.23
12803,OrionStars,1,0.0007,135122,95.23
12804,OrlandoOrso,1,0.0007,135123,95.23
12805,Ornate3805,1,0.0007,135124,95.23
12806,Orpels,1,0.0007,135125,95.23
12807,OsorubeshiAI,1,0.0007,135126,95.23
12808,OsteriOssi,1,0.0007,135127,95.23
12809,Otooldman,1,0.0007,135128,95.23
12810,OtterlyAmazing,1,0.0007,135129,95.24
12811,Otto2708,1,0.0007,135130,95.24
12812,OutsideProduce9108537,1,0.0007,135131,95.24
12813,Ovelia,1,0.0007,135132,95.24
12814,OverloadFusion,1,0.0007,135133,95.24
12815,OvnY,1,0.0007,135134,95.24
12816,OwlFucker,1,0.0007,135135,95.24
12817,OwlRenders,1,0.0007,135136,95.24
12818,Owlfelino,1,0.0007,135137,95.24
12819,Owo11,1,0.0007,135138,95.24
12820,Oxarc,1,0.0007,135139,95.24
12821,Oyukisan,1,0.0007,135140,95.24
12822,Ozymandiias,1,0.0007,135141,95.24
12823,P05CHINA,1,0.0007,135142,95.24
12824,P1xel_V1xen,1,0.0007,135143,95.24
12825,P34CHY,1,0.0007,135144,95.25
12826,P3DR4_sfw,1,0.0007,135145,95.25
12827,P40Warhawk,1,0.0007,135146,95.25
12828,P40l0m4r,1,0.0007,135147,95.25
12829,PAAMA_JEUN,1,0.0007,135148,95.25
12830,PANyZHAL,1,0.0007,135149,95.25
12831,PBC20XX,1,0.0007,135150,95.25
12832,PBtmm391,1,0.0007,135151,95.25
12833,PCBuster1970,1,0.0007,135152,95.25
12834,PHL_huangdm,1,0.0007,135153,95.25
12835,PL06ZZ,1,0.0007,135154,95.25
12836,PNTL87,1,0.0007,135155,95.25
12837,POKEDT,1,0.0007,135156,95.25
12838,PORTRAITIMAGE,1,0.0007,135157,95.25
12839,POSIE000,1,0.0007,135158,95.26
12840,P_I_N,1,0.0007,135159,95.26
12841,Pacboy678,1,0.0007,135160,95.26
12842,Pachatel,1,0.0007,135161,95.26
12843,Paganus1,1,0.0007,135162,95.26
12844,Paipaii,1,0.0007,135163,95.26
12845,PaizuriWitch,1,0.0007,135164,95.26
12846,Paladio17,1,0.0007,135165,95.26
12847,PaladiusTheSecond,1,0.0007,135166,95.26
12848,Palantir,1,0.0007,135167,95.26
12849,Paleblaze,1,0.0007,135168,95.26
12850,PamelaEunomie,1,0.0007,135169,95.26
12851,PanWei,1,0.0007,135170,95.26
12852,PandarenAddict,1,0.0007,135171,95.26
12853,PandoraShinyStar,1,0.0007,135172,95.27
12854,PantaFive,1,0.0007,135173,95.27
12855,PantyMilk,1,0.0007,135174,95.27
12856,Paradez,1,0.0007,135175,95.27
12857,ParadoxicallyInsane,1,0.0007,135176,95.27
12858,Pardoxxfeliss,1,0.0007,135177,95.27
12859,Pargi,1,0.0007,135178,95.27
12860,Pari_isxlent,1,0.0007,135179,95.27
12861,Parksan404,1,0.0007,135180,95.27
12862,Part_LoRAs,1,0.0007,135181,95.27
12863,PashaIsabella,1,0.0007,135182,95.27
12864,Passingby,1,0.0007,135183,95.27
12865,PassiveImp,1,0.0007,135184,95.27
12866,Pastoffa541,1,0.0007,135185,95.27
12867,Patman2334,1,0.0007,135186,95.28
12868,PatrexianBoy,1,0.0007,135187,95.28
12869,Paul_j,1,0.0007,135188,95.28
12870,PawToyFantasy,1,0.0007,135189,95.28
12871,Pawk,1,0.0007,135190,95.28
12872,Payach,1,0.0007,135191,95.28
12873,Payoski,1,0.0007,135192,95.28
12874,PeakPeanut,1,0.0007,135193,95.28
12875,PearceStrikeTH,1,0.0007,135194,95.28
12876,PectusLac,1,0.0007,135195,95.28
12877,Pedestal_Guy,1,0.0007,135196,95.28
12878,Pedrospk,1,0.0007,135197,95.28
12879,Pegazus,1,0.0007,135198,95.28
12880,Pei_Pei,1,0.0007,135199,95.28
12881,Pelt,1,0.0007,135200,95.29
12882,Peltsu,1,0.0007,135201,95.29
12883,PemegangDuaKendali,1,0.0007,135202,95.29
12884,Penpen27,1,0.0007,135203,95.29
12885,Penpo,1,0.0007,135204,95.29
12886,Pepelebabysitter,1,0.0007,135205,95.29
12887,Pequtek,1,0.0007,135206,95.29
12888,Per432,1,0.0007,135207,95.29
12889,Perepupengue,1,0.0007,135208,95.29
12890,Perfect_pussy,1,0.0007,135209,95.29
12891,PersonCreator,1,0.0007,135210,95.29
12892,PersonaDude,1,0.0007,135211,95.29
12893,Personrino,1,0.0007,135212,95.29
12894,PervEman,1,0.0007,135213,95.29
12895,PerviSage,1,0.0007,135214,95.29
12896,PerzoLePerv,1,0.0007,135215,95.3
12897,Petepat,1,0.0007,135216,95.3
12898,PeterQuill,1,0.0007,135217,95.3
12899,PeterTheMoogle,1,0.0007,135218,95.3
12900,Petey0011,1,0.0007,135219,95.3
12901,PeteyPiranha,1,0.0007,135220,95.3
12902,PetrK,1,0.0007,135221,95.3
12903,Petrachor,1,0.0007,135222,95.3
12904,PettankoPaizuri,1,0.0007,135223,95.3
12905,Ph50,1,0.0007,135224,95.3
12906,Pharang,1,0.0007,135225,95.3
12907,Pharun,1,0.0007,135226,95.3
12908,PhatButtStudios,1,0.0007,135227,95.3
12909,Phazestar,1,0.0007,135228,95.3
12910,PhoenixRegel,1,0.0007,135229,95.31
12911,PhotonLoras,1,0.0007,135230,95.31
12912,PhotoshopMan,1,0.0007,135231,95.31
12913,Phrose,1,0.0007,135232,95.31
12914,PhrozenCypher,1,0.0007,135233,95.31
12915,PicDalFri,1,0.0007,135234,95.31
12916,PickleRik,1,0.0007,135235,95.31
12917,Pidoras221112,1,0.0007,135236,95.31
12918,Pidud,1,0.0007,135237,95.31
12919,Piffle_01,1,0.0007,135238,95.31
12920,Pillarter_77,1,0.0007,135239,95.31
12921,Pinaple_Man,1,0.0007,135240,95.31
12922,PinkGoat,1,0.0007,135241,95.31
12923,Pinkfong,1,0.0007,135242,95.31
12924,Pinkielicious,1,0.0007,135243,95.32
12925,Pistoj3,1,0.0007,135244,95.32
12926,PitSniffer,1,0.0007,135245,95.32
12927,Pitchhugh,1,0.0007,135246,95.32
12928,Pitpe11,1,0.0007,135247,95.32
12929,PixZ,1,0.0007,135248,95.32
12930,PixelLust69,1,0.0007,135249,95.32
12931,Pixel_ru,1,0.0007,135250,95.32
12932,Pj23,1,0.0007,135251,95.32
12933,Plagueghoul,1,0.0007,135252,95.32
12934,Plai,1,0.0007,135253,95.32
12935,PlastoXMartino,1,0.0007,135254,95.32
12936,Platinumb1ue,1,0.0007,135255,95.32
12937,Play2782,1,0.0007,135256,95.32
12938,Player2004,1,0.0007,135257,95.33
12939,Playerx123456789,1,0.0007,135258,95.33
12940,Playingwithfire97,1,0.0007,135259,95.33
12941,Plour,1,0.0007,135260,95.33
12942,PlumBeer,1,0.0007,135261,95.33
12943,Pngotdo_23,1,0.0007,135262,95.33
12944,PocketPossum,1,0.0007,135263,95.33
12945,Polyhedron_AI,1,0.0007,135264,95.33
12946,PolymathAi,1,0.0007,135265,95.33
12947,PomeloRoll,1,0.0007,135266,95.33
12948,Pompey,1,0.0007,135267,95.33
12949,Pomuchan,1,0.0007,135268,95.33
12950,PonchoMan610,1,0.0007,135269,95.33
12951,PonefagSupreme,1,0.0007,135270,95.33
12952,Ponycreator,1,0.0007,135271,95.34
12953,PoolGirls,1,0.0007,135272,95.34
12954,Pooor,1,0.0007,135273,95.34
12955,Poopdog123,1,0.0007,135274,95.34
12956,Poopoopeepee123,1,0.0007,135275,95.34
12957,Poopscoop90,1,0.0007,135276,95.34
12958,Pooshka,1,0.0007,135277,95.34
12959,PopStar353,1,0.0007,135278,95.34
12960,Popsicola18,1,0.0007,135279,95.34
12961,PoshAi,1,0.0007,135280,95.34
12962,Potato4Soup,1,0.0007,135281,95.34
12963,Potato556,1,0.0007,135282,95.34
12964,PotatoAI007,1,0.0007,135283,95.34
12965,Potsdrummer,1,0.0007,135284,95.34
12966,PottyHead,1,0.0007,135285,95.34
12967,PowerNeko,1,0.0007,135286,95.35
12968,Powerfulwifi,1,0.0007,135287,95.35
12969,Pppppppen,1,0.0007,135288,95.35
12970,Pr0jectTails,1,0.0007,135289,95.35
12971,PrYaTu,1,0.0007,135290,95.35
12972,Predactos,1,0.0007,135291,95.35
12973,Pretend_Wu,1,0.0007,135292,95.35
12974,PrimAIrinaLover,1,0.0007,135293,95.35
12975,Primogozine,1,0.0007,135294,95.35
12976,Primowhale,1,0.0007,135295,95.35
12977,Princess_ZZZ,1,0.0007,135296,95.35
12978,Prinz_Eugen_92,1,0.0007,135297,95.35
12979,PrivateHindsight,1,0.0007,135298,95.35
12980,Prizvel,1,0.0007,135299,95.35
12981,Probot13,1,0.0007,135300,95.36
12982,ProfSchizoid,1,0.0007,135301,95.36
12983,Prof_Bubblegum,1,0.0007,135302,95.36
12984,ProfesserMan,1,0.0007,135303,95.36
12985,Professional_Generator,1,0.0007,135304,95.36
12986,ProfessorQ,1,0.0007,135305,95.36
12987,Professor_Olsen,1,0.0007,135306,95.36
12988,ProjectNude,1,0.0007,135307,95.36
12989,ProjectSoulstealer,1,0.0007,135308,95.36
12990,Project_ASAMI_JANE,1,0.0007,135309,95.36
12991,Promptheus,1,0.0007,135310,95.36
12992,PromptoAI,1,0.0007,135311,95.36
12993,Prosocr3ature,1,0.0007,135312,95.36
12994,ProtonDonor,1,0.0007,135313,95.36
12995,Proxy101,1,0.0007,135314,95.37
12996,ProxyAIArt,1,0.0007,135315,95.37
12997,Psychloor,1,0.0007,135316,95.37
12998,Ptolemy111,1,0.0007,135317,95.37
12999,PucchuAI,1,0.0007,135318,95.37
13000,Puckei,1,0.0007,135319,95.37
13001,Puffin,1,0.0007,135320,95.37
13002,PuhiMaster,1,0.0007,135321,95.37
13003,PumpAndPlumpTechAI,1,0.0007,135322,95.37
13004,Purianitha,1,0.0007,135323,95.37
13005,Purianithaa,1,0.0007,135324,95.37
13006,PurrClick,1,0.0007,135325,95.37
13007,Pyma444,1,0.0007,135326,95.37
13008,PyroBro64,1,0.0007,135327,95.37
13009,PyroGames08,1,0.0007,135328,95.38
13010,Q898217453,1,0.0007,135329,95.38
13011,QIUBaw,1,0.0007,135330,95.38
13012,QMCO21,1,0.0007,135331,95.38
13013,QWAJ,1,0.0007,135332,95.38
13014,Qix1,1,0.0007,135333,95.38
13015,Qpps,1,0.0007,135334,95.38
13016,Qqerds,1,0.0007,135335,95.38
13017,Qqing,1,0.0007,135336,95.38
13018,Quantox,1,0.0007,135337,95.38
13019,Quaraxx,1,0.0007,135338,95.38
13020,QueenOfSharks,1,0.0007,135339,95.38
13021,Queen_Alexis,1,0.0007,135340,95.38
13022,Queen_Marika,1,0.0007,135341,95.38
13023,Queen_Natsumi,1,0.0007,135342,95.39
13024,Quiet_phoenix,1,0.0007,135343,95.39
13025,Quillinwithtypewriter,1,0.0007,135344,95.39
13026,QuinVegaXL,1,0.0007,135345,95.39
13027,Quist,1,0.0007,135346,95.39
13028,Quitout,1,0.0007,135347,95.39
13029,Quocraft_AI,1,0.0007,135348,95.39
13030,QuonAI,1,0.0007,135349,95.39
13031,R3nzhe,1,0.0007,135350,95.39
13032,R4b133z,1,0.0007,135351,95.39
13033,R52896,1,0.0007,135352,95.39
13034,RABBAI,1,0.0007,135353,95.39
13035,RAF455,1,0.0007,135354,95.39
13036,RAI_34,1,0.0007,135355,95.39
13037,RAzora,1,0.0007,135356,95.4
13038,RBG_ASK,1,0.0007,135357,95.4
13039,RC3,1,0.0007,135358,95.4
13040,RDEWYNE,1,0.0007,135359,95.4
13041,REBELSCUM,1,0.0007,135360,95.4
13042,REBORT,1,0.0007,135361,95.4
13043,REOLANEX,1,0.0007,135362,95.4
13044,RG_Thicklover,1,0.0007,135363,95.4
13045,RHSCheck,1,0.0007,135364,95.4
13046,RIXYN,1,0.0007,135365,95.4
13047,RLP555,1,0.0007,135366,95.4
13048,RNX_Satu,1,0.0007,135367,95.4
13049,ROBgm,1,0.0007,135368,95.4
13050,ROKYAK,1,0.0007,135369,95.4
13051,RS32,1,0.0007,135370,95.4
13052,RaRaCreations,1,0.0007,135371,95.41
13053,Rabow,1,0.0007,135372,95.41
13054,Rachey13x,1,0.0007,135373,95.41
13055,Racy_Cats,1,0.0007,135374,95.41
13056,RadWizard,1,0.0007,135375,95.41
13057,RadiantPhysics,1,0.0007,135376,95.41
13058,Radukenryuken,1,0.0007,135377,95.41
13059,RafaeruESM,1,0.0007,135378,95.41
13060,Ragen,1,0.0007,135379,95.41
13061,Ragg1ty,1,0.0007,135380,95.41
13062,Rahadamanthys,1,0.0007,135381,95.41
13063,Raibara,1,0.0007,135382,95.41
13064,Raidersonthestorm,1,0.0007,135383,95.41
13065,Raiko_,1,0.0007,135384,95.41
13066,Rain55,1,0.0007,135385,95.42
13067,RainTeacher,1,0.0007,135386,95.42
13068,Rainbowkombat,1,0.0007,135387,95.42
13069,Raisered,1,0.0007,135388,95.42
13070,Raksuda,1,0.0007,135389,95.42
13071,Ramona25,1,0.0007,135390,95.42
13072,RanbAI,1,0.0007,135391,95.42
13073,Rand000mGuy,1,0.0007,135392,95.42
13074,RandomCivitai,1,0.0007,135393,95.42
13075,RandomSD,1,0.0007,135394,95.42
13076,RandomUntitledProjects,1,0.0007,135395,95.42
13077,Random_Fella,1,0.0007,135396,95.42
13078,RandomsIA,1,0.0007,135397,95.42
13079,Randomshapes07,1,0.0007,135398,95.42
13080,Randy474,1,0.0007,135399,95.43
13081,RandyCun,1,0.0007,135400,95.43
13082,Ranoer,1,0.0007,135401,95.43
13083,Rapatigelas,1,0.0007,135402,95.43
13084,Raptor27199812,1,0.0007,135403,95.43
13085,RaptorPoise,1,0.0007,135404,95.43
13086,Rash81,1,0.0007,135405,95.43
13087,RashE,1,0.0007,135406,95.43
13088,RassvetAI,1,0.0007,135407,95.43
13089,Rata_azul,1,0.0007,135408,95.43
13090,Rathamar,1,0.0007,135409,95.43
13091,RathanRathan,1,0.0007,135410,95.43
13092,Rating_Agent,1,0.0007,135411,95.43
13093,RavenBran,1,0.0007,135412,95.43
13094,Ravil3D,1,0.0007,135413,95.44
13095,Ravioli087,1,0.0007,135414,95.44
13096,Rayfoxkt437,1,0.0007,135415,95.44
13097,Rayso,1,0.0007,135416,95.44
13098,Razane,1,0.0007,135417,95.44
13099,RazorToshiba,1,0.0007,135418,95.44
13100,RazorsEdgeArt,1,0.0007,135419,95.44
13101,ReDFeRret,1,0.0007,135420,95.44
13102,ReGanMian,1,0.0007,135421,95.44
13103,ReGenerated,1,0.0007,135422,95.44
13104,ReLeVaNCeAI,1,0.0007,135423,95.44
13105,ReNoxo,1,0.0007,135424,95.44
13106,Re_Sora,1,0.0007,135425,95.44
13107,ReacherGrey,1,0.0007,135426,95.44
13108,Reachet,1,0.0007,135427,95.45
13109,ReactingNoodle,1,0.0007,135428,95.45
13110,RealGeist,1,0.0007,135429,95.45
13111,RealKorra,1,0.0007,135430,95.45
13112,RealMenGayAI,1,0.0007,135431,95.45
13113,RealNotRealAi,1,0.0007,135432,95.45
13114,RealVirtuality,1,0.0007,135433,95.45
13115,Realjuicy22,1,0.0007,135434,95.45
13116,Realm__,1,0.0007,135435,95.45
13117,RealmofOryx,1,0.0007,135436,95.45
13118,ReaperCome,1,0.0007,135437,95.45
13119,RearAddiction,1,0.0007,135438,95.45
13120,Rebecca_,1,0.0007,135439,95.45
13121,RedCoins,1,0.0007,135440,95.45
13122,RedDragoon78,1,0.0007,135441,95.45
13123,RedFuku,1,0.0007,135442,95.46
13124,RedGreenBlue,1,0.0007,135443,95.46
13125,RedHibiscus,1,0.0007,135444,95.46
13126,RedSkeletton,1,0.0007,135445,95.46
13127,RedTrainer1,1,0.0007,135446,95.46
13128,Red_PR_AI,1,0.0007,135447,95.46
13129,Redcedar,1,0.0007,135448,95.46
13130,ReddTheRat,1,0.0007,135449,95.46
13131,Reddminator,1,0.0007,135450,95.46
13132,Reddot6998,1,0.0007,135451,95.46
13133,ReddytheDino,1,0.0007,135452,95.46
13134,Redfoxzi,1,0.0007,135453,95.46
13135,Redmatzoo,1,0.0007,135454,95.46
13136,Redmoon117,1,0.0007,135455,95.46
13137,Rednaw,1,0.0007,135456,95.47
13138,Redshift121,1,0.0007,135457,95.47
13139,Redzeppo,1,0.0007,135458,95.47
13140,Ree0,1,0.0007,135459,95.47
13141,Refurrify,1,0.0007,135460,95.47
13142,RegTheEdge,1,0.0007,135461,95.47
13143,ReggieSpine,1,0.0007,135462,95.47
13144,RegisteredNurse,1,0.0007,135463,95.47
13145,ReikoAsagi,1,0.0007,135464,95.47
13146,ReinaSR,1,0.0007,135465,95.47
13147,Reiz73,1,0.0007,135466,95.47
13148,ReliantCaliber489,1,0.0007,135467,95.47
13149,Relntless80,1,0.0007,135468,95.47
13150,ReltivlyObjectv,1,0.0007,135469,95.47
13151,Remennosighey,1,0.0007,135470,95.48
13152,Ren2015,1,0.0007,135471,95.48
13153,Ren59,1,0.0007,135472,95.48
13154,Renamoan,1,0.0007,135473,95.48
13155,Renamomma,1,0.0007,135474,95.48
13156,Renate4Ever,1,0.0007,135475,95.48
13157,Renco12,1,0.0007,135476,95.48
13158,RenderRebel,1,0.0007,135477,95.48
13159,RengeKyo,1,0.0007,135478,95.48
13160,Renin,1,0.0007,135479,95.48
13161,Renown,1,0.0007,135480,95.48
13162,RenzoWillLambo,1,0.0007,135481,95.48
13163,Reruek,1,0.0007,135482,95.48
13164,RetardRocks,1,0.0007,135483,95.48
13165,Retardgamerburger,1,0.0007,135484,95.49
13166,RetroSmashtAI,1,0.0007,135485,95.49
13167,RevyNeon,1,0.0007,135486,95.49
13168,RexAe14,1,0.0007,135487,95.49
13169,ReynAI,1,0.0007,135488,95.49
13170,Reyteroxxx,1,0.0007,135489,95.49
13171,Rhb123,1,0.0007,135490,95.49
13172,Rhisisrain,1,0.0007,135491,95.49
13173,Rhitsuji,1,0.0007,135492,95.49
13174,Rhix,1,0.0007,135493,95.49
13175,Rhopa,1,0.0007,135494,95.49
13176,Ribbit_Ribbit,1,0.0007,135495,95.49
13177,Ric00,1,0.0007,135496,95.49
13178,RichardParkker,1,0.0007,135497,95.49
13179,Rider_56,1,0.0007,135498,95.5
13180,RigbyForReal,1,0.0007,135499,95.5
13181,Riiiil,1,0.0007,135500,95.5
13182,RiinaLover,1,0.0007,135501,95.5
13183,RikyKooler,1,0.0007,135502,95.5
13184,Rilexit,1,0.0007,135503,95.5
13185,RileyBoy217,1,0.0007,135504,95.5
13186,Rimmer,1,0.0007,135505,95.5
13187,RinMaya,1,0.0007,135506,95.5
13188,Rindex,1,0.0007,135507,95.5
13189,Rinko1231,1,0.0007,135508,95.5
13190,RioAov,1,0.0007,135509,95.5
13191,RipAlbum,1,0.0007,135510,95.5
13192,Risuu,1,0.0007,135511,95.5
13193,Ritefaf,1,0.0007,135512,95.5
13194,Rivington,1,0.0007,135513,95.51
13195,Rizzzzz,1,0.0007,135514,95.51
13196,Rnfkvld55,1,0.0007,135515,95.51
13197,RoBinRooD,1,0.0007,135516,95.51
13198,Roadster,1,0.0007,135517,95.51
13199,RobeLog,1,0.0007,135518,95.51
13200,RocambolesqueAI,1,0.0007,135519,95.51
13201,RockHardArt,1,0.0007,135520,95.51
13202,Rock_N_Rolla,1,0.0007,135521,95.51
13203,RocketFlash,1,0.0007,135522,95.51
13204,Rocket_Rakeena,1,0.0007,135523,95.51
13205,Rocketnips2024,1,0.0007,135524,95.51
13206,RodSerling1,1,0.0007,135525,95.51
13207,Rodrigotonizzo,1,0.0007,135526,95.51
13208,RogueBard,1,0.0007,135527,95.52
13209,Rogue_fromearth,1,0.0007,135528,95.52
13210,Roirros,1,0.0007,135529,95.52
13211,Rojik,1,0.0007,135530,95.52
13212,RokkumanRaito,1,0.0007,135531,95.52
13213,Rollha,1,0.0007,135532,95.52
13214,RomWerWer,1,0.0007,135533,95.52
13215,Rongursor,1,0.0007,135534,95.52
13216,Rosenkrantz,1,0.0007,135535,95.52
13217,Roshi1985,1,0.0007,135536,95.52
13218,Rotai,1,0.0007,135537,95.52
13219,Rousk,1,0.0007,135538,95.52
13220,Roxcreek,1,0.0007,135539,95.52
13221,RoxyFoxyV1,1,0.0007,135540,95.52
13222,RubberFish,1,0.0007,135541,95.53
13223,Rubberkitten,1,0.0007,135542,95.53
13224,Ruby_Do,1,0.0007,135543,95.53
13225,RudyBaga,1,0.0007,135544,95.53
13226,Ruhlius,1,0.0007,135545,95.53
13227,RunThat_222,1,0.0007,135546,95.53
13228,Runningbison,1,0.0007,135547,95.53
13229,RupertChubbyFawks,1,0.0007,135548,95.53
13230,Ruzciar,1,0.0007,135549,95.53
13231,Rxinns,1,0.0007,135550,95.53
13232,Rxzor,1,0.0007,135551,95.53
13233,RyanTheAvian,1,0.0007,135552,95.53
13234,Rythimal,1,0.0007,135553,95.53
13235,RyuJigoku,1,0.0007,135554,95.53
13236,Ryuuuji,1,0.0007,135555,95.54
13237,Ryyan,1,0.0007,135556,95.54
13238,SADcat,1,0.0007,135557,95.54
13239,SAIKYUNAZERO,1,0.0007,135558,95.54
13240,SAW85,1,0.0007,135559,95.54
13241,SB8888,1,0.0007,135560,95.54
13242,SBH619,1,0.0007,135561,95.54
13243,SBurke77,1,0.0007,135562,95.54
13244,SHDWHAWK99,1,0.0007,135563,95.54
13245,SILIKX,1,0.0007,135564,95.54
13246,SKELETR0N,1,0.0007,135565,95.54
13247,SKUUFDOG,1,0.0007,135566,95.54
13248,SM41K,1,0.0007,135567,95.54
13249,SOMEONEELSE27,1,0.0007,135568,95.54
13250,SONofSUPERMAN04,1,0.0007,135569,95.55
13251,SOSUAI,1,0.0007,135570,95.55
13252,SPAMTONGSPAMTON,1,0.0007,135571,95.55
13253,SRHDG,1,0.0007,135572,95.55
13254,SRogue,1,0.0007,135573,95.55
13255,SSJ_AI,1,0.0007,135574,95.55
13256,STSalpha1,1,0.0007,135575,95.55
13257,SUPOVAR,1,0.0007,135576,95.55
13258,SXYNB,1,0.0007,135577,95.55
13259,SZZS,1,0.0007,135578,95.55
13260,SaaK23,1,0.0007,135579,95.55
13261,Saber66394,1,0.0007,135580,95.55
13262,Sacha_Distil1951,1,0.0007,135581,95.55
13263,SadMan19776,1,0.0007,135582,95.55
13264,SadThu,1,0.0007,135583,95.56
13265,SagaMichika,1,0.0007,135584,95.56
13266,Saif_king_1244,1,0.0007,135585,95.56
13267,Saiji2400,1,0.0007,135586,95.56
13268,Saika0,1,0.0007,135587,95.56
13269,Saikokun,1,0.0007,135588,95.56
13270,Sailorman21,1,0.0007,135589,95.56
13271,SaintMoth1425,1,0.0007,135590,95.56
13272,Saka6,1,0.0007,135591,95.56
13273,Sakress,1,0.0007,135592,95.56
13274,Sakugen,1,0.0007,135593,95.56
13275,Sakuna_,1,0.0007,135594,95.56
13276,Sakura4090,1,0.0007,135595,95.56
13277,Sakurademon2077,1,0.0007,135596,95.56
13278,SalCakes,1,0.0007,135597,95.56
13279,Salazar189,1,0.0007,135598,95.57
13280,Salep88,1,0.0007,135599,95.57
13281,Sall_,1,0.0007,135600,95.57
13282,Salmon_knight,1,0.0007,135601,95.57
13283,SalvatoreDMalvagio,1,0.0007,135602,95.57
13284,SambalBij,1,0.0007,135603,95.57
13285,Samsan99,1,0.0007,135604,95.57
13286,SamuelYandell,1,0.0007,135605,95.57
13287,Samy01,1,0.0007,135606,95.57
13288,Sanalee,1,0.0007,135607,95.57
13289,Sanchez8534,1,0.0007,135608,95.57
13290,SandMan69,1,0.0007,135609,95.57
13291,Sande,1,0.0007,135610,95.57
13292,Sandy_Boy_,1,0.0007,135611,95.57
13293,Sandy_Lover,1,0.0007,135612,95.58
13294,Sanikaya,1,0.0007,135613,95.58
13295,SantaSophia,1,0.0007,135614,95.58
13296,SarMiT,1,0.0007,135615,95.58
13297,Sarah1222,1,0.0007,135616,95.58
13298,Sarara,1,0.0007,135617,95.58
13299,Sarievo,1,0.0007,135618,95.58
13300,Sariono,1,0.0007,135619,95.58
13301,Saseraki,1,0.0007,135620,95.58
13302,Saskweise1,1,0.0007,135621,95.58
13303,SassyMolassy,1,0.0007,135622,95.58
13304,Sassyjoji,1,0.0007,135623,95.58
13305,SatanicaPotestas,1,0.0007,135624,95.58
13306,SatinOldNight,1,0.0007,135625,95.58
13307,Savethelord,1,0.0007,135626,95.59
13308,Sayaka0322,1,0.0007,135627,95.59
13309,ScandalousBoyfriend,1,0.0007,135628,95.59
13310,Scandism,1,0.0007,135629,95.59
13311,ScarletDesire,1,0.0007,135630,95.59
13312,Scarlet_Nyx,1,0.0007,135631,95.59
13313,ScaryEducation6899847,1,0.0007,135632,95.59
13314,Schmopfer880,1,0.0007,135633,95.59
13315,Schmungus2,1,0.0007,135634,95.59
13316,Schweinebier,1,0.0007,135635,95.59
13317,ScoWalt,1,0.0007,135636,95.59
13318,Score77,1,0.0007,135637,95.59
13319,Scotomization,1,0.0007,135638,95.59
13320,ScottyJX,1,0.0007,135639,95.59
13321,ScottyLoki,1,0.0007,135640,95.6
13322,Scourge69,1,0.0007,135641,95.6
13323,Screamingorange,1,0.0007,135642,95.6
13324,Screwy,1,0.0007,135643,95.6
13325,ScriptoriumAI,1,0.0007,135644,95.6
13326,Scrungus,1,0.0007,135645,95.6
13327,Sculptedbodies,1,0.0007,135646,95.6
13328,Scuste,1,0.0007,135647,95.6
13329,Seanzilla1988,1,0.0007,135648,95.6
13330,Sebastant,1,0.0007,135649,95.6
13331,Seerel12313123,1,0.0007,135650,95.6
13332,Seiras,1,0.0007,135651,95.6
13333,SeisoRuka,1,0.0007,135652,95.6
13334,Sekkoku_teto,1,0.0007,135653,95.6
13335,Selderey,1,0.0007,135654,95.61
13336,Sem7_,1,0.0007,135655,95.61
13337,Sempi,1,0.0007,135656,95.61
13338,SenkiAI,1,0.0007,135657,95.61
13339,SensitiveGrassyknoll,1,0.0007,135658,95.61
13340,Separate_Ways,1,0.0007,135659,95.61
13341,Sephrajin,1,0.0007,135660,95.61
13342,Sephyri,1,0.0007,135661,95.61
13343,Seqiayang,1,0.0007,135662,95.61
13344,Serdityman,1,0.0007,135663,95.61
13345,SerenaAtrandrake,1,0.0007,135664,95.61
13346,SereneLotus,1,0.0007,135665,95.61
13347,Serenity12qq,1,0.0007,135666,95.61
13348,SerenitySeductresses,1,0.0007,135667,95.61
13349,Serialconnection,1,0.0007,135668,95.61
13350,Sertis,1,0.0007,135669,95.62
13351,Serts,1,0.0007,135670,95.62
13352,Serventdrone_001,1,0.0007,135671,95.62
13353,Ses_AI,1,0.0007,135672,95.62
13354,SethMemez,1,0.0007,135673,95.62
13355,Sethos1111,1,0.0007,135674,95.62
13356,Sett,1,0.0007,135675,95.62
13357,Settimo,1,0.0007,135676,95.62
13358,Sev888,1,0.0007,135677,95.62
13359,Sevenknot77,1,0.0007,135678,95.62
13360,Sevens117,1,0.0007,135679,95.62
13361,Sevmen,1,0.0007,135680,95.62
13362,SexyCake,1,0.0007,135681,95.62
13363,SexyNuns,1,0.0007,135682,95.62
13364,SexyToothless,1,0.0007,135683,95.63
13365,SezMoon202,1,0.0007,135684,95.63
13366,SgtPepper314,1,0.0007,135685,95.63
13367,ShadYu,1,0.0007,135686,95.63
13368,ShadowCaesar,1,0.0007,135687,95.63
13369,ShadowDemonLord666,1,0.0007,135688,95.63
13370,Shadowskillz516,1,0.0007,135689,95.63
13371,ShadowsofFlames,1,0.0007,135690,95.63
13372,Shake3D,1,0.0007,135691,95.63
13373,Shakeleg19,1,0.0007,135692,95.63
13374,Shalie,1,0.0007,135693,95.63
13375,Shamanische,1,0.0007,135694,95.63
13376,ShamsielS,1,0.0007,135695,95.63
13377,Shanboo,1,0.0007,135696,95.63
13378,ShaneSu,1,0.0007,135697,95.64
13379,Shankss,1,0.0007,135698,95.64
13380,ShaoDrako,1,0.0007,135699,95.64
13381,Shaookitora,1,0.0007,135700,95.64
13382,Shards12,1,0.0007,135701,95.64
13383,Sharkeatsharklol,1,0.0007,135702,95.64
13384,Sharkie,1,0.0007,135703,95.64
13385,Sharlie,1,0.0007,135704,95.64
13386,Shashami,1,0.0007,135705,95.64
13387,Sheil,1,0.0007,135706,95.64
13388,SheillaAndrade,1,0.0007,135707,95.64
13389,ShenSQY,1,0.0007,135708,95.64
13390,ShiftRegister,1,0.0007,135709,95.64
13391,Shiftedapart,1,0.0007,135710,95.64
13392,ShiftingDimensionsAI,1,0.0007,135711,95.65
13393,ShiinGhonnTAEYAD,1,0.0007,135712,95.65
13394,Shiiro0,1,0.0007,135713,95.65
13395,Shillontherocks,1,0.0007,135714,95.65
13396,Shinful,1,0.0007,135715,95.65
13397,Shininaku,1,0.0007,135716,95.65
13398,ShiningAI,1,0.0007,135717,95.65
13399,Shintetsu,1,0.0007,135718,95.65
13400,Shinywolf,1,0.0007,135719,95.65
13401,ShishigamiDono,1,0.0007,135720,95.65
13402,Shizhayes,1,0.0007,135721,95.65
13403,Shizuku_Aragaki,1,0.0007,135722,95.65
13404,Shjnct,1,0.0007,135723,95.65
13405,ShlongMaster500,1,0.0007,135724,95.65
13406,Shloren,1,0.0007,135725,95.66
13407,Shock91,1,0.0007,135726,95.66
13408,ShonanFM,1,0.0007,135727,95.66
13409,Shoom2,1,0.0007,135728,95.66
13410,ShowaOsan,1,0.0007,135729,95.66
13411,Showevr,1,0.0007,135730,95.66
13412,Shrimp_forge,1,0.0007,135731,95.66
13413,Shukara,1,0.0007,135732,95.66
13414,Shuko,1,0.0007,135733,95.66
13415,Shushpan,1,0.0007,135734,95.66
13416,Shygen,1,0.0007,135735,95.66
13417,Shyue2023,1,0.0007,135736,95.66
13418,Sibience,1,0.0007,135737,95.66
13419,Sibric,1,0.0007,135738,95.66
13420,SickLittleGirl,1,0.0007,135739,95.66
13421,SickMoonDoe,1,0.0007,135740,95.67
13422,Sicktick,1,0.0007,135741,95.67
13423,SierraBoBera,1,0.0007,135742,95.67
13424,Sigmaman2,1,0.0007,135743,95.67
13425,Sigmatism,1,0.0007,135744,95.67
13426,Sihnnik_Uhll,1,0.0007,135745,95.67
13427,Sikacak18231,1,0.0007,135746,95.67
13428,SilasAI6609,1,0.0007,135747,95.67
13429,Silenteye,1,0.0007,135748,95.67
13430,Silex,1,0.0007,135749,95.67
13431,SillairArt,1,0.0007,135750,95.67
13432,SillyRina,1,0.0007,135751,95.67
13433,Sillyiest,1,0.0007,135752,95.67
13434,Silver6651,1,0.0007,135753,95.67
13435,SilverTitan,1,0.0007,135754,95.68
13436,Silver_Surfio,1,0.0007,135755,95.68
13437,Silveriumice934,1,0.0007,135756,95.68
13438,SimonValkyrie,1,0.0007,135757,95.68
13439,SimpleTaste,1,0.0007,135758,95.68
13440,SinfulAI,1,0.0007,135759,95.68
13441,SinfulBotanica,1,0.0007,135760,95.68
13442,Singeno,1,0.0007,135761,95.68
13443,Singularityzilla,1,0.0007,135762,95.68
13444,SinisterBoy,1,0.0007,135763,95.68
13445,Sinodoll,1,0.0007,135764,95.68
13446,SinonkaZlp1,1,0.0007,135765,95.68
13447,SinsationAiArt,1,0.0007,135766,95.68
13448,SinsinWang,1,0.0007,135767,95.68
13449,Sint,1,0.0007,135768,95.69
13450,SirAmongus,1,0.0007,135769,95.69
13451,SirCyrus2,1,0.0007,135770,95.69
13452,SirDucky,1,0.0007,135771,95.69
13453,SirNrei,1,0.0007,135772,95.69
13454,SirValor,1,0.0007,135773,95.69
13455,Sir_Banksalot,1,0.0007,135774,95.69
13456,SirikahDrawing,1,0.0007,135775,95.69
13457,SissyReita,1,0.0007,135776,95.69
13458,Sithandwesson,1,0.0007,135777,95.69
13459,Sitron,1,0.0007,135778,95.69
13460,SixBurrito,1,0.0007,135779,95.69
13461,Sixes_and_sevens,1,0.0007,135780,95.69
13462,Sixtynein,1,0.0007,135781,95.69
13463,SkagenM,1,0.0007,135782,95.7
13464,Skat_2000,1,0.0007,135783,95.7
13465,Skaterwolf651,1,0.0007,135784,95.7
13466,Skelly_boned,1,0.0007,135785,95.7
13467,SkiBoi,1,0.0007,135786,95.7
13468,SkifterArt,1,0.0007,135787,95.7
13469,SkinnyWoodPlank,1,0.0007,135788,95.7
13470,Skip80,1,0.0007,135789,95.7
13471,Skorpikor,1,0.0007,135790,95.7
13472,SkubiXTX,1,0.0007,135791,95.7
13473,Skullring18,1,0.0007,135792,95.7
13474,Skumtron,1,0.0007,135793,95.7
13475,Skupek98,1,0.0007,135794,95.7
13476,Skw1ndyyy,1,0.0007,135795,95.7
13477,Skyde,1,0.0007,135796,95.71
13478,Skyggeulv,1,0.0007,135797,95.71
13479,Skylar1023,1,0.0007,135798,95.71
13480,SkylessSkunk,1,0.0007,135799,95.71
13481,Skylord,1,0.0007,135800,95.71
13482,Skynet_Ai,1,0.0007,135801,95.71
13483,Skyrimmodeer,1,0.0007,135802,95.71
13484,Skyteo,1,0.0007,135803,95.71
13485,SlaveZeo,1,0.0007,135804,95.71
13486,SlavoKey,1,0.0007,135805,95.71
13487,SleepingSelune,1,0.0007,135806,95.71
13488,SlientFox224,1,0.0007,135807,95.71
13489,SlightlyUnhinged,1,0.0007,135808,95.71
13490,Slime_Experiments,1,0.0007,135809,95.71
13491,SlugCat,1,0.0007,135810,95.71
13492,SlugT00th,1,0.0007,135811,95.72
13493,SlushyAi,1,0.0007,135812,95.72
13494,SlutCoco,1,0.0007,135813,95.72
13495,Sm11y,1,0.0007,135814,95.72
13496,Smartchocolate,1,0.0007,135815,95.72
13497,Smedley_Blackmane,1,0.0007,135816,95.72
13498,Smelcher,1,0.0007,135817,95.72
13499,Smez,1,0.0007,135818,95.72
13500,Smile_Slime,1,0.0007,135819,95.72
13501,Smiler,1,0.0007,135820,95.72
13502,Smileynonimous,1,0.0007,135821,95.72
13503,Smokescreen88,1,0.0007,135822,95.72
13504,Smolwicker,1,0.0007,135823,95.72
13505,SmorePuppy,1,0.0007,135824,95.72
13506,Smowoe,1,0.0007,135825,95.73
13507,Smrtka769,1,0.0007,135826,95.73
13508,Smutster_SempAI,1,0.0007,135827,95.73
13509,Snakehh,1,0.0007,135828,95.73
13510,Snap_studio,1,0.0007,135829,95.73
13511,Sneaky_27,1,0.0007,135830,95.73
13512,Sneed1337,1,0.0007,135831,95.73
13513,Sneroling,1,0.0007,135832,95.73
13514,Sniffeh,1,0.0007,135833,95.73
13515,SnkW,1,0.0007,135834,95.73
13516,Snow96,1,0.0007,135835,95.73
13517,SnowShoes311,1,0.0007,135836,95.73
13518,Snowink,1,0.0007,135837,95.73
13519,Snowman163,1,0.0007,135838,95.73
13520,Snowman_69,1,0.0007,135839,95.74
13521,SnuggleBrr,1,0.0007,135840,95.74
13522,SocialAutistic658,1,0.0007,135841,95.74
13523,Sockmankey,1,0.0007,135842,95.74
13524,SodiumJelly6548,1,0.0007,135843,95.74
13525,Sofakles,1,0.0007,135844,95.74
13526,SofiLobos,1,0.0007,135845,95.74
13527,Sofia0814,1,0.0007,135846,95.74
13528,SoftNSquishy,1,0.0007,135847,95.74
13529,Softie21,1,0.0007,135848,95.74
13530,SolidSnape,1,0.0007,135849,95.74
13531,Solstice20,1,0.0007,135850,95.74
13532,Solus,1,0.0007,135851,95.74
13533,Soma69542,1,0.0007,135852,95.74
13534,SomeFishy,1,0.0007,135853,95.75
13535,SomeUglyNerd,1,0.0007,135854,95.75
13536,Some_Body,1,0.0007,135855,95.75
13537,Somedude123_and_a_half,1,0.0007,135856,95.75
13538,Somedude6,1,0.0007,135857,95.75
13539,Someonelolz,1,0.0007,135858,95.75
13540,SomewhereSomeday,1,0.0007,135859,95.75
13541,SonGokuKakarot,1,0.0007,135860,95.75
13542,Songoan007,1,0.0007,135861,95.75
13543,SonofAdams,1,0.0007,135862,95.75
13544,Soobo94,1,0.0007,135863,95.75
13545,Soodjoo,1,0.0007,135864,95.75
13546,SophieNora,1,0.0007,135865,95.75
13547,Soradow,1,0.0007,135866,95.75
13548,Soranthal,1,0.0007,135867,95.76
13549,Sorina,1,0.0007,135868,95.76
13550,Sotori,1,0.0007,135869,95.76
13551,SoulOsterraih,1,0.0007,135870,95.76
13552,SoulSaverTest,1,0.0007,135871,95.76
13553,Sourokuyoru,1,0.0007,135872,95.76
13554,SoutSa,1,0.0007,135873,95.76
13555,SpNaba,1,0.0007,135874,95.76
13556,SpaceGh0st,1,0.0007,135875,95.76
13557,SpaceHamster,1,0.0007,135876,95.76
13558,Space_Monkey69,1,0.0007,135877,95.76
13559,Spacenz,1,0.0007,135878,95.76
13560,Spacetoonic,1,0.0007,135879,95.76
13561,SpadeLovesFu,1,0.0007,135880,95.76
13562,SpankingFake,1,0.0007,135881,95.77
13563,Sparkitysparkspark,1,0.0007,135882,95.77
13564,SparklyBird,1,0.0007,135883,95.77
13565,Sparlaverse,1,0.0007,135884,95.77
13566,Spartacus98,1,0.0007,135885,95.77
13567,Sparthano,1,0.0007,135886,95.77
13568,Spartris,1,0.0007,135887,95.77
13569,Spat1984,1,0.0007,135888,95.77
13570,SpazAI,1,0.0007,135889,95.77
13571,SpecialOne,1,0.0007,135890,95.77
13572,SpeckV62,1,0.0007,135891,95.77
13573,Specs_07,1,0.0007,135892,95.77
13574,SpezyEnergy,1,0.0007,135893,95.77
13575,SpikeSpaghetti,1,0.0007,135894,95.77
13576,Spillebulle,1,0.0007,135895,95.77
13577,SpinMoon,1,0.0007,135896,95.78
13578,Spiraltek,1,0.0007,135897,95.78
13579,SpiritProbe,1,0.0007,135898,95.78
13580,SpooderMan69,1,0.0007,135899,95.78
13581,Sporozoa,1,0.0007,135900,95.78
13582,Spreadfilms0,1,0.0007,135901,95.78
13583,SpyderPR,1,0.0007,135902,95.78
13584,SqrtZ,1,0.0007,135903,95.78
13585,SqueezeBear,1,0.0007,135904,95.78
13586,Squigi,1,0.0007,135905,95.78
13587,SrshK,1,0.0007,135906,95.78
13588,Ssharkjira,1,0.0007,135907,95.78
13589,StabDiffer,1,0.0007,135908,95.78
13590,Stablaks,1,0.0007,135909,95.78
13591,StableFocus,1,0.0007,135910,95.79
13592,Stagnation,1,0.0007,135911,95.79
13593,Stalkerghost,1,0.0007,135912,95.79
13594,Stalouis,1,0.0007,135913,95.79
13595,Standard_Degenerate,1,0.0007,135914,95.79
13596,StanleyT,1,0.0007,135915,95.79
13597,StarDiffusionStudios,1,0.0007,135916,95.79
13598,Stark_75,1,0.0007,135917,95.79
13599,Starlightsong,1,0.0007,135918,95.79
13600,Starpaws,1,0.0007,135919,95.79
13601,Stedracu,1,0.0007,135920,95.79
13602,Steel_Lynx,1,0.0007,135921,95.79
13603,Steelgun,1,0.0007,135922,95.79
13604,StellaSplitter,1,0.0007,135923,95.79
13605,Step_Ladder,1,0.0007,135924,95.8
13606,StephEm,1,0.0007,135925,95.8
13607,StephanyHawk,1,0.0007,135926,95.8
13608,StereoAM,1,0.0007,135927,95.8
13609,Sterilize,1,0.0007,135928,95.8
13610,Steven_Rogers_TH,1,0.0007,135929,95.8
13611,StevieWorthy9574,1,0.0007,135930,95.8
13612,StigmA7,1,0.0007,135931,95.8
13613,Stinglarva_vs_Vhoscythe,1,0.0007,135932,95.8
13614,Stinkyboy,1,0.0007,135933,95.8
13615,Stinslow,1,0.0007,135934,95.8
13616,Stoner_SD,1,0.0007,135935,95.8
13617,StopGap,1,0.0007,135936,95.8
13618,StoreBrand,1,0.0007,135937,95.8
13619,Storyteller3000,1,0.0007,135938,95.81
13620,Straightman69,1,0.0007,135939,95.81
13621,Strakno,1,0.0007,135940,95.81
13622,StrangeUrsula,1,0.0007,135941,95.81
13623,Stravenyx,1,0.0007,135942,95.81
13624,StrayStranger,1,0.0007,135943,95.81
13625,StripeyCat,1,0.0007,135944,95.81
13626,Stroopwafel,1,0.0007,135945,95.81
13627,Stryker_Technologies_LLC,1,0.0007,135946,95.81
13628,Stuffandjunk1,1,0.0007,135947,95.81
13629,Style_Guy,1,0.0007,135948,95.81
13630,SubjectTonight3164621,1,0.0007,135949,95.81
13631,SuddenStriker111,1,0.0007,135950,95.81
13632,Sugaboba,1,0.0007,135951,95.81
13633,SuicideSun,1,0.0007,135952,95.82
13634,SuitKnight,1,0.0007,135953,95.82
13635,Sum_aiart,1,0.0007,135954,95.82
13636,Summer12345577,1,0.0007,135955,95.82
13637,Summer_Rain_,1,0.0007,135956,95.82
13638,SumoLisaSimpson,1,0.0007,135957,95.82
13639,SumoMargeSimpson,1,0.0007,135958,95.82
13640,SunflowerSamurai,1,0.0007,135959,95.82
13641,SunnyDrift,1,0.0007,135960,95.82
13642,Sunville,1,0.0007,135961,95.82
13643,SupaSus8134,1,0.0007,135962,95.82
13644,SuperMarino,1,0.0007,135963,95.82
13645,SuperThommyGun,1,0.0007,135964,95.82
13646,Superbearo,1,0.0007,135965,95.82
13647,Superomegae1093,1,0.0007,135966,95.82
13648,Supersascha,1,0.0007,135967,95.83
13649,Supersaw10,1,0.0007,135968,95.83
13650,Supersour,1,0.0007,135969,95.83
13651,Superwei,1,0.0007,135970,95.83
13652,SupraSexologist,1,0.0007,135971,95.83
13653,Sureto,1,0.0007,135972,95.83
13654,Surrounded,1,0.0007,135973,95.83
13655,SuruGuru,1,0.0007,135974,95.83
13656,Sutadasuto,1,0.0007,135975,95.83
13657,Sutech,1,0.0007,135976,95.83
13658,Suvat,1,0.0007,135977,95.83
13659,Suzuhara4412,1,0.0007,135978,95.83
13660,Sv324,1,0.0007,135979,95.83
13661,Svampbawb,1,0.0007,135980,95.83
13662,Sven_Elder,1,0.0007,135981,95.84
13663,Swallowlover69,1,0.0007,135982,95.84
13664,SweatySarah_,1,0.0007,135983,95.84
13665,SweetLikeKandee,1,0.0007,135984,95.84
13666,SweetSoundP0N3,1,0.0007,135985,95.84
13667,Sweetchampgirl,1,0.0007,135986,95.84
13668,Swept9130,1,0.0007,135987,95.84
13669,Syaumin,1,0.0007,135988,95.84
13670,Sylveon_Air,1,0.0007,135989,95.84
13671,Sylvesteruvu,1,0.0007,135990,95.84
13672,Sylvie_Bell,1,0.0007,135991,95.84
13673,Sylviea,1,0.0007,135992,95.84
13674,Sylvrwolflol,1,0.0007,135993,95.84
13675,SynFanta,1,0.0007,135994,95.84
13676,Synchronic,1,0.0007,135995,95.85
13677,SynderDragon,1,0.0007,135996,95.85
13678,Synology2368,1,0.0007,135997,95.85
13679,Syphilisse,1,0.0007,135998,95.85
13680,Szver,1,0.0007,135999,95.85
13681,TAKARA1413,1,0.0007,136000,95.85
13682,TBaruuk,1,0.0007,136001,95.85
13683,TENGAsommerier,1,0.0007,136002,95.85
13684,TENGOKU6580,1,0.0007,136003,95.85
13685,TGAX,1,0.0007,136004,95.85
13686,THCLFJ,1,0.0007,136005,95.85
13687,THEPEEPEEPOOPOOMAN1213,1,0.0007,136006,95.85
13688,THURRLIES,1,0.0007,136007,95.85
13689,TJBH,1,0.0007,136008,95.85
13690,TKLz7,1,0.0007,136009,95.86
13691,TKOKD,1,0.0007,136010,95.86
13692,TML_Crazy,1,0.0007,136011,95.86
13693,TMwMT,1,0.0007,136012,95.86
13694,TPKJ,1,0.0007,136013,95.86
13695,TParasdude,1,0.0007,136014,95.86
13696,TRPArt,1,0.0007,136015,95.86
13697,TRYING_AGAIN,1,0.0007,136016,95.86
13698,TSGAIA,1,0.0007,136017,95.86
13699,TSUBAKURI,1,0.0007,136018,95.86
13700,TTLreturn,1,0.0007,136019,95.86
13701,TWKongkong,1,0.0007,136020,95.86
13702,T_01_A,1,0.0007,136021,95.86
13703,Ta_MON,1,0.0007,136022,95.86
13704,Taalia,1,0.0007,136023,95.87
13705,TabyKat,1,0.0007,136024,95.87
13706,Taco_Dude,1,0.0007,136025,95.87
13707,Tacosuke,1,0.0007,136026,95.87
13708,Tad_Ghostal,1,0.0007,136027,95.87
13709,TaeIsRAS,1,0.0007,136028,95.87
13710,Tag_Crusader6556,1,0.0007,136029,95.87
13711,Tai_Trinh,1,0.0007,136030,95.87
13712,Taioku,1,0.0007,136031,95.87
13713,TaitKai,1,0.0007,136032,95.87
13714,Takkov,1,0.0007,136033,95.87
13715,Takobaby,1,0.0007,136034,95.87
13716,TakoizuNeko,1,0.0007,136035,95.87
13717,Talentless,1,0.0007,136036,95.87
13718,TalesfromOurDigitalLives,1,0.0007,136037,95.87
13719,Talisar,1,0.0007,136038,95.88
13720,TallAndGreen,1,0.0007,136039,95.88
13721,Tallyho88,1,0.0007,136040,95.88
13722,Tamagawa,1,0.0007,136041,95.88
13723,TamakeriV2,1,0.0007,136042,95.88
13724,TamakiFuta,1,0.0007,136043,95.88
13725,Tamra,1,0.0007,136044,95.88
13726,Tandom,1,0.0007,136045,95.88
13727,Tank21,1,0.0007,136046,95.88
13728,Tankdivision,1,0.0007,136047,95.88
13729,TanyaEjnoyer,1,0.0007,136048,95.88
13730,Taraluktus,1,0.0007,136049,95.88
13731,Tarprnt,1,0.0007,136050,95.88
13732,Taruu,1,0.0007,136051,95.88
13733,Tassit,1,0.0007,136052,95.89
13734,Tastefull,1,0.0007,136053,95.89
13735,TatersBarn,1,0.0007,136054,95.89
13736,TattooArtist,1,0.0007,136055,95.89
13737,Tawsobscure,1,0.0007,136056,95.89
13738,Taxixixa,1,0.0007,136057,95.89
13739,Tdurd20011,1,0.0007,136058,95.89
13740,TeTheuzzz,1,0.0007,136059,95.89
13741,Teal_Lizard,1,0.0007,136060,95.89
13742,TechCreature,1,0.0007,136061,95.89
13743,TechnicianSpecial666,1,0.0007,136062,95.89
13744,TechnoWaler,1,0.0007,136063,95.89
13745,Technoirai,1,0.0007,136064,95.89
13746,Teddy7897,1,0.0007,136065,95.89
13747,TeeJay87,1,0.0007,136066,95.9
13748,TeeNeeF,1,0.0007,136067,95.9
13749,Tekuzo,1,0.0007,136068,95.9
13750,Telekoi,1,0.0007,136069,95.9
13751,TelevisedAnarchy,1,0.0007,136070,95.9
13752,TempAccount11,1,0.0007,136071,95.9
13753,TempusRen,1,0.0007,136072,95.9
13754,TenTickles,1,0.0007,136073,95.9
13755,Tendernuggs11,1,0.0007,136074,95.9
13756,Tenj,1,0.0007,136075,95.9
13757,Tenshi_Akuma,1,0.0007,136076,95.9
13758,TensorArt1,1,0.0007,136077,95.9
13759,TentacleTherapist,1,0.0007,136078,95.9
13760,Tenuous,1,0.0007,136079,95.9
13761,TenyuanXX,1,0.0007,136080,95.91
13762,Terabonze,1,0.0007,136081,95.91
13763,TeratomaZone,1,0.0007,136082,95.91
13764,TestAccount99,1,0.0007,136083,95.91
13765,Tester_NsFW,1,0.0007,136084,95.91
13766,TestesdeIA,1,0.0007,136085,95.91
13767,Testicless,1,0.0007,136086,95.91
13768,Testmctesterson,1,0.0007,136087,95.91
13769,Testpon,1,0.0007,136088,95.91
13770,Tetete80099,1,0.0007,136089,95.91
13771,ThaBuissnes,1,0.0007,136090,95.91
13772,ThaNutZ,1,0.0007,136091,95.91
13773,ThatBastardJohnny,1,0.0007,136092,95.91
13774,ThatBonsaipanda,1,0.0007,136093,95.91
13775,ThatNewDood,1,0.0007,136094,95.92
13776,That_red_fox,1,0.0007,136095,95.92
13777,Thatguy37,1,0.0007,136096,95.92
13778,Thatguy4,1,0.0007,136097,95.92
13779,Thatrandomjew,1,0.0007,136098,95.92
13780,The2_bros,1,0.0007,136099,95.92
13781,TheAnonHippo,1,0.0007,136100,95.92
13782,TheAzaz,1,0.0007,136101,95.92
13783,TheBabeFactory,1,0.0007,136102,95.92
13784,TheBallon,1,0.0007,136103,95.92
13785,TheBete,1,0.0007,136104,95.92
13786,TheBigBog,1,0.0007,136105,95.92
13787,TheBigRico,1,0.0007,136106,95.92
13788,TheBimboShopper,1,0.0007,136107,95.92
13789,TheBlackRapture,1,0.0007,136108,95.93
13790,TheBram,1,0.0007,136109,95.93
13791,TheBrownienator262,1,0.0007,136110,95.93
13792,TheCableMAN_RJ45,1,0.0007,136111,95.93
13793,TheCartoonyGhost,1,0.0007,136112,95.93
13794,TheCatchBat,1,0.0007,136113,95.93
13795,TheChipettesArtificial,1,0.0007,136114,95.93
13796,TheCoffeeDeer,1,0.0007,136115,95.93
13797,TheDanMan,1,0.0007,136116,95.93
13798,TheDarkTendril,1,0.0007,136117,95.93
13799,TheDeaddistOfBots,1,0.0007,136118,95.93
13800,TheDelta,1,0.0007,136119,95.93
13801,TheDragonPodiatrist,1,0.0007,136120,95.93
13802,TheDragonPuffy,1,0.0007,136121,95.93
13803,TheEXMaker,1,0.0007,136122,95.93
13804,TheFemaleCorrinCosplayer,1,0.0007,136123,95.94
13805,TheFerrari,1,0.0007,136124,95.94
13806,TheFunnyAlien2002,1,0.0007,136125,95.94
13807,TheFurCreature,1,0.0007,136126,95.94
13808,TheGOAT123,1,0.0007,136127,95.94
13809,TheGoldenDawn,1,0.0007,136128,95.94
13810,TheGreatMan123,1,0.0007,136129,95.94
13811,TheGreatOne321,1,0.0007,136130,95.94
13812,TheHiddenPicture,1,0.0007,136131,95.94
13813,TheKingMultiversal,1,0.0007,136132,95.94
13814,TheKinkSociety,1,0.0007,136133,95.94
13815,TheKraken2024,1,0.0007,136134,95.94
13816,TheLocalLab,1,0.0007,136135,95.94
13817,TheLorisCrak,1,0.0007,136136,95.94
13818,TheMistedOne,1,0.0007,136137,95.95
13819,TheMonsterDownstairs,1,0.0007,136138,95.95
13820,TheMothering,1,0.0007,136139,95.95
13821,TheMrSugar,1,0.0007,136140,95.95
13822,TheNicePig,1,0.0007,136141,95.95
13823,TheObscureOne,1,0.0007,136142,95.95
13824,TheOldHermit,1,0.0007,136143,95.95
13825,TheOrangeFox,1,0.0007,136144,95.95
13826,TheRedRhino,1,0.0007,136145,95.95
13827,TheSagittarius,1,0.0007,136146,95.95
13828,TheSantorias94,1,0.0007,136147,95.95
13829,TheShredderShreds,1,0.0007,136148,95.95
13830,TheWayToGod,1,0.0007,136149,95.95
13831,TheWolf1092,1,0.0007,136150,95.95
13832,The_AI_Will_Get_You,1,0.0007,136151,95.96
13833,The_Ai_Barbie,1,0.0007,136152,95.96
13834,The_Floating_World,1,0.0007,136153,95.96
13835,The_Grand_Apothecary,1,0.0007,136154,95.96
13836,The_Jokai,1,0.0007,136155,95.96
13837,The_Maxkedy,1,0.0007,136156,95.96
13838,The_MoonKing,1,0.0007,136157,95.96
13839,The_Myth,1,0.0007,136158,95.96
13840,The_Senior,1,0.0007,136159,95.96
13841,The_Submissive_Fellow,1,0.0007,136160,95.96
13842,The_Thunder_Queen,1,0.0007,136161,95.96
13843,The_Transcendent,1,0.0007,136162,95.96
13844,The_Twilight_Fox,1,0.0007,136163,95.96
13845,The_Zapper,1,0.0007,136164,95.96
13846,Theast,1,0.0007,136165,95.97
13847,Thefool,1,0.0007,136166,95.97
13848,Thegayfootjoblover,1,0.0007,136167,95.97
13849,Thehydra,1,0.0007,136168,95.97
13850,Theidiotgooberboi,1,0.0007,136169,95.97
13851,Thero,1,0.0007,136170,95.97
13852,Therr,1,0.0007,136171,95.97
13853,Theschmay,1,0.0007,136172,95.97
13854,Theshadow1325,1,0.0007,136173,95.97
13855,ThetaCursed,1,0.0007,136174,95.97
13856,Thewizard102,1,0.0007,136175,95.97
13857,ThiccTentacles7861,1,0.0007,136176,95.97
13858,Thiccmonks,1,0.0007,136177,95.97
13859,ThickCat,1,0.0007,136178,95.97
13860,ThickLuvs,1,0.0007,136179,95.98
13861,Thick_Definition4214,1,0.0007,136180,95.98
13862,ThighGuy4,1,0.0007,136181,95.98
13863,Thirius,1,0.0007,136182,95.98
13864,This_guy_here56,1,0.0007,136183,95.98
13865,This_tag_gas,1,0.0007,136184,95.98
13866,Thokeo,1,0.0007,136185,95.98
13867,ThomasMizuno,1,0.0007,136186,95.98
13868,Thorium32434235,1,0.0007,136187,95.98
13869,ThotaraEarrings,1,0.0007,136188,95.98
13870,Thrordainul,1,0.0007,136189,95.98
13871,ThrowawayAccount101,1,0.0007,136190,95.98
13872,Thull21,1,0.0007,136191,95.98
13873,ThunderMcNeil,1,0.0007,136192,95.98
13874,Thunder_Flash,1,0.0007,136193,95.98
13875,Thyreophora,1,0.0007,136194,95.99
13876,Tiamywaify,1,0.0007,136195,95.99
13877,TibaltCosmos,1,0.0007,136196,95.99
13878,TiddyHunta,1,0.0007,136197,95.99
13879,TigerTailTiffany,1,0.0007,136198,95.99
13880,Tigros,1,0.0007,136199,95.99
13881,TimPiercer,1,0.0007,136200,95.99
13882,Timekss,1,0.0007,136201,95.99
13883,TimerunnerAiArt,1,0.0007,136202,95.99
13884,Timstar,1,0.0007,136203,95.99
13885,Tink_17,1,0.0007,136204,95.99
13886,Tinker1256,1,0.0007,136205,95.99
13887,Tinker_Knight,1,0.0007,136206,95.99
13888,TinySandwich,1,0.0007,136207,95.99
13889,TipsyAI91,1,0.0007,136208,96.0
13890,Tisma01,1,0.0007,136209,96.0
13891,TittiesSucker,1,0.0007,136210,96.0
13892,TittyDickens,1,0.0007,136211,96.0
13893,TobinXC,1,0.0007,136212,96.0
13894,Todgins,1,0.0007,136213,96.0
13895,ToeCain,1,0.0007,136214,96.0
13896,TofukuDesu,1,0.0007,136215,96.0
13897,TokiAubedargent,1,0.0007,136216,96.0
13898,Tokitoki4000,1,0.0007,136217,96.0
13899,Toliskitten,1,0.0007,136218,96.0
13900,TomTom,1,0.0007,136219,96.0
13901,Tom_Wilner,1,0.0007,136220,96.0
13902,Tommycjr,1,0.0007,136221,96.0
13903,Tomoko420,1,0.0007,136222,96.01
13904,TompiAi,1,0.0007,136223,96.01
13905,TonariNoTaku,1,0.0007,136224,96.01
13906,TonicCum,1,0.0007,136225,96.01
13907,TonySSS,1,0.0007,136226,96.01
13908,TonyVan,1,0.0007,136227,96.01
13909,Tooghlin,1,0.0007,136228,96.01
13910,TopGunToTheTop,1,0.0007,136229,96.01
13911,Torque,1,0.0007,136230,96.01
13912,TotalBaby,1,0.0007,136231,96.01
13913,Totemo16,1,0.0007,136232,96.01
13914,Tothesky,1,0.0007,136233,96.01
13915,TowerOfBravile,1,0.0007,136234,96.01
13916,ToxicF4TE,1,0.0007,136235,96.01
13917,ToxicityNonAxis,1,0.0007,136236,96.02
13918,ToysINC,1,0.0007,136237,96.02
13919,Tphqq,1,0.0007,136238,96.02
13920,Tr4shP4nda,1,0.0007,136239,96.02
13921,Trac04381798,1,0.0007,136240,96.02
13922,TrainerWithAPokedexToFill,1,0.0007,136241,96.02
13923,Trainer_Godsora,1,0.0007,136242,96.02
13924,Tranquil_Dominance,1,0.0007,136243,96.02
13925,TranscendntNut,1,0.0007,136244,96.02
13926,Trapcrow,1,0.0007,136245,96.02
13927,TrashPanda42,1,0.0007,136246,96.02
13928,Trashmaster69420,1,0.0007,136247,96.02
13929,Trauter,1,0.0007,136248,96.02
13930,Trealhx,1,0.0007,136249,96.02
13931,TreeTed,1,0.0007,136250,96.03
13932,Trefolder,1,0.0007,136251,96.03
13933,TributetoDaisy,1,0.0007,136252,96.03
13934,TrickSick,1,0.0007,136253,96.03
13935,TriggerFan99,1,0.0007,136254,96.03
13936,TrinityChanneler,1,0.0007,136255,96.03
13937,Triple_Headed_Monkey,1,0.0007,136256,96.03
13938,Triplefe,1,0.0007,136257,96.03
13939,Triplenne,1,0.0007,136258,96.03
13940,Trisfan1,1,0.0007,136259,96.03
13941,Triumphant,1,0.0007,136260,96.03
13942,Trixies,1,0.0007,136261,96.03
13943,Troathra2,1,0.0007,136262,96.03
13944,Trsroyki,1,0.0007,136263,96.03
13945,TrueJameson,1,0.0007,136264,96.03
13946,Trume,1,0.0007,136265,96.04
13947,TsarDicholas,1,0.0007,136266,96.04
13948,Tsuchi49,1,0.0007,136267,96.04
13949,Tsuchigumo,1,0.0007,136268,96.04
13950,TsunadeSenju,1,0.0007,136269,96.04
13951,TubbyPonyLover,1,0.0007,136270,96.04
13952,Tuft_,1,0.0007,136271,96.04
13953,Tugl,1,0.0007,136272,96.04
13954,Tujfain04,1,0.0007,136273,96.04
13955,TundraVII,1,0.0007,136274,96.04
13956,TurfySeven,1,0.0007,136275,96.04
13957,Turon,1,0.0007,136276,96.04
13958,Turtle01,1,0.0007,136277,96.04
13959,Turtle_Djinn,1,0.0007,136278,96.04
13960,Turtleking,1,0.0007,136279,96.05
13961,Turtlesandyoshi,1,0.0007,136280,96.05
13962,Tuwwwz,1,0.0007,136281,96.05
13963,Tuyauxhhhh,1,0.0007,136282,96.05
13964,TuziAi,1,0.0007,136283,96.05
13965,TuziTeng,1,0.0007,136284,96.05
13966,TwiiiistASaintTropez769,1,0.0007,136285,96.05
13967,Twinkling_at_dawn,1,0.0007,136286,96.05
13968,TwoMP,1,0.0007,136287,96.05
13969,TwoMoreTimes89,1,0.0007,136288,96.05
13970,TyPizza,1,0.0007,136289,96.05
13971,Ty_Lee,1,0.0007,136290,96.05
13972,TylerZeta,1,0.0007,136291,96.05
13973,Tyre2222,1,0.0007,136292,96.05
13974,UHSH,1,0.0007,136293,96.06
13975,UPAN05,1,0.0007,136294,96.06
13976,UTdT_69,1,0.0007,136295,96.06
13977,UghUghUggghhhh,1,0.0007,136296,96.06
13978,Ugleh,1,0.0007,136297,96.06
13979,Uidea,1,0.0007,136298,96.06
13980,Uilore,1,0.0007,136299,96.06
13981,Ujjwal_Karn,1,0.0007,136300,96.06
13982,Ulololo,1,0.0007,136301,96.06
13983,UlteriorEgo,1,0.0007,136302,96.06
13984,UltraFlux,1,0.0007,136303,96.06
13985,UmHello,1,0.0007,136304,96.06
13986,UmaKS,1,0.0007,136305,96.06
13987,Umbra_jpeg,1,0.0007,136306,96.06
13988,UmeHume,1,0.0007,136307,96.07
13989,Uncharted83,1,0.0007,136308,96.07
13990,UncleanArt,1,0.0007,136309,96.07
13991,UnderDug,1,0.0007,136310,96.07
13992,UnderTheIcy,1,0.0007,136311,96.07
13993,UndertaleDoggo,1,0.0007,136312,96.07
13994,Undresser,1,0.0007,136313,96.07
13995,Unglow,1,0.0007,136314,96.07
13996,UnholyBebra,1,0.0007,136315,96.07
13997,UnicornDaddy,1,0.0007,136316,96.07
13998,UnicornShark,1,0.0007,136317,96.07
13999,Unknow77,1,0.0007,136318,96.07
14000,UnknownUser943,1,0.0007,136319,96.07
14001,UnlikelyIce,1,0.0007,136320,96.07
14002,UnreailAgency,1,0.0007,136321,96.08
14003,UnstableHuman,1,0.0007,136322,96.08
14004,Up_punchington,1,0.0007,136323,96.08
14005,UpandLow,1,0.0007,136324,96.08
14006,Urdeadmom,1,0.0007,136325,96.08
14007,UrubuDoPix,1,0.0007,136326,96.08
14008,Uruca,1,0.0007,136327,96.08
14009,User122112,1,0.0007,136328,96.08
14010,User1277171,1,0.0007,136329,96.08
14011,User39048230,1,0.0007,136330,96.08
14012,User_021,1,0.0007,136331,96.08
14013,Userx935,1,0.0007,136332,96.08
14014,Usual_User42,1,0.0007,136333,96.08
14015,UtamaruNicolas,1,0.0007,136334,96.08
14016,Uuid144,1,0.0007,136335,96.08
14017,Uuiiiaa,1,0.0007,136336,96.09
14018,UwUSlayer69,1,0.0007,136337,96.09
14019,VB23,1,0.0007,136338,96.09
14020,VB2323,1,0.0007,136339,96.09
14021,VError,1,0.0007,136340,96.09
14022,VG998,1,0.0007,136341,96.09
14023,VHONE,1,0.0007,136342,96.09
14024,VIPULGFX,1,0.0007,136343,96.09
14025,VIRH,1,0.0007,136344,96.09
14026,VUITTONL,1,0.0007,136345,96.09
14027,VV24,1,0.0007,136346,96.09
14028,VX15506128025,1,0.0007,136347,96.09
14029,VXVem,1,0.0007,136348,96.09
14030,V_Schmidt,1,0.0007,136349,96.09
14031,Vahle2,1,0.0007,136350,96.1
14032,Vainer48,1,0.0007,136351,96.1
14033,ValentinAI,1,0.0007,136352,96.1
14034,Valera322,1,0.0007,136353,96.1
14035,Valhalleks,1,0.0007,136354,96.1
14036,Valkers,1,0.0007,136355,96.1
14037,Valkyrie2929,1,0.0007,136356,96.1
14038,ValosEmed,1,0.0007,136357,96.1
14039,VamooseBambel,1,0.0007,136358,96.1
14040,VampyDet,1,0.0007,136359,96.1
14041,VanatorDragon,1,0.0007,136360,96.1
14042,Vandapaivasantosgmailcom,1,0.0007,136361,96.1
14043,Vanilla_Memories,1,0.0007,136362,96.1
14044,Vapps_2,1,0.0007,136363,96.1
14045,Vartojpg,1,0.0007,136364,96.11
14046,Vattax234945,1,0.0007,136365,96.11
14047,Vector_Impulse,1,0.0007,136366,96.11
14048,VegaProxy,1,0.0007,136367,96.11
14049,Veil_of_Desire,1,0.0007,136368,96.11
14050,Veilance,1,0.0007,136369,96.11
14051,VelexiaOmbra,1,0.0007,136370,96.11
14052,VelizixDragon,1,0.0007,136371,96.11
14053,Velox24,1,0.0007,136372,96.11
14054,VelvetSugarhooves,1,0.0007,136373,96.11
14055,Venomshank,1,0.0007,136374,96.11
14056,Ventu5,1,0.0007,136375,96.11
14057,Veranda,1,0.0007,136376,96.11
14058,Veranis,1,0.0007,136377,96.11
14059,Versus_one,1,0.0007,136378,96.12
14060,VertexNull,1,0.0007,136379,96.12
14061,VertigoGoLoco,1,0.0007,136380,96.12
14062,Vesta314w,1,0.0007,136381,96.12
14063,VestalWater,1,0.0007,136382,96.12
14064,Vexarus,1,0.0007,136383,96.12
14065,Vexus12,1,0.0007,136384,96.12
14066,Vfan3000,1,0.0007,136385,96.12
14067,Viccolo,1,0.0007,136386,96.12
14068,ViciousTulpa,1,0.0007,136387,96.12
14069,Viktor2003,1,0.0007,136388,96.12
14070,ViktorVaughnBlack,1,0.0007,136389,96.12
14071,Vile1,1,0.0007,136390,96.12
14072,VileJelly,1,0.0007,136391,96.12
14073,Vilefoxain,1,0.0007,136392,96.13
14074,VillianB8,1,0.0007,136393,96.13
14075,VingadorBR,1,0.0007,136394,96.13
14076,ViniTab,1,0.0007,136395,96.13
14077,Violetia,1,0.0007,136396,96.13
14078,Virago,1,0.0007,136397,96.13
14079,Virgoo,1,0.0007,136398,96.13
14080,Virolainen,1,0.0007,136399,96.13
14081,VisaoLopes,1,0.0007,136400,96.13
14082,Visionary57,1,0.0007,136401,96.13
14083,Visionary8T,1,0.0007,136402,96.13
14084,Visionmaster,1,0.0007,136403,96.13
14085,VisualDrug,1,0.0007,136404,96.13
14086,Vita,1,0.0007,136405,96.13
14087,VixenPic,1,0.0007,136406,96.14
14088,Vnderworld,1,0.0007,136407,96.14
14089,VoctorN,1,0.0007,136408,96.14
14090,Voevoda,1,0.0007,136409,96.14
14091,VoidMen,1,0.0007,136410,96.14
14092,VoidRush,1,0.0007,136411,96.14
14093,Volceberg,1,0.0007,136412,96.14
14094,Voldar,1,0.0007,136413,96.14
14095,Volliame,1,0.0007,136414,96.14
14096,Voodoo1029,1,0.0007,136415,96.14
14097,Vorax,1,0.0007,136416,96.14
14098,Vorstcavry,1,0.0007,136417,96.14
14099,VovoFEETS,1,0.0007,136418,96.14
14100,VrendanBobtheBuilder,1,0.0007,136419,96.14
14101,Vrixy,1,0.0007,136420,96.14
14102,Vunk69,1,0.0007,136421,96.15
14103,VyacheslavVet,1,0.0007,136422,96.15
14104,W2R,1,0.0007,136423,96.15
14105,WALDINIXX,1,0.0007,136424,96.15
14106,WHYNOTFY,1,0.0007,136425,96.15
14107,WL_MOONLIGHT,1,0.0007,136426,96.15
14108,WOWEvan,1,0.0007,136427,96.15
14109,WR8,1,0.0007,136428,96.15
14110,WZRD117,1,0.0007,136429,96.15
14111,Wabungus26,1,0.0007,136430,96.15
14112,WackyArt,1,0.0007,136431,96.15
14113,Wafu,1,0.0007,136432,96.15
14114,WaifuCollector,1,0.0007,136433,96.15
14115,WaifuDreams,1,0.0007,136434,96.15
14116,WaifuPeaky,1,0.0007,136435,96.16
14117,WaifuTamer,1,0.0007,136436,96.16
14118,WaifuWitches,1,0.0007,136437,96.16
14119,WaifuZone,1,0.0007,136438,96.16
14120,Waifu_enjoyer,1,0.0007,136439,96.16
14121,Walenty,1,0.0007,136440,96.16
14122,Wandara,1,0.0007,136441,96.16
14123,WangnanJahard,1,0.0007,136442,96.16
14124,Wankbank892,1,0.0007,136443,96.16
14125,WannabeLatexCatboy,1,0.0007,136444,96.16
14126,WantsToEatLawrence,1,0.0007,136445,96.16
14127,Wappalappa,1,0.0007,136446,96.16
14128,WarHog1116,1,0.0007,136447,96.16
14129,Waraen,1,0.0007,136448,96.16
14130,Warpy,1,0.0007,136449,96.17
14131,Warrion,1,0.0007,136450,96.17
14132,WarriorMama777,1,0.0007,136451,96.17
14133,Warzin,1,0.0007,136452,96.17
14134,Wasabiya,1,0.0007,136453,96.17
14135,WastedMan,1,0.0007,136454,96.17
14136,WatchfulIdols,1,0.0007,136455,96.17
14137,WatermelonHanzo,1,0.0007,136456,96.17
14138,WatermelonStudio,1,0.0007,136457,96.17
14139,Wduoduoc,1,0.0007,136458,96.17
14140,WebheadOne,1,0.0007,136459,96.17
14141,Weeab0ss,1,0.0007,136460,96.17
14142,WeirdDreamer,1,0.0007,136461,96.17
14143,Weird_ftr286,1,0.0007,136462,96.17
14144,Wellington1815,1,0.0007,136463,96.18
14145,Wenaka_,1,0.0007,136464,96.18
14146,WendyKoopa,1,0.0007,136465,96.18
14147,Werfur,1,0.0007,136466,96.18
14148,Weytani,1,0.0007,136467,96.18
14149,Wheeeeeeeeeeeeee,1,0.0007,136468,96.18
14150,WhisperingHopeAway,1,0.0007,136469,96.18
14151,WhisperingVeil,1,0.0007,136470,96.18
14152,WhiteCaliberFox,1,0.0007,136471,96.18
14153,WhiteRabbit7,1,0.0007,136472,96.18
14154,WhiteSilence,1,0.0007,136473,96.18
14155,WhiteWhale1,1,0.0007,136474,96.18
14156,WhiterStudioAi,1,0.0007,136475,96.18
14157,Wholeheart,1,0.0007,136476,96.18
14158,Whoopseez,1,0.0007,136477,96.19
14159,WhosMeWhosYou,1,0.0007,136478,96.19
14160,Whynotll83,1,0.0007,136479,96.19
14161,WifeGen,1,0.0007,136480,96.19
14162,WifeofPeg,1,0.0007,136481,96.19
14163,Wifioak,1,0.0007,136482,96.19
14164,WildDitto,1,0.0007,136483,96.19
14165,WildWarp2024,1,0.0007,136484,96.19
14166,Wildemar,1,0.0007,136485,96.19
14167,Will121,1,0.0007,136486,96.19
14168,WilliamOtto,1,0.0007,136487,96.19
14169,WilliamTRiker,1,0.0007,136488,96.19
14170,WilliamsS,1,0.0007,136489,96.19
14171,WillingWhereabout,1,0.0007,136490,96.19
14172,Wincentury528,1,0.0007,136491,96.19
14173,WindyCloud98,1,0.0007,136492,96.2
14174,Windy_Ruler,1,0.0007,136493,96.2
14175,WinstonCASTER1,1,0.0007,136494,96.2
14176,WinterfieldAI,1,0.0007,136495,96.2
14177,WizMonkey,1,0.0007,136496,96.2
14178,WizardBattle,1,0.0007,136497,96.2
14179,WizardWhitebeard,1,0.0007,136498,96.2
14180,Wizzwu,1,0.0007,136499,96.2
14181,Wlad777,1,0.0007,136500,96.2
14182,WoLodEstt,1,0.0007,136501,96.2
14183,Wolf_Systems,1,0.0007,136502,96.2
14184,Wolfangel,1,0.0007,136503,96.2
14185,Wolferin,1,0.0007,136504,96.2
14186,Wolfy_k,1,0.0007,136505,96.2
14187,Wonderful_even_Good,1,0.0007,136506,96.21
14188,WongWu,1,0.0007,136507,96.21
14189,Wontty333,1,0.0007,136508,96.21
14190,Woodsman1407,1,0.0007,136509,96.21
14191,WordPoodle,1,0.0007,136510,96.21
14192,Worsty,1,0.0007,136511,96.21
14193,Wowza420,1,0.0007,136512,96.21
14194,Wraith39077,1,0.0007,136513,96.21
14195,Wraithbone,1,0.0007,136514,96.21
14196,WritePublishRebeat,1,0.0007,136515,96.21
14197,Wtf96,1,0.0007,136516,96.21
14198,WuNoone,1,0.0007,136517,96.21
14199,WubbaDubDub,1,0.0007,136518,96.21
14200,WumSingTong,1,0.0007,136519,96.21
14201,XDghost425,1,0.0007,136520,96.22
14202,XIAMUX,1,0.0007,136521,96.22
14203,XPOSEDlove,1,0.0007,136522,96.22
14204,XabsoliteX05,1,0.0007,136523,96.22
14205,XalapaJefe,1,0.0007,136524,96.22
14206,Xalder,1,0.0007,136525,96.22
14207,Xamber24,1,0.0007,136526,96.22
14208,Xaoman,1,0.0007,136527,96.22
14209,Xaras,1,0.0007,136528,96.22
14210,Xarvy,1,0.0007,136529,96.22
14211,XaxBieBlan,1,0.0007,136530,96.22
14212,Xayro,1,0.0007,136531,96.22
14213,Xcinosaka,1,0.0007,136532,96.22
14214,Xenney,1,0.0007,136533,96.22
14215,Xeno443,1,0.0007,136534,96.23
14216,Xenorathe1,1,0.0007,136535,96.23
14217,Xetu,1,0.0007,136536,96.23
14218,XiMiRaL,1,0.0007,136537,96.23
14219,XiYoulee,1,0.0007,136538,96.23
14220,XiaoYanDu_,1,0.0007,136539,96.23
14221,XinYiBai,1,0.0007,136540,96.23
14222,Xisjwnwnnw,1,0.0007,136541,96.23
14223,Xiu_Relicta,1,0.0007,136542,96.23
14224,Xiuran,1,0.0007,136543,96.23
14225,Xlmffdiss,1,0.0007,136544,96.23
14226,Xmutsix,1,0.0007,136545,96.23
14227,Xoci,1,0.0007,136546,96.23
14228,Xocotrash,1,0.0007,136547,96.23
14229,Xpro34,1,0.0007,136548,96.24
14230,Xrt_atul,1,0.0007,136549,96.24
14231,Xtrip111,1,0.0007,136550,96.24
14232,Y3rg,1,0.0007,136551,96.24
14233,Y5targazer,1,0.0007,136552,96.24
14234,YA01,1,0.0007,136553,96.24
14235,YINNER123,1,0.0007,136554,96.24
14236,YOUTIAOSD,1,0.0007,136555,96.24
14237,YYkx,1,0.0007,136556,96.24
14238,Y_S_M,1,0.0007,136557,96.24
14239,Y_V,1,0.0007,136558,96.24
14240,Yabbadayum,1,0.0007,136559,96.24
14241,YamatoTakao,1,0.0007,136560,96.24
14242,YamiNoTsurugi,1,0.0007,136561,96.24
14243,YamiWuya2727,1,0.0007,136562,96.24
14244,Yanariks,1,0.0007,136563,96.25
14245,YangTail,1,0.0007,136564,96.25
14246,YaoiArgLovers,1,0.0007,136565,96.25
14247,Yataerou,1,0.0007,136566,96.25
14248,Yauyauaay,1,0.0007,136567,96.25
14249,YawnFawn,1,0.0007,136568,96.25
14250,Yclericus,1,0.0007,136569,96.25
14251,Ydaya,1,0.0007,136570,96.25
14252,Yeahsick,1,0.0007,136571,96.25
14253,YeetCannon,1,0.0007,136572,96.25
14254,YefIsAnAmbivert,1,0.0007,136573,96.25
14255,Yero,1,0.0007,136574,96.25
14256,Yeronga24,1,0.0007,136575,96.25
14257,YiiSH,1,0.0007,136576,96.25
14258,Yinlover,1,0.0007,136577,96.26
14259,Yo0001,1,0.0007,136578,96.26
14260,YoYoboiis,1,0.0007,136579,96.26
14261,Yodq1234,1,0.0007,136580,96.26
14262,Yokaix,1,0.0007,136581,96.26
14263,YouArKnow,1,0.0007,136582,96.26
14264,YouYouTheBoxx,1,0.0007,136583,96.26
14265,Youfigureit,1,0.0007,136584,96.26
14266,YourAnimeHaven,1,0.0007,136585,96.26
14267,YourDesu,1,0.0007,136586,96.26
14268,Yourmomd,1,0.0007,136587,96.26
14269,YoxRider,1,0.0007,136588,96.26
14270,Yoyochampion,1,0.0007,136589,96.26
14271,YuChuXi,1,0.0007,136590,96.26
14272,Yuhfhsjsj,1,0.0007,136591,96.27
14273,Yuhuger,1,0.0007,136592,96.27
14274,Yukayuyu,1,0.0007,136593,96.27
14275,Yukitoko,1,0.0007,136594,96.27
14276,YumemiAI,1,0.0007,136595,96.27
14277,Yuno779,1,0.0007,136596,96.27
14278,Yuri90,1,0.0007,136597,96.27
14279,Yurifag,1,0.0007,136598,96.27
14280,YuriofteHRE,1,0.0007,136599,96.27
14281,YuriyDDT,1,0.0007,136600,96.27
14282,YutaLolita,1,0.0007,136601,96.27
14283,Yutashiki,1,0.0007,136602,96.27
14284,Yuuki_S,1,0.0007,136603,96.27
14285,YuumiSan,1,0.0007,136604,96.27
14286,Yuyu_01,1,0.0007,136605,96.28
14287,Yuzhi_QAQ,1,0.0007,136606,96.28
14288,ZBEASTG,1,0.0007,136607,96.28
14289,ZEMRO,1,0.0007,136608,96.28
14290,ZERA1111,1,0.0007,136609,96.28
14291,ZK_AI,1,0.0007,136610,96.28
14292,ZLIKOMON,1,0.0007,136611,96.28
14293,ZNyixK33EMqMXkIQEAEw,1,0.0007,136612,96.28
14294,ZOMBIE4,1,0.0007,136613,96.28
14295,ZX_zuobian,1,0.0007,136614,96.28
14296,ZZork,1,0.0007,136615,96.28
14297,Zaboto,1,0.0007,136616,96.28
14298,Zacapa,1,0.0007,136617,96.28
14299,ZacharyTiger,1,0.0007,136618,96.28
14300,Zahi,1,0.0007,136619,96.29
14301,Zaidd,1,0.0007,136620,96.29
14302,Zantares,1,0.0007,136621,96.29
14303,Zantetsuken10,1,0.0007,136622,96.29
14304,Zanthite753,1,0.0007,136623,96.29
14305,Zap9,1,0.0007,136624,96.29
14306,Zapperil,1,0.0007,136625,96.29
14307,Zarkos,1,0.0007,136626,96.29
14308,Zartts,1,0.0007,136627,96.29
14309,ZaxxxerAI,1,0.0007,136628,96.29
14310,Zaya17,1,0.0007,136629,96.29
14311,ZbxxBZ,1,0.0007,136630,96.29
14312,ZederBreys,1,0.0007,136631,96.29
14313,Zedol005,1,0.0007,136632,96.29
14314,Zee97,1,0.0007,136633,96.3
14315,Zeetaa446,1,0.0007,136634,96.3
14316,Zeherit,1,0.0007,136635,96.3
14317,Zekris,1,0.0007,136636,96.3
14318,Zelinez,1,0.0007,136637,96.3
14319,Zelldic,1,0.0007,136638,96.3
14320,Zelum_Vulpis,1,0.0007,136639,96.3
14321,Zeman528,1,0.0007,136640,96.3
14322,ZeniaAI,1,0.0007,136641,96.3
14323,Zenniog,1,0.0007,136642,96.3
14324,Zentaeron,1,0.0007,136643,96.3
14325,Zenvoir,1,0.0007,136644,96.3
14326,ZephyrRay,1,0.0007,136645,96.3
14327,Zer0zer0thr3,1,0.0007,136646,96.3
14328,ZeroEffort,1,0.0007,136647,96.3
14329,Zerschmetterling,1,0.0007,136648,96.31
14330,ZetaNull,1,0.0007,136649,96.31
14331,ZeusFDelta,1,0.0007,136650,96.31
14332,ZeuzVL,1,0.0007,136651,96.31
14333,ZfiveFan,1,0.0007,136652,96.31
14334,ZhaoQianye,1,0.0007,136653,96.31
14335,ZhaoTiedan7,1,0.0007,136654,96.31
14336,ZiKZ605R,1,0.0007,136655,96.31
14337,Zik605r,1,0.0007,136656,96.31
14338,Zim66616,1,0.0007,136657,96.31
14339,ZiraXXX,1,0.0007,136658,96.31
14340,Zlax,1,0.0007,136659,96.31
14341,Zoeeee,1,0.0007,136660,96.31
14342,Zoer_Liu,1,0.0007,136661,96.31
14343,Zomkh,1,0.0007,136662,96.32
14344,Zorak,1,0.0007,136663,96.32
14345,Zorak123456789,1,0.0007,136664,96.32
14346,Zoranox,1,0.0007,136665,96.32
14347,Zorillo,1,0.0007,136666,96.32
14348,Zouzou_,1,0.0007,136667,96.32
14349,Zsido0708,1,0.0007,136668,96.32
14350,Zsigulikguk6,1,0.0007,136669,96.32
14351,Ztc876,1,0.0007,136670,96.32
14352,ZulFrontal96,1,0.0007,136671,96.32
14353,Zungaz,1,0.0007,136672,96.32
14354,ZuzaZaleno,1,0.0007,136673,96.32
14355,Zxcq1,1,0.0007,136674,96.32
14356,_1OwO1_,1,0.0007,136675,96.32
14357,_Atus,1,0.0007,136676,96.33
14358,_Bunny_Boy_,1,0.0007,136677,96.33
14359,_Dees_,1,0.0007,136678,96.33
14360,_E_,1,0.0007,136679,96.33
14361,_Insert_Username_Here,1,0.0007,136680,96.33
14362,_MileoXLR_,1,0.0007,136681,96.33
14363,_Miyu_,1,0.0007,136682,96.33
14364,_Roach_,1,0.0007,136683,96.33
14365,_Varos_,1,0.0007,136684,96.33
14366,_William_Blake_,1,0.0007,136685,96.33
14367,____NULL____,1,0.0007,136686,96.33
14368,_arkh_,1,0.0007,136687,96.33
14369,_asora,1,0.0007,136688,96.33
14370,_d,1,0.0007,136689,96.33
14371,_degenerativeai_,1,0.0007,136690,96.34
14372,_ratman_,1,0.0007,136691,96.34
14373,_vortex,1,0.0007,136692,96.34
14374,a0970384075547,1,0.0007,136693,96.34
14375,a1109257841381,1,0.0007,136694,96.34
14376,a1134858015,1,0.0007,136695,96.34
14377,a15202286323742,1,0.0007,136696,96.34
14378,a1628193992868,1,0.0007,136697,96.34
14379,a23153038,1,0.0007,136698,96.34
14380,a2431436355929,1,0.0007,136699,96.34
14381,a24665107159,1,0.0007,136700,96.34
14382,a306809449756,1,0.0007,136701,96.34
14383,a3383326465484,1,0.0007,136702,96.34
14384,a86916626824,1,0.0007,136703,96.34
14385,a881drq00123243486374,1,0.0007,136704,96.35
14386,a9408020203,1,0.0007,136705,96.35
14387,aConcepts,1,0.0007,136706,96.35
14388,aDwarfNamedUrist,1,0.0007,136707,96.35
14389,aGolem,1,0.0007,136708,96.35
14390,a_JustAMelody,1,0.0007,136709,96.35
14391,aaaammm,1,0.0007,136710,96.35
14392,aaacar,1,0.0007,136711,96.35
14393,aaron0057250,1,0.0007,136712,96.35
14394,aaronrapaport231,1,0.0007,136713,96.35
14395,aaronwtal104,1,0.0007,136714,96.35
14396,abasr70,1,0.0007,136715,96.35
14397,abebes,1,0.0007,136716,96.35
14398,abellos,1,0.0007,136717,96.35
14399,abibiyoshimitsu84853,1,0.0007,136718,96.35
14400,abiconFA,1,0.0007,136719,96.36
14401,abigailfern,1,0.0007,136720,96.36
14402,abigfavour,1,0.0007,136721,96.36
14403,ablacklamborghini,1,0.0007,136722,96.36
14404,ablobius,1,0.0007,136723,96.36
14405,ablufox,1,0.0007,136724,96.36
14406,abonnementonline,1,0.0007,136725,96.36
14407,absblk19,1,0.0007,136726,96.36
14408,absede,1,0.0007,136727,96.36
14409,abudddsaked,1,0.0007,136728,96.36
14410,abuserskunk,1,0.0007,136729,96.36
14411,ac1d_gh0st,1,0.0007,136730,96.36
14412,accdumdum26,1,0.0007,136731,96.36
14413,ace62354,1,0.0007,136732,96.36
14414,aceartist,1,0.0007,136733,96.37
14415,achmedrules9955,1,0.0007,136734,96.37
14416,acidRainBowl,1,0.0007,136735,96.37
14417,acncagua,1,0.0007,136736,96.37
14418,acrawford216,1,0.0007,136737,96.37
14419,acrcrx,1,0.0007,136738,96.37
14420,ada_ALS,1,0.0007,136739,96.37
14421,adagadeprata,1,0.0007,136740,96.37
14422,adama0064,1,0.0007,136741,96.37
14423,adamweedman420920,1,0.0007,136742,96.37
14424,adbcadbc142390,1,0.0007,136743,96.37
14425,adesquad001626,1,0.0007,136744,96.37
14426,adfadfd,1,0.0007,136745,96.37
14427,adibz007,1,0.0007,136746,96.37
14428,adios2nd,1,0.0007,136747,96.38
14429,adlebron,1,0.0007,136748,96.38
14430,adlm13,1,0.0007,136749,96.38
14431,adolescence495,1,0.0007,136750,96.38
14432,adolftrump1999929,1,0.0007,136751,96.38
14433,adontisrex699,1,0.0007,136752,96.38
14434,adoringcries,1,0.0007,136753,96.38
14435,adoweirdo,1,0.0007,136754,96.38
14436,adriannak58,1,0.0007,136755,96.38
14437,adsaasd,1,0.0007,136756,96.38
14438,adventurerking2024869,1,0.0007,136757,96.38
14439,aerofotogametria1964891,1,0.0007,136758,96.38
14440,aetherdust,1,0.0007,136759,96.38
14441,aevyni,1,0.0007,136760,96.38
14442,afanasyev1980533,1,0.0007,136761,96.39
14443,afei520,1,0.0007,136762,96.39
14444,affiliatesales2024782,1,0.0007,136763,96.39
14445,aga7on,1,0.0007,136764,96.39
14446,agecaptions123,1,0.0007,136765,96.39
14447,agent_bob_007,1,0.0007,136766,96.39
14448,agioele29351,1,0.0007,136767,96.39
14449,agocsbenedek622,1,0.0007,136768,96.39
14450,aguirreramirrez72992,1,0.0007,136769,96.39
14451,ahahaha3,1,0.0007,136770,96.39
14452,ahat,1,0.0007,136771,96.39
14453,ahcamarillo97169,1,0.0007,136772,96.39
14454,ahhhhhh_,1,0.0007,136773,96.39
14455,ahjunk814,1,0.0007,136774,96.39
14456,ahmedtalal,1,0.0007,136775,96.4
14457,ahthxxx,1,0.0007,136776,96.4
14458,ahuh0000,1,0.0007,136777,96.4
14459,aiFunNSFW,1,0.0007,136778,96.4
14460,ai_art_loser,1,0.0007,136779,96.4
14461,ai_pic_creator,1,0.0007,136780,96.4
14462,ai_thingies,1,0.0007,136781,96.4
14463,aiangelgallery,1,0.0007,136782,96.4
14464,aiartcompte2878,1,0.0007,136783,96.4
14465,aiartdude100121,1,0.0007,136784,96.4
14466,aibebop,1,0.0007,136785,96.4
14467,aibitfun,1,0.0007,136786,96.4
14468,aibudy2324,1,0.0007,136787,96.4
14469,aibyg,1,0.0007,136788,96.4
14470,aicoleman920822,1,0.0007,136789,96.4
14471,aidantkwong842,1,0.0007,136790,96.41
14472,aidar_gen612,1,0.0007,136791,96.41
14473,aidigitalartberlin848,1,0.0007,136792,96.41
14474,aifun985,1,0.0007,136793,96.41
14475,aigirl2020a,1,0.0007,136794,96.41
14476,aigp,1,0.0007,136795,96.41
14477,aiis,1,0.0007,136796,96.41
14478,aiisart374,1,0.0007,136797,96.41
14479,aiismac,1,0.0007,136798,96.41
14480,aija,1,0.0007,136799,96.41
14481,aijp_world,1,0.0007,136800,96.41
14482,aikoygabo730,1,0.0007,136801,96.41
14483,ailfreedom,1,0.0007,136802,96.41
14484,ailincollaborations116,1,0.0007,136803,96.41
14485,aimann,1,0.0007,136804,96.42
14486,aimegapixels,1,0.0007,136805,96.42
14487,aineomnios,1,0.0007,136806,96.42
14488,ainotforall,1,0.0007,136807,96.42
14489,aip0pp,1,0.0007,136808,96.42
14490,aipornmaker77586,1,0.0007,136809,96.42
14491,airimio,1,0.0007,136810,96.42
14492,aishaantony641,1,0.0007,136811,96.42
14493,aitana,1,0.0007,136812,96.42
14494,aitest2024,1,0.0007,136813,96.42
14495,aitsu252,1,0.0007,136814,96.42
14496,aiueoppai,1,0.0007,136815,96.42
14497,aiwater214349,1,0.0007,136816,96.42
14498,aiwenkayang,1,0.0007,136817,96.42
14499,aj1388682,1,0.0007,136818,96.43
14500,ajalex111,1,0.0007,136819,96.43
14501,ajfg2506189,1,0.0007,136820,96.43
14502,ajhero91483,1,0.0007,136821,96.43
14503,ak29alt812,1,0.0007,136822,96.43
14504,akak7952,1,0.0007,136823,96.43
14505,akamv,1,0.0007,136824,96.43
14506,akarihusband,1,0.0007,136825,96.43
14507,akasoyoosee,1,0.0007,136826,96.43
14508,akbdx,1,0.0007,136827,96.43
14509,akidinspace231,1,0.0007,136828,96.43
14510,akj1u124,1,0.0007,136829,96.43
14511,akrfk,1,0.0007,136830,96.43
14512,al123sdaw,1,0.0007,136831,96.43
14513,al_raed896,1,0.0007,136832,96.44
14514,alan244b,1,0.0007,136833,96.44
14515,alanolason643,1,0.0007,136834,96.44
14516,albertbet810355,1,0.0007,136835,96.44
14517,albertross029636,1,0.0007,136836,96.44
14518,albertsarango268,1,0.0007,136837,96.44
14519,aldebrando,1,0.0007,136838,96.44
14520,aldniki217,1,0.0007,136839,96.44
14521,alefoliveira24601,1,0.0007,136840,96.44
14522,alekeyfuego241,1,0.0007,136841,96.44
14523,aleksey300974,1,0.0007,136842,96.44
14524,alelele,1,0.0007,136843,96.44
14525,aleode764,1,0.0007,136844,96.44
14526,alerd95852,1,0.0007,136845,96.44
14527,alet232323,1,0.0007,136846,96.45
14528,alex8844499,1,0.0007,136847,96.45
14529,alex9911,1,0.0007,136848,96.45
14530,alexZola,1,0.0007,136849,96.45
14531,alex_kry,1,0.0007,136850,96.45
14532,alex_plts,1,0.0007,136851,96.45
14533,alexanderhlatki265,1,0.0007,136852,96.45
14534,alexandrubirimia10389,1,0.0007,136853,96.45
14535,alexficemail662,1,0.0007,136854,96.45
14536,alexissalcedo212417,1,0.0007,136855,96.45
14537,alexmasaitis,1,0.0007,136856,96.45
14538,alexrakoon,1,0.0007,136857,96.45
14539,alexsapik,1,0.0007,136858,96.45
14540,alextok2,1,0.0007,136859,96.45
14541,alexx123456,1,0.0007,136860,96.46
14542,alfonso587,1,0.0007,136861,96.46
14543,aliahmadixx90911,1,0.0007,136862,96.46
14544,alibhe,1,0.0007,136863,96.46
14545,alicecarterofc490,1,0.0007,136864,96.46
14546,aliferitbaltaci924,1,0.0007,136865,96.46
14547,alikhanamirkhan888,1,0.0007,136866,96.46
14548,alittletesting,1,0.0007,136867,96.46
14549,alkamarblame838,1,0.0007,136868,96.46
14550,alkenes351,1,0.0007,136869,96.46
14551,all4digitalhub,1,0.0007,136870,96.46
14552,allahpidor,1,0.0007,136871,96.46
14553,allegedcaterpillarduar114,1,0.0007,136872,96.46
14554,allendimetri,1,0.0007,136873,96.46
14555,alleriafn846,1,0.0007,136874,96.46
14556,allesmAIns,1,0.0007,136875,96.47
14557,allie,1,0.0007,136876,96.47
14558,alliexcx,1,0.0007,136877,96.47
14559,allpleoleo439,1,0.0007,136878,96.47
14560,almowolf,1,0.0007,136879,96.47
14561,alphano,1,0.0007,136880,96.47
14562,alt_account_for_porn,1,0.0007,136881,96.47
14563,altacct86,1,0.0007,136882,96.47
14564,altairdimitri33,1,0.0007,136883,96.47
14565,altay77ab619,1,0.0007,136884,96.47
14566,alteration522927,1,0.0007,136885,96.47
14567,alterego2k108,1,0.0007,136886,96.47
14568,alterman1978209,1,0.0007,136887,96.47
14569,altinon,1,0.0007,136888,96.47
14570,altjb1616,1,0.0007,136889,96.48
14571,altos69A,1,0.0007,136890,96.48
14572,alttirune571,1,0.0007,136891,96.48
14573,alucarblacktapes224,1,0.0007,136892,96.48
14574,alysondreams13482,1,0.0007,136893,96.48
14575,am7coffeelove,1,0.0007,136894,96.48
14576,amagihiro,1,0.0007,136895,96.48
14577,amalfitapresets507,1,0.0007,136896,96.48
14578,amaliarisella1906,1,0.0007,136897,96.48
14579,amarooo,1,0.0007,136898,96.48
14580,amaya_xo9,1,0.0007,136899,96.48
14581,amayquader1,1,0.0007,136900,96.48
14582,amb3rch0c0165,1,0.0007,136901,96.48
14583,ambatu,1,0.0007,136902,96.48
14584,amber1231243,1,0.0007,136903,96.49
14585,amberluxe05,1,0.0007,136904,96.49
14586,amcbvw600,1,0.0007,136905,96.49
14587,ameise,1,0.0007,136906,96.49
14588,amfad,1,0.0007,136907,96.49
14589,amgo9,1,0.0007,136908,96.49
14590,amidonburnett430,1,0.0007,136909,96.49
14591,amin230,1,0.0007,136910,96.49
14592,ammor,1,0.0007,136911,96.49
14593,amoebaai,1,0.0007,136912,96.49
14594,amongusballs99,1,0.0007,136913,96.49
14595,amusedchimera73,1,0.0007,136914,96.49
14596,amvsreshiramfires837,1,0.0007,136915,96.49
14597,ana_herrera,1,0.0007,136916,96.49
14598,anabelgogagent299,1,0.0007,136917,96.5
14599,anabelverrios,1,0.0007,136918,96.5
14600,analogick2622,1,0.0007,136919,96.5
14601,analogspiderweb,1,0.0007,136920,96.5
14602,anasabbasi7167159,1,0.0007,136921,96.5
14603,anastasiarip13560,1,0.0007,136922,96.5
14604,anbus,1,0.0007,136923,96.5
14605,andhrae,1,0.0007,136924,96.5
14606,andoipajpofja,1,0.0007,136925,96.5
14607,andradejulian196540,1,0.0007,136926,96.5
14608,andreaf6814es843,1,0.0007,136927,96.5
14609,andrehines,1,0.0007,136928,96.5
14610,andreimarian_patru,1,0.0007,136929,96.5
14611,andreluizpimentel83,1,0.0007,136930,96.5
14612,andreoluiz,1,0.0007,136931,96.51
14613,andres8a323,1,0.0007,136932,96.51
14614,andrescode776849,1,0.0007,136933,96.51
14615,andresleondelacruz,1,0.0007,136934,96.51
14616,andrew0120,1,0.0007,136935,96.51
14617,andrew369,1,0.0007,136936,96.51
14618,andrew5151,1,0.0007,136937,96.51
14619,andrewblaze480975,1,0.0007,136938,96.51
14620,andrewtherambler139,1,0.0007,136939,96.51
14621,andromeda1,1,0.0007,136940,96.51
14622,andromedaya,1,0.0007,136941,96.51
14623,andux,1,0.0007,136942,96.51
14624,andysun,1,0.0007,136943,96.51
14625,anex,1,0.0007,136944,96.51
14626,angel_666,1,0.0007,136945,96.51
14627,angeldavidzamoratorres796,1,0.0007,136946,96.52
14628,angh67890369,1,0.0007,136947,96.52
14629,anicamerbans,1,0.0007,136948,96.52
14630,animeartfxs143,1,0.0007,136949,96.52
14631,animeboob63752,1,0.0007,136950,96.52
14632,animepencil956,1,0.0007,136951,96.52
14633,animes175815,1,0.0007,136952,96.52
14634,anindythrowaway317,1,0.0007,136953,96.52
14635,aniyaqinqin,1,0.0007,136954,96.52
14636,anlayden7404,1,0.0007,136955,96.52
14637,annsriai1986600,1,0.0007,136956,96.52
14638,anny_ai,1,0.0007,136957,96.52
14639,anon235,1,0.0007,136958,96.52
14640,anon24112265,1,0.0007,136959,96.52
14641,anonghost711,1,0.0007,136960,96.53
14642,anonimosu,1,0.0007,136961,96.53
14643,anonlast99404,1,0.0007,136962,96.53
14644,anonymustache683875,1,0.0007,136963,96.53
14645,anotherice1710,1,0.0007,136964,96.53
14646,anru,1,0.0007,136965,96.53
14647,ansysansys2,1,0.0007,136966,96.53
14648,ansyu,1,0.0007,136967,96.53
14649,ant9424542,1,0.0007,136968,96.53
14650,antenlover69,1,0.0007,136969,96.53
14651,anthonydotson72456,1,0.0007,136970,96.53
14652,anthonyvalenzuela95287,1,0.0007,136971,96.53
14653,antisniper,1,0.0007,136972,96.53
14654,antitypo,1,0.0007,136973,96.53
14655,antmac,1,0.0007,136974,96.54
14656,antonellodebiasio90339,1,0.0007,136975,96.54
14657,antonny_k_J,1,0.0007,136976,96.54
14658,antydizajn,1,0.0007,136977,96.54
14659,anubhavk198,1,0.0007,136978,96.54
14660,anubisette007107,1,0.0007,136979,96.54
14661,anystone,1,0.0007,136980,96.54
14662,anzudaisuki,1,0.0007,136981,96.54
14663,anzug,1,0.0007,136982,96.54
14664,aollidup,1,0.0007,136983,96.54
14665,aoni90745,1,0.0007,136984,96.54
14666,aortiz19902020151,1,0.0007,136985,96.54
14667,aow776,1,0.0007,136986,96.54
14668,apache64246680,1,0.0007,136987,96.54
14669,ape99805578,1,0.0007,136988,96.55
14670,apperkat,1,0.0007,136989,96.55
14671,approjekt,1,0.0007,136990,96.55
14672,aqswde2,1,0.0007,136991,96.55
14673,ar2257,1,0.0007,136992,96.55
14674,ar2564,1,0.0007,136993,96.55
14675,aragorn9501,1,0.0007,136994,96.55
14676,araruiruru,1,0.0007,136995,96.55
14677,aravindcsc077825,1,0.0007,136996,96.55
14678,arbhen,1,0.0007,136997,96.55
14679,arbuz228422923,1,0.0007,136998,96.55
14680,arc201mgmt770,1,0.0007,136999,96.55
14681,arcademakecode340,1,0.0007,137000,96.55
14682,arcgua,1,0.0007,137001,96.55
14683,archegonoschoros457,1,0.0007,137002,96.56
14684,architectposting,1,0.0007,137003,96.56
14685,arcomniflash,1,0.0007,137004,96.56
14686,arctver,1,0.0007,137005,96.56
14687,arcusprints,1,0.0007,137006,96.56
14688,ari34,1,0.0007,137007,96.56
14689,ariaai954,1,0.0007,137008,96.56
14690,ariah_yuyu309,1,0.0007,137009,96.56
14691,arienfeeds,1,0.0007,137010,96.56
14692,arigatou7,1,0.0007,137011,96.56
14693,aristotel2020,1,0.0007,137012,96.56
14694,arisua,1,0.0007,137013,96.56
14695,arizawan,1,0.0007,137014,96.56
14696,arkadiyslabukaa900,1,0.0007,137015,96.56
14697,arkhaminsanity,1,0.0007,137016,96.56
14698,arkilokiloko698,1,0.0007,137017,96.57
14699,arknightsknigtars255,1,0.0007,137018,96.57
14700,armajol,1,0.0007,137019,96.57
14701,armani55,1,0.0007,137020,96.57
14702,armuarman,1,0.0007,137021,96.57
14703,arnoldswass02406,1,0.0007,137022,96.57
14704,arnout1812,1,0.0007,137023,96.57
14705,arnulfomani868,1,0.0007,137024,96.57
14706,arpalest,1,0.0007,137025,96.57
14707,arrsherlaias,1,0.0007,137026,96.57
14708,arsyuri,1,0.0007,137027,96.57
14709,art526866664,1,0.0007,137028,96.57
14710,arteincc,1,0.0007,137029,96.57
14711,artemilicev500615,1,0.0007,137030,96.57
14712,artevan,1,0.0007,137031,96.58
14713,artfox88,1,0.0007,137032,96.58
14714,artgenerat0r,1,0.0007,137033,96.58
14715,arthur141415,1,0.0007,137034,96.58
14716,arthureamesproductions731,1,0.0007,137035,96.58
14717,artifactskz140,1,0.0007,137036,96.58
14718,artiomyeftemii214,1,0.0007,137037,96.58
14719,artistsjourney,1,0.0007,137038,96.58
14720,artslaurel,1,0.0007,137039,96.58
14721,aruinadara0452,1,0.0007,137040,96.58
14722,aruri,1,0.0007,137041,96.58
14723,arwntr698,1,0.0007,137042,96.58
14724,as6354280958,1,0.0007,137043,96.58
14725,asad427,1,0.0007,137044,96.58
14726,asadaziz009202,1,0.0007,137045,96.59
14727,asadjamanemon,1,0.0007,137046,96.59
14728,asadsadasdasd,1,0.0007,137047,96.59
14729,asagashas,1,0.0007,137048,96.59
14730,asagiri208,1,0.0007,137049,96.59
14731,asasp,1,0.0007,137050,96.59
14732,asda121615,1,0.0007,137051,96.59
14733,asdadsl852,1,0.0007,137052,96.59
14734,asdfgreg221121,1,0.0007,137053,96.59
14735,asdfgvbh,1,0.0007,137054,96.59
14736,ashgakshfkga,1,0.0007,137055,96.59
14737,ashiyama,1,0.0007,137056,96.59
14738,ashtar1984,1,0.0007,137057,96.59
14739,asihsg903,1,0.0007,137058,96.59
14740,asilentspring45,1,0.0007,137059,96.6
14741,askd3i2hk12n1,1,0.0007,137060,96.6
14742,asongchueng,1,0.0007,137061,96.6
14743,aspencaferider620,1,0.0007,137062,96.6
14744,asphia,1,0.0007,137063,96.6
14745,asshunter777art456,1,0.0007,137064,96.6
14746,astro_shot,1,0.0007,137065,96.6
14747,astronut204,1,0.0007,137066,96.6
14748,atakadjkq,1,0.0007,137067,96.6
14749,athanmam13783,1,0.0007,137068,96.6
14750,atlas06,1,0.0007,137069,96.6
14751,atomicpuppy,1,0.0007,137070,96.6
14752,atroxdude,1,0.0007,137071,96.6
14753,aueki4g467,1,0.0007,137072,96.6
14754,augustinious193,1,0.0007,137073,96.61
14755,aumremixed349,1,0.0007,137074,96.61
14756,austinkayedm680,1,0.0007,137075,96.61
14757,automix,1,0.0007,137076,96.61
14758,automobilisticrazor333,1,0.0007,137077,96.61
14759,avans,1,0.0007,137078,96.61
14760,avelasandro249,1,0.0007,137079,96.61
14761,avesta_ppk456,1,0.0007,137080,96.61
14762,avim0801856,1,0.0007,137081,96.61
14763,avureyhx,1,0.0007,137082,96.61
14764,awgagagwagasasg167,1,0.0007,137083,96.61
14765,awhitetigher,1,0.0007,137084,96.61
14766,awmprogram,1,0.0007,137085,96.61
14767,aworldgoneblind,1,0.0007,137086,96.61
14768,ax_bit28,1,0.0007,137087,96.61
14769,axionetia334,1,0.0007,137088,96.62
14770,ayatou,1,0.0007,137089,96.62
14771,ayer1,1,0.0007,137090,96.62
14772,ayman3enayah3817,1,0.0007,137091,96.62
14773,ayucchi0505,1,0.0007,137092,96.62
14774,ayvencore,1,0.0007,137093,96.62
14775,az074506890,1,0.0007,137094,96.62
14776,azertag,1,0.0007,137095,96.62
14777,aziib,1,0.0007,137096,96.62
14778,azima978,1,0.0007,137097,96.62
14779,azolnerybaavg938,1,0.0007,137098,96.62
14780,azouzlmao970,1,0.0007,137099,96.62
14781,b01097207073759,1,0.0007,137100,96.62
14782,b0k3hm45t3r,1,0.0007,137101,96.62
14783,b1000101,1,0.0007,137102,96.63
14784,b4483,1,0.0007,137103,96.63
14785,b806199959,1,0.0007,137104,96.63
14786,baNahna,1,0.0007,137105,96.63
14787,baamtwo,1,0.0007,137106,96.63
14788,baartsma354,1,0.0007,137107,96.63
14789,backsnapcc756,1,0.0007,137108,96.63
14790,baconsoldier953519,1,0.0007,137109,96.63
14791,badblood,1,0.0007,137110,96.63
14792,badbus666689,1,0.0007,137111,96.63
14793,badigadii,1,0.0007,137112,96.63
14794,badpump,1,0.0007,137113,96.63
14795,badshampoo,1,0.0007,137114,96.63
14796,bafangit,1,0.0007,137115,96.63
14797,bai970685107968,1,0.0007,137116,96.64
14798,baigeidexie,1,0.0007,137117,96.64
14799,baiporf07389,1,0.0007,137118,96.64
14800,baiyang2730,1,0.0007,137119,96.64
14801,baiyu983684,1,0.0007,137120,96.64
14802,bakariso,1,0.0007,137121,96.64
14803,baksy,1,0.0007,137122,96.64
14804,baldoherrera29617,1,0.0007,137123,96.64
14805,baldphotographer,1,0.0007,137124,96.64
14806,baliopolisbiz569,1,0.0007,137125,96.64
14807,ballcrusher,1,0.0007,137126,96.64
14808,ballznbabes,1,0.0007,137127,96.64
14809,balrogbob,1,0.0007,137128,96.64
14810,balthazars,1,0.0007,137129,96.64
14811,bananafish1564,1,0.0007,137130,96.65
14812,bananaman6101229,1,0.0007,137131,96.65
14813,bananawithsteaksauce,1,0.0007,137132,96.65
14814,banditjack,1,0.0007,137133,96.65
14815,bannana4,1,0.0007,137134,96.65
14816,barairoAI,1,0.0007,137135,96.65
14817,barbarossia455,1,0.0007,137136,96.65
14818,barberofcivil,1,0.0007,137137,96.65
14819,barghest1998993,1,0.0007,137138,96.65
14820,barrmann,1,0.0007,137139,96.65
14821,bartkowskifilip627702,1,0.0007,137140,96.65
14822,basara669,1,0.0007,137141,96.65
14823,bassemdhiab925,1,0.0007,137142,96.65
14824,bastianfirkant,1,0.0007,137143,96.65
14825,bastixiii595,1,0.0007,137144,96.66
14826,batschitz,1,0.0007,137145,96.66
14827,battlebears,1,0.0007,137146,96.66
14828,batu36,1,0.0007,137147,96.66
14829,baxter980747351,1,0.0007,137148,96.66
14830,bayraks583917,1,0.0007,137149,96.66
14831,bb0191,1,0.0007,137150,96.66
14832,bb2323,1,0.0007,137151,96.66
14833,bbgoob,1,0.0007,137152,96.66
14834,bblistes69,1,0.0007,137153,96.66
14835,bbp3,1,0.0007,137154,96.66
14836,bbtrw,1,0.0007,137155,96.66
14837,bbums,1,0.0007,137156,96.66
14838,bcmortis316,1,0.0007,137157,96.66
14839,bcnek0,1,0.0007,137158,96.67
14840,bcs2,1,0.0007,137159,96.67
14841,bdofake1729,1,0.0007,137160,96.67
14842,beachliving420,1,0.0007,137161,96.67
14843,beansrat,1,0.0007,137162,96.67
14844,beastlyAI,1,0.0007,137163,96.67
14845,beatyai255384,1,0.0007,137164,96.67
14846,beauxcphus23,1,0.0007,137165,96.67
14847,bechea6,1,0.0007,137166,96.67
14848,bedo9696235,1,0.0007,137167,96.67
14849,bedrockblock,1,0.0007,137168,96.67
14850,bee33c,1,0.0007,137169,96.67
14851,beechershane718,1,0.0007,137170,96.67
14852,beeperua,1,0.0007,137171,96.67
14853,beergoblin1566,1,0.0007,137172,96.67
14854,beersofwar6753,1,0.0007,137173,96.68
14855,beetl98,1,0.0007,137174,96.68
14856,behbehbeh780191,1,0.0007,137175,96.68
14857,bel0i,1,0.0007,137176,96.68
14858,belayavorona_,1,0.0007,137177,96.68
14859,believix,1,0.0007,137178,96.68
14860,bellator1990,1,0.0007,137179,96.68
14861,bells,1,0.0007,137180,96.68
14862,belyaevkayla,1,0.0007,137181,96.68
14863,benbb271,1,0.0007,137182,96.68
14864,benny_1992651,1,0.0007,137183,96.68
14865,bennybarrios,1,0.0007,137184,96.68
14866,bennyfootpaws215,1,0.0007,137185,96.68
14867,benzyo,1,0.0007,137186,96.68
14868,berabou,1,0.0007,137187,96.69
14869,berlin50003017291,1,0.0007,137188,96.69
14870,bernb8yb8,1,0.0007,137189,96.69
14871,besczcarlos9937,1,0.0007,137190,96.69
14872,bestgymer8912,1,0.0007,137191,96.69
14873,betgfh,1,0.0007,137192,96.69
14874,bftdshow469,1,0.0007,137193,96.69
14875,bgy10,1,0.0007,137194,96.69
14876,bhall717425,1,0.0007,137195,96.69
14877,bharg,1,0.0007,137196,96.69
14878,bibiop,1,0.0007,137197,96.69
14879,biboxai1,1,0.0007,137198,96.69
14880,bielzinunes557,1,0.0007,137199,96.69
14881,big961,1,0.0007,137200,96.69
14882,bigbro2236,1,0.0007,137201,96.7
14883,bigdobyson,1,0.0007,137202,96.7
14884,bigmuscleboy69,1,0.0007,137203,96.7
14885,bigthwomp235,1,0.0007,137204,96.7
14886,bigtittykitty,1,0.0007,137205,96.7
14887,biirann,1,0.0007,137206,96.7
14888,bijirudal404874,1,0.0007,137207,96.7
14889,billbowthebro756,1,0.0007,137208,96.7
14890,billburr,1,0.0007,137209,96.7
14891,billc8128562,1,0.0007,137210,96.7
14892,billmonague2004,1,0.0007,137211,96.7
14893,billy13,1,0.0007,137212,96.7
14894,bimbos,1,0.0007,137213,96.7
14895,binay,1,0.0007,137214,96.7
14896,bingoplumbing119,1,0.0007,137215,96.71
14897,bingusdiddle,1,0.0007,137216,96.71
14898,bingyu6353190,1,0.0007,137217,96.71
14899,binhonunes9428,1,0.0007,137218,96.71
14900,bining1976415,1,0.0007,137219,96.71
14901,bintirin,1,0.0007,137220,96.71
14902,biodarkhand,1,0.0007,137221,96.71
14903,bioguts01,1,0.0007,137222,96.71
14904,bionagato,1,0.0007,137223,96.71
14905,birdss,1,0.0007,137224,96.71
14906,birgitharlequin490,1,0.0007,137225,96.71
14907,bishop12,1,0.0007,137226,96.71
14908,bitkrusher,1,0.0007,137227,96.71
14909,bitsebiscoitos,1,0.0007,137228,96.71
14910,bjornironside_,1,0.0007,137229,96.72
14911,bjut1101,1,0.0007,137230,96.72
14912,bl3zer_cupr,1,0.0007,137231,96.72
14913,blaalbblaalbblaalb,1,0.0007,137232,96.72
14914,blachinator,1,0.0007,137233,96.72
14915,blackalphazero,1,0.0007,137234,96.72
14916,blackeleven,1,0.0007,137235,96.72
14917,blackestcurse93,1,0.0007,137236,96.72
14918,blackgoat_,1,0.0007,137237,96.72
14919,blacklego,1,0.0007,137238,96.72
14920,blackravenofficial5174,1,0.0007,137239,96.72
14921,blacktail_fa_70807,1,0.0007,137240,96.72
14922,blade21,1,0.0007,137241,96.72
14923,bladeo,1,0.0007,137242,96.72
14924,blahblahblah122,1,0.0007,137243,96.72
14925,blanche070117469,1,0.0007,137244,96.73
14926,blancox,1,0.0007,137245,96.73
14927,blandexander143,1,0.0007,137246,96.73
14928,blasetvrt,1,0.0007,137247,96.73
14929,blau2421,1,0.0007,137248,96.73
14930,blazedfrea,1,0.0007,137249,96.73
14931,blazerhuge42,1,0.0007,137250,96.73
14932,blazsovtemp723,1,0.0007,137251,96.73
14933,bleahboy,1,0.0007,137252,96.73
14934,bleepblorp2,1,0.0007,137253,96.73
14935,bleh0160,1,0.0007,137254,96.73
14936,bless0814,1,0.0007,137255,96.73
14937,blessedangel2,1,0.0007,137256,96.73
14938,blight_fire851,1,0.0007,137257,96.73
14939,blissfulbrushes228,1,0.0007,137258,96.74
14940,blitherslither,1,0.0007,137259,96.74
14941,blitxo,1,0.0007,137260,96.74
14942,blitzy2025728,1,0.0007,137261,96.74
14943,blkdecomusic386,1,0.0007,137262,96.74
14944,blonkus,1,0.0007,137263,96.74
14945,bloonflyer65,1,0.0007,137264,96.74
14946,blubBOP,1,0.0007,137265,96.74
14947,blue_heeler,1,0.0007,137266,96.74
14948,blue_spirit,1,0.0007,137267,96.74
14949,bluelovers,1,0.0007,137268,96.74
14950,blueqion1,1,0.0007,137269,96.74
14951,bluerose,1,0.0007,137270,96.74
14952,bluesiriusrising,1,0.0007,137271,96.74
14953,blueyetti,1,0.0007,137272,96.75
14954,blunt2025,1,0.0007,137273,96.75
14955,bluntbabyvibes253,1,0.0007,137274,96.75
14956,bluvoll,1,0.0007,137275,96.75
14957,bmf0x,1,0.0007,137276,96.75
14958,bmnuser,1,0.0007,137277,96.75
14959,bnrmkr,1,0.0007,137278,96.75
14960,bnssinister1983,1,0.0007,137279,96.75
14961,bob6423,1,0.0007,137280,96.75
14962,bobber88,1,0.0007,137281,96.75
14963,bobbertwestley602,1,0.0007,137282,96.75
14964,bobbleXL,1,0.0007,137283,96.75
14965,bobchris46780,1,0.0007,137284,96.75
14966,bobert420,1,0.0007,137285,96.75
14967,bobguymommyperson758,1,0.0007,137286,96.76
14968,bobik,1,0.0007,137287,96.76
14969,bobscudob,1,0.0007,137288,96.76
14970,bobshmo,1,0.0007,137289,96.76
14971,bocilsangehaha,1,0.0007,137290,96.76
14972,bodewr,1,0.0007,137291,96.76
14973,bodycat,1,0.0007,137292,96.76
14974,bofaaa,1,0.0007,137293,96.76
14975,boheye,1,0.0007,137294,96.76
14976,boiled1999,1,0.0007,137295,96.76
14977,bolekdobos522,1,0.0007,137296,96.76
14978,bolmoviez6969251,1,0.0007,137297,96.76
14979,bomal30465a,1,0.0007,137298,96.76
14980,bomber055,1,0.0007,137299,96.76
14981,bomberman5,1,0.0007,137300,96.77
14982,bomboclatverona557,1,0.0007,137301,96.77
14983,bon_bon,1,0.0007,137302,96.77
14984,bondsmanblake,1,0.0007,137303,96.77
14985,bonnieblonde,1,0.0007,137304,96.77
14986,bononono,1,0.0007,137305,96.77
14987,bonsaibug,1,0.0007,137306,96.77
14988,bonsi8282240,1,0.0007,137307,96.77
14989,boofugger,1,0.0007,137308,96.77
14990,boonak78628,1,0.0007,137309,96.77
14991,boreek,1,0.0007,137310,96.77
14992,borfurlands683,1,0.0007,137311,96.77
14993,borgeskoki206255,1,0.0007,137312,96.77
14994,borisovsasha43,1,0.0007,137313,96.77
14995,borode295,1,0.0007,137314,96.77
14996,bos1234we6dytufr765e7tgi,1,0.0007,137315,96.78
14997,bossettipacccianipietro,1,0.0007,137316,96.78
14998,bossggiancarlo721,1,0.0007,137317,96.78
14999,bossrhino,1,0.0007,137318,96.78
15000,botiusprime,1,0.0007,137319,96.78
15001,bovik31420884,1,0.0007,137320,96.78
15002,boyce888,1,0.0007,137321,96.78
15003,boylucario284781,1,0.0007,137322,96.78
15004,boynextdoor258,1,0.0007,137323,96.78
15005,bqh70144,1,0.0007,137324,96.78
15006,braba35643767,1,0.0007,137325,96.78
15007,bradisbad,1,0.0007,137326,96.78
15008,braeden90000,1,0.0007,137327,96.78
15009,brahej,1,0.0007,137328,96.78
15010,braindance,1,0.0007,137329,96.79
15011,brandondjohnson81,1,0.0007,137330,96.79
15012,breakthebase,1,0.0007,137331,96.79
15013,breastenjoyer,1,0.0007,137332,96.79
15014,brian99619,1,0.0007,137333,96.79
15015,briannijhof123301,1,0.0007,137334,96.79
15016,brianphlin229,1,0.0007,137335,96.79
15017,bridrio23542,1,0.0007,137336,96.79
15018,brigadekey,1,0.0007,137337,96.79
15019,briggosoarus,1,0.0007,137338,96.79
15020,bringonthegas,1,0.0007,137339,96.79
15021,brinslydell7722,1,0.0007,137340,96.79
15022,bristolbrian101364,1,0.0007,137341,96.79
15023,broadleaftakumi,1,0.0007,137342,96.79
15024,bronson411666,1,0.0007,137343,96.8
15025,bronyprevedus179,1,0.0007,137344,96.8
15026,brooklyntattooguy141,1,0.0007,137345,96.8
15027,brooktsy68231,1,0.0007,137346,96.8
15028,brotatoyoo579,1,0.0007,137347,96.8
15029,bru4375,1,0.0007,137348,96.8
15030,brugal33ct,1,0.0007,137349,96.8
15031,bruhman04,1,0.0007,137350,96.8
15032,bruhman23,1,0.0007,137351,96.8
15033,bruhmaster229,1,0.0007,137352,96.8
15034,bruhmcbruvington,1,0.0007,137353,96.8
15035,bruhonethousand,1,0.0007,137354,96.8
15036,brunoblr2,1,0.0007,137355,96.8
15037,brunolc2004,1,0.0007,137356,96.8
15038,brunrun90293,1,0.0007,137357,96.81
15039,brutalovikov,1,0.0007,137358,96.81
15040,bryankilday80889,1,0.0007,137359,96.81
15041,bsf_19674,1,0.0007,137360,96.81
15042,bsinky,1,0.0007,137361,96.81
15043,bsnd,1,0.0007,137362,96.81
15044,bu_nana,1,0.0007,137363,96.81
15045,bubonico,1,0.0007,137364,96.81
15046,bugen,1,0.0007,137365,96.81
15047,buhuiqu,1,0.0007,137366,96.81
15048,bulakartur413,1,0.0007,137367,96.81
15049,bulgetits,1,0.0007,137368,96.81
15050,bulldezeere87,1,0.0007,137369,96.81
15051,bulldog1986,1,0.0007,137370,96.81
15052,bulldozerr,1,0.0007,137371,96.82
15053,bullshit_ai,1,0.0007,137372,96.82
15054,bungybingy208917,1,0.0007,137373,96.82
15055,bunsbunniesandbeyond,1,0.0007,137374,96.82
15056,burntpringle,1,0.0007,137375,96.82
15057,burttyrd337,1,0.0007,137376,96.82
15058,burttyrd373,1,0.0007,137377,96.82
15059,burttyrd737,1,0.0007,137378,96.82
15060,businesserz007766,1,0.0007,137379,96.82
15061,bustingnut68863,1,0.0007,137380,96.82
15062,buyanshangfei,1,0.0007,137381,96.82
15063,buyer3595120,1,0.0007,137382,96.82
15064,bvargasmont776,1,0.0007,137383,96.82
15065,bwhite118175,1,0.0007,137384,96.82
15066,bykla,1,0.0007,137385,96.83
15067,bytepusher,1,0.0007,137386,96.83
15068,c0rn5t4r,1,0.0007,137387,96.83
15069,c119,1,0.0007,137388,96.83
15070,c137,1,0.0007,137389,96.83
15071,c13m,1,0.0007,137390,96.83
15072,c144,1,0.0007,137391,96.83
15073,c1582455,1,0.0007,137392,96.83
15074,c1acks,1,0.0007,137393,96.83
15075,cHemito,1,0.0007,137394,96.83
15076,caboosex44,1,0.0007,137395,96.83
15077,cactusjackbangbang425748,1,0.0007,137396,96.83
15078,cadiaNOgre,1,0.0007,137397,96.83
15079,caiocosta2018394,1,0.0007,137398,96.83
15080,caiohsf,1,0.0007,137399,96.83
15081,calculater,1,0.0007,137400,96.84
15082,california_raider,1,0.0007,137401,96.84
15083,calvertlewinn,1,0.0007,137402,96.84
15084,camesaka2,1,0.0007,137403,96.84
15085,camiloml,1,0.0007,137404,96.84
15086,camiloro0303287,1,0.0007,137405,96.84
15087,campeonlionel,1,0.0007,137406,96.84
15088,canada11,1,0.0007,137407,96.84
15089,cancuncarti,1,0.0007,137408,96.84
15090,captainohyeah1,1,0.0007,137409,96.84
15091,captainrextierix897,1,0.0007,137410,96.84
15092,captainusopp,1,0.0007,137411,96.84
15093,cara_ara,1,0.0007,137412,96.84
15094,carbonatedwater,1,0.0007,137413,96.84
15095,cardiboii,1,0.0007,137414,96.85
15096,carefreegjoy,1,0.0007,137415,96.85
15097,carefull_time,1,0.0007,137416,96.85
15098,caremicaa867,1,0.0007,137417,96.85
15099,carl45600,1,0.0007,137418,96.85
15100,carlossarmientosalas126,1,0.0007,137419,96.85
15101,caros7892,1,0.0007,137420,96.85
15102,carrotyolk7645,1,0.0007,137421,96.85
15103,cartbold,1,0.0007,137422,96.85
15104,carucate,1,0.0007,137423,96.85
15105,casear345,1,0.0007,137424,96.85
15106,caseybarker86907,1,0.0007,137425,96.85
15107,cassidycuster,1,0.0007,137426,96.85
15108,castronovodario936,1,0.0007,137427,96.85
15109,catalan357,1,0.0007,137428,96.86
15110,catfor,1,0.0007,137429,96.86
15111,cathe13,1,0.0007,137430,96.86
15112,cathodeDreams,1,0.0007,137431,96.86
15113,cathominnen,1,0.0007,137432,96.86
15114,catplaysgames624,1,0.0007,137433,96.86
15115,catsimboythepoop123,1,0.0007,137434,96.86
15116,caturalbert489846,1,0.0007,137435,96.86
15117,cauldronspeak865,1,0.0007,137436,96.86
15118,cavemanman333,1,0.0007,137437,96.86
15119,cb778,1,0.0007,137438,96.86
15120,cbixby2017,1,0.0007,137439,96.86
15121,ccfort,1,0.0007,137440,96.86
15122,cecigregor04207,1,0.0007,137441,96.86
15123,cedric870504685,1,0.0007,137442,96.87
15124,ceekayone,1,0.0007,137443,96.87
15125,celdom,1,0.0007,137444,96.87
15126,celestialorigin,1,0.0007,137445,96.87
15127,celu83in60306,1,0.0007,137446,96.87
15128,cenggur93,1,0.0007,137447,96.87
15129,cerenogonzalez471,1,0.0007,137448,96.87
15130,cerocerouno,1,0.0007,137449,96.87
15131,cesar445,1,0.0007,137450,96.87
15132,cescrow,1,0.0007,137451,96.87
15133,cesep12859977,1,0.0007,137452,96.87
15134,cfchang,1,0.0007,137453,96.87
15135,cfuu362713,1,0.0007,137454,96.87
15136,cgfhy1,1,0.0007,137455,96.87
15137,chachapce,1,0.0007,137456,96.88
15138,chad1998,1,0.0007,137457,96.88
15139,chaicharoenk892,1,0.0007,137458,96.88
15140,chaiphat737975,1,0.0007,137459,96.88
15141,chalilin,1,0.0007,137460,96.88
15142,chance762228,1,0.0007,137461,96.88
15143,chandansingh6199537,1,0.0007,137462,96.88
15144,chanskie359,1,0.0007,137463,96.88
15145,chaos_zeroB,1,0.0007,137464,96.88
15146,chaosthedj,1,0.0007,137465,96.88
15147,chaplihmen,1,0.0007,137466,96.88
15148,charaboyzai,1,0.0007,137467,96.88
15149,chargedruby,1,0.0007,137468,96.88
15150,charizardz,1,0.0007,137469,96.88
15151,charliececret,1,0.0007,137470,96.88
15152,charlitrix,1,0.0007,137471,96.89
15153,charlychad007,1,0.0007,137472,96.89
15154,charming_,1,0.0007,137473,96.89
15155,charslee013859,1,0.0007,137474,96.89
15156,chatgepete,1,0.0007,137475,96.89
15157,chathusandaru95,1,0.0007,137476,96.89
15158,cheatok,1,0.0007,137477,96.89
15159,checkcheckin,1,0.0007,137478,96.89
15160,cheenseburnger,1,0.0007,137479,96.89
15161,cheesecakesimon18865,1,0.0007,137480,96.89
15162,cheesenutz,1,0.0007,137481,96.89
15163,cheeseyiff,1,0.0007,137482,96.89
15164,cheezecrisp,1,0.0007,137483,96.89
15165,chemmip,1,0.0007,137484,96.89
15166,chen079,1,0.0007,137485,96.9
15167,chenbaxiangmuzudedie,1,0.0007,137486,96.9
15168,chenhuabing1983,1,0.0007,137487,96.9
15169,chenjiaxing52174,1,0.0007,137488,96.9
15170,chenmoacr,1,0.0007,137489,96.9
15171,chenxicao227899,1,0.0007,137490,96.9
15172,chepchiker774,1,0.0007,137491,96.9
15173,chestercipher1,1,0.0007,137492,96.9
15174,chestnut1133194,1,0.0007,137493,96.9
15175,cheuk17971802,1,0.0007,137494,96.9
15176,chibiace666,1,0.0007,137495,96.9
15177,chicagoairplay185,1,0.0007,137496,96.9
15178,chimerarules301,1,0.0007,137497,96.9
15179,chimihoujuu568,1,0.0007,137498,96.9
15180,chinurespect100396,1,0.0007,137499,96.91
15181,chjfuhrmann451,1,0.0007,137500,96.91
15182,chloehartmufc587,1,0.0007,137501,96.91
15183,chloemillersushi541,1,0.0007,137502,96.91
15184,choch,1,0.0007,137503,96.91
15185,choconoguri22,1,0.0007,137504,96.91
15186,chojiro666,1,0.0007,137505,96.91
15187,chongjinyouryan821,1,0.0007,137506,96.91
15188,chori_papa,1,0.0007,137507,96.91
15189,choroshibawanko532,1,0.0007,137508,96.91
15190,chris89henry557,1,0.0007,137509,96.91
15191,chriskw66643,1,0.0007,137510,96.91
15192,chrismartinez12296606,1,0.0007,137511,96.91
15193,chrisndeca,1,0.0007,137512,96.91
15194,chrisopulosnico721,1,0.0007,137513,96.92
15195,chrisppa,1,0.0007,137514,96.92
15196,chrissancdnr,1,0.0007,137515,96.92
15197,christianlionking02627,1,0.0007,137516,96.92
15198,christianveneko666,1,0.0007,137517,96.92
15199,christiehehe,1,0.0007,137518,96.92
15200,christoph1451,1,0.0007,137519,96.92
15201,chrisvincent1701,1,0.0007,137520,96.92
15202,chromesun,1,0.0007,137521,96.92
15203,chubbychazzer,1,0.0007,137522,96.92
15204,chuckdustin12366,1,0.0007,137523,96.92
15205,chuggachugga,1,0.0007,137524,96.92
15206,chuhchuh,1,0.0007,137525,96.92
15207,chukwurahdavid312,1,0.0007,137526,96.92
15208,chungyen871006608,1,0.0007,137527,96.93
15209,chunkmonk,1,0.0007,137528,96.93
15210,chunxinmu644248,1,0.0007,137529,96.93
15211,chuong1224,1,0.0007,137530,96.93
15212,chuwu80,1,0.0007,137531,96.93
15213,ciclope398,1,0.0007,137532,96.93
15214,cierracholqut59421,1,0.0007,137533,96.93
15215,ciro00,1,0.0007,137534,96.93
15216,civitair01,1,0.0007,137535,96.93
15217,cjb2525,1,0.0007,137536,96.93
15218,cjviii,1,0.0007,137537,96.93
15219,claire_miyamoto,1,0.0007,137538,96.93
15220,claissem114,1,0.0007,137539,96.93
15221,clarkferdoework291,1,0.0007,137540,96.93
15222,clarseli7788,1,0.0007,137541,96.93
15223,clauddo,1,0.0007,137542,96.94
15224,clearlynot,1,0.0007,137543,96.94
15225,clearlythrown478,1,0.0007,137544,96.94
15226,cleopatrathequeenofcats,1,0.0007,137545,96.94
15227,clixaphis712,1,0.0007,137546,96.94
15228,cliyuan83493,1,0.0007,137547,96.94
15229,clopuc733,1,0.0007,137548,96.94
15230,cloud9999,1,0.0007,137549,96.94
15231,cloudydai,1,0.0007,137550,96.94
15232,clubhoali94,1,0.0007,137551,96.94
15233,clueless_ai_user,1,0.0007,137552,96.94
15234,clvalentini,1,0.0007,137553,96.94
15235,clvtchdesigns803,1,0.0007,137554,96.94
15236,cmetai,1,0.0007,137555,96.94
15237,cnoreing146,1,0.0007,137556,96.95
15238,cnovice,1,0.0007,137557,96.95
15239,cnwakakwa21,1,0.0007,137558,96.95
15240,cock_li,1,0.0007,137559,96.95
15241,cocolfl,1,0.0007,137560,96.95
15242,codenarri,1,0.0007,137561,96.95
15243,codyfile,1,0.0007,137562,96.95
15244,cogerduro77,1,0.0007,137563,96.95
15245,cokieszz984156,1,0.0007,137564,96.95
15246,cokkect,1,0.0007,137565,96.95
15247,colanamnam,1,0.0007,137566,96.95
15248,coldasice,1,0.0007,137567,96.95
15249,colerob5,1,0.0007,137568,96.95
15250,colincurtin876,1,0.0007,137569,96.95
15251,colinweaverfreelance546,1,0.0007,137570,96.96
15252,colliecollie,1,0.0007,137571,96.96
15253,cologne_bologne,1,0.0007,137572,96.96
15254,colonelspoder,1,0.0007,137573,96.96
15255,colossusld,1,0.0007,137574,96.96
15256,coltonbi,1,0.0007,137575,96.96
15257,combatguardian778,1,0.0007,137576,96.96
15258,comedytiger,1,0.0007,137577,96.96
15259,comfy_coder,1,0.0007,137578,96.96
15260,comicfishing,1,0.0007,137579,96.96
15261,commandobear12383,1,0.0007,137580,96.96
15262,commerceLaoChen,1,0.0007,137581,96.96
15263,competitive_gooner,1,0.0007,137582,96.96
15264,completewho79138,1,0.0007,137583,96.96
15265,comprator123,1,0.0007,137584,96.97
15266,computerfleamarket4832,1,0.0007,137585,96.97
15267,confusedPastry,1,0.0007,137586,96.97
15268,confusionfighter713,1,0.0007,137587,96.97
15269,conhut1905122,1,0.0007,137588,96.97
15270,conorsutta,1,0.0007,137589,96.97
15271,consistentbid8188,1,0.0007,137590,96.97
15272,consoomer,1,0.0007,137591,96.97
15273,contact319,1,0.0007,137592,96.97
15274,contact378,1,0.0007,137593,96.97
15275,contactlampic0761,1,0.0007,137594,96.97
15276,contagiousip,1,0.0007,137595,96.97
15277,contcincddo,1,0.0007,137596,96.97
15278,contddo1,1,0.0007,137597,96.97
15279,contestant02,1,0.0007,137598,96.98
15280,convictus,1,0.0007,137599,96.98
15281,cook100500,1,0.0007,137600,96.98
15282,cookIAsNcream,1,0.0007,137601,96.98
15283,cookerxp,1,0.0007,137602,96.98
15284,cookie18884,1,0.0007,137603,96.98
15285,coolgamer23,1,0.0007,137604,96.98
15286,coolguy2008613,1,0.0007,137605,96.98
15287,coolguyad01379,1,0.0007,137606,96.98
15288,coolifiz,1,0.0007,137607,96.98
15289,coolkid100,1,0.0007,137608,96.98
15290,coolstrad,1,0.0007,137609,96.98
15291,coolsyo,1,0.0007,137610,96.98
15292,coolty,1,0.0007,137611,96.98
15293,cooperharmon06682,1,0.0007,137612,96.98
15294,coquillette060432,1,0.0007,137613,96.99
15295,cornelbida166,1,0.0007,137614,96.99
15296,cornsmut,1,0.0007,137615,96.99
15297,coronaphillipargee22,1,0.0007,137616,96.99
15298,corsetlover,1,0.0007,137617,96.99
15299,cosmicmoons11,1,0.0007,137618,96.99
15300,costavageorgi,1,0.0007,137619,96.99
15301,cotter96,1,0.0007,137620,96.99
15302,counterzesty370,1,0.0007,137621,96.99
15303,courtbellex348,1,0.0007,137622,96.99
15304,courtesyextended,1,0.0007,137623,96.99
15305,covecove,1,0.0007,137624,96.99
15306,coxsirius766,1,0.0007,137625,96.99
15307,coyota,1,0.0007,137626,96.99
15308,coyotte,1,0.0007,137627,97.0
15309,cpksother367,1,0.0007,137628,97.0
15310,cpuquad,1,0.0007,137629,97.0
15311,cr13,1,0.0007,137630,97.0
15312,cr9480290139,1,0.0007,137631,97.0
15313,crabbLJ,1,0.0007,137632,97.0
15314,craftinghorus,1,0.0007,137633,97.0
15315,craigedwards59648919,1,0.0007,137634,97.0
15316,craigindylimotransport169,1,0.0007,137635,97.0
15317,crayoloyolo34475,1,0.0007,137636,97.0
15318,craziestcrackpot,1,0.0007,137637,97.0
15319,crazymaniscrazy350,1,0.0007,137638,97.0
15320,crazyty8s,1,0.0007,137639,97.0
15321,createai0907,1,0.0007,137640,97.0
15322,createaiart0000,1,0.0007,137641,97.01
15323,creative3d141,1,0.0007,137642,97.01
15324,creativecabbage127237,1,0.0007,137643,97.01
15325,crescentAI,1,0.0007,137644,97.01
15326,crinero,1,0.0007,137645,97.01
15327,crinkum15,1,0.0007,137646,97.01
15328,cristianchirita749,1,0.0007,137647,97.01
15329,cristianzacc2732,1,0.0007,137648,97.01
15330,cristicristicristi185732,1,0.0007,137649,97.01
15331,critlo,1,0.0007,137650,97.01
15332,cronkllr,1,0.0007,137651,97.01
15333,crontab,1,0.0007,137652,97.01
15334,cruelwhale,1,0.0007,137653,97.01
15335,crusader_og,1,0.0007,137654,97.01
15336,cruzmui95372,1,0.0007,137655,97.02
15337,crystalaized,1,0.0007,137656,97.02
15338,csfilter430,1,0.0007,137657,97.02
15339,csgomezg0441,1,0.0007,137658,97.02
15340,cslun402,1,0.0007,137659,97.02
15341,ctlzchul,1,0.0007,137660,97.02
15342,ctwrathjohnb,1,0.0007,137661,97.02
15343,cuacapotso813,1,0.0007,137662,97.02
15344,cubvalue,1,0.0007,137663,97.02
15345,cum_and_play,1,0.0007,137664,97.02
15346,cumhugger123,1,0.0007,137665,97.02
15347,cunningfox,1,0.0007,137666,97.02
15348,cureomofurun664,1,0.0007,137667,97.02
15349,curiousHex,1,0.0007,137668,97.02
15350,currymuncher,1,0.0007,137669,97.03
15351,cuzi,1,0.0007,137670,97.03
15352,cverdone,1,0.0007,137671,97.03
15353,cwz73084554,1,0.0007,137672,97.03
15354,cyberblockedd,1,0.0007,137673,97.03
15355,cybermousegaming346,1,0.0007,137674,97.03
15356,cylis420,1,0.0007,137675,97.03
15357,cypher95258,1,0.0007,137676,97.03
15358,cypherous009547,1,0.0007,137677,97.03
15359,cyri_96,1,0.0007,137678,97.03
15360,cyysm,1,0.0007,137679,97.03
15361,czarsflare,1,0.0007,137680,97.03
15362,d222l,1,0.0007,137681,97.03
15363,d2sads,1,0.0007,137682,97.03
15364,d3adm0r0zzz,1,0.0007,137683,97.04
15365,d3darth333,1,0.0007,137684,97.04
15366,d4bl0nx0950,1,0.0007,137685,97.04
15367,d568l,1,0.0007,137686,97.04
15368,daEisi,1,0.0007,137687,97.04
15369,daaiguy,1,0.0007,137688,97.04
15370,daanyiel,1,0.0007,137689,97.04
15371,dabbit,1,0.0007,137690,97.04
15372,dabrown3434,1,0.0007,137691,97.04
15373,dacty,1,0.0007,137692,97.04
15374,dadadadododo209194,1,0.0007,137693,97.04
15375,dadaqi,1,0.0007,137694,97.04
15376,daddamochi422,1,0.0007,137695,97.04
15377,daddragon8610,1,0.0007,137696,97.04
15378,daedaios,1,0.0007,137697,97.04
15379,dafenqiai,1,0.0007,137698,97.05
15380,daguy,1,0.0007,137699,97.05
15381,dahagudzenko161,1,0.0007,137700,97.05
15382,dajohnnies315953,1,0.0007,137701,97.05
15383,dakem1385902,1,0.0007,137702,97.05
15384,dakenfrostwood,1,0.0007,137703,97.05
15385,dakerix,1,0.0007,137704,97.05
15386,dalekcaan4923,1,0.0007,137705,97.05
15387,daletbaldeon573,1,0.0007,137706,97.05
15388,daligh,1,0.0007,137707,97.05
15389,dalvadasantana,1,0.0007,137708,97.05
15390,dambagzek420,1,0.0007,137709,97.05
15391,damianxx,1,0.0007,137710,97.05
15392,danGorst,1,0.0007,137711,97.05
15393,danbofor,1,0.0007,137712,97.06
15394,dancinghorseball685,1,0.0007,137713,97.06
15395,daneis,1,0.0007,137714,97.06
15396,danialtaiping789,1,0.0007,137715,97.06
15397,danidebby1993248,1,0.0007,137716,97.06
15398,danielhcacosta869,1,0.0007,137717,97.06
15399,danjazzstudio341,1,0.0007,137718,97.06
15400,dankmemes,1,0.0007,137719,97.06
15401,dannyhs102,1,0.0007,137720,97.06
15402,dansca123,1,0.0007,137721,97.06
15403,daoudiahmedkhalil530,1,0.0007,137722,97.06
15404,darbra,1,0.0007,137723,97.06
15405,dareson86,1,0.0007,137724,97.06
15406,daring_l,1,0.0007,137725,97.06
15407,dariofreschi09904,1,0.0007,137726,97.07
15408,dark_end,1,0.0007,137727,97.07
15409,darkbreadman,1,0.0007,137728,97.07
15410,darkey___,1,0.0007,137729,97.07
15411,darkjedi_rock344,1,0.0007,137730,97.07
15412,darkmodeasy,1,0.0007,137731,97.07
15413,darksat,1,0.0007,137732,97.07
15414,darksvetik1988844,1,0.0007,137733,97.07
15415,darkvalek,1,0.0007,137734,97.07
15416,darkzack,1,0.0007,137735,97.07
15417,darthvadder2445888,1,0.0007,137736,97.07
15418,darugawarusuya731,1,0.0007,137737,97.07
15419,darwindlr16501,1,0.0007,137738,97.07
15420,dasdsafd,1,0.0007,137739,97.07
15421,dasjomsyeet,1,0.0007,137740,97.08
15422,daspin335,1,0.0007,137741,97.08
15423,datass280,1,0.0007,137742,97.08
15424,datkidwitglavsses588427,1,0.0007,137743,97.08
15425,datsick1234371,1,0.0007,137744,97.08
15426,david395412874347,1,0.0007,137745,97.08
15427,davidayrolla476,1,0.0007,137746,97.08
15428,davidcole1111656,1,0.0007,137747,97.08
15429,davidcvaldez682,1,0.0007,137748,97.08
15430,davidsanchezin480,1,0.0007,137749,97.08
15431,davidshaverFL,1,0.0007,137750,97.08
15432,davizeragamer458187,1,0.0007,137751,97.08
15433,dax28,1,0.0007,137752,97.08
15434,dben98635,1,0.0007,137753,97.08
15435,dbiuboa696,1,0.0007,137754,97.09
15436,dbruzzese18,1,0.0007,137755,97.09
15437,dcf76e9ccb216897,1,0.0007,137756,97.09
15438,dcramer1044905,1,0.0007,137757,97.09
15439,ddarkest,1,0.0007,137758,97.09
15440,ddddrnh1,1,0.0007,137759,97.09
15441,dddfr,1,0.0007,137760,97.09
15442,ddia654,1,0.0007,137761,97.09
15443,ddmax,1,0.0007,137762,97.09
15444,ddpm_jcc,1,0.0007,137763,97.09
15445,ddpp83761,1,0.0007,137764,97.09
15446,ddw,1,0.0007,137765,97.09
15447,dead_end23847,1,0.0007,137766,97.09
15448,deadice69,1,0.0007,137767,97.09
15449,deadlybreathe,1,0.0007,137768,97.09
15450,deathfact,1,0.0007,137769,97.1
15451,decadent0326650,1,0.0007,137770,97.1
15452,decenti,1,0.0007,137771,97.1
15453,decodebleshheart345,1,0.0007,137772,97.1
15454,decvn,1,0.0007,137773,97.1
15455,dedmind200714,1,0.0007,137774,97.1
15456,dedofe5862684,1,0.0007,137775,97.1
15457,deepakgurjar44465688,1,0.0007,137776,97.1
15458,deepseekventricle,1,0.0007,137777,97.1
15459,deepterrorinfog678,1,0.0007,137778,97.1
15460,deesharp211,1,0.0007,137779,97.1
15461,defautw195,1,0.0007,137780,97.1
15462,definitelyabot1,1,0.0007,137781,97.1
15463,defonotninja417,1,0.0007,137782,97.1
15464,degendataguy,1,0.0007,137783,97.11
15465,degenerate33,1,0.0007,137784,97.11
15466,degensavant,1,0.0007,137785,97.11
15467,deityofdebt,1,0.0007,137786,97.11
15468,dekeev,1,0.0007,137787,97.11
15469,dekogame285,1,0.0007,137788,97.11
15470,dekushadow91207,1,0.0007,137789,97.11
15471,delikitten,1,0.0007,137790,97.11
15472,deltafox413228,1,0.0007,137791,97.11
15473,demonofgreed,1,0.0007,137792,97.11
15474,demonohypno3210723,1,0.0007,137793,97.11
15475,demycat,1,0.0007,137794,97.11
15476,dengdengyichen1353,1,0.0007,137795,97.11
15477,denimax,1,0.0007,137796,97.11
15478,dense13426,1,0.0007,137797,97.12
15479,dentkevin1984289,1,0.0007,137798,97.12
15480,deode6811,1,0.0007,137799,97.12
15481,derTonyy,1,0.0007,137800,97.12
15482,derbarnimer,1,0.0007,137801,97.12
15483,dergingaa298,1,0.0007,137802,97.12
15484,derhammer1933,1,0.0007,137803,97.12
15485,derjongfabian840,1,0.0007,137804,97.12
15486,derpanex,1,0.0007,137805,97.12
15487,derpierO,1,0.0007,137806,97.12
15488,derpiestderp123538,1,0.0007,137807,97.12
15489,derriandistro,1,0.0007,137808,97.12
15490,desianon9331,1,0.0007,137809,97.12
15491,desmondpony1450,1,0.0007,137810,97.12
15492,deswwv152,1,0.0007,137811,97.13
15493,deucethehero,1,0.0007,137812,97.13
15494,deuxit,1,0.0007,137813,97.13
15495,devaratha666,1,0.0007,137814,97.13
15496,develop_productivity,1,0.0007,137815,97.13
15497,devil_inf,1,0.0007,137816,97.13
15498,devildante2050923,1,0.0007,137817,97.13
15499,devilhookey,1,0.0007,137818,97.13
15500,devilseye,1,0.0007,137819,97.13
15501,devilwolfick90175,1,0.0007,137820,97.13
15502,devo55,1,0.0007,137821,97.13
15503,devonb186,1,0.0007,137822,97.13
15504,devyears,1,0.0007,137823,97.13
15505,dexie78440,1,0.0007,137824,97.13
15506,df53,1,0.0007,137825,97.14
15507,dfdfr232,1,0.0007,137826,97.14
15508,dfgdsfgdssd101010974,1,0.0007,137827,97.14
15509,dgaa,1,0.0007,137828,97.14
15510,dgfgds44048758,1,0.0007,137829,97.14
15511,dgnsfw,1,0.0007,137830,97.14
15512,dgracey01300,1,0.0007,137831,97.14
15513,dgssgsdsg,1,0.0007,137832,97.14
15514,dgtcld7359,1,0.0007,137833,97.14
15515,dh1d,1,0.0007,137834,97.14
15516,dhdhehegw358287,1,0.0007,137835,97.14
15517,dhfghdfhf,1,0.0007,137836,97.14
15518,diabolicc,1,0.0007,137837,97.14
15519,dibev57984570,1,0.0007,137838,97.14
15520,dickmenhugh568,1,0.0007,137839,97.14
15521,didnac,1,0.0007,137840,97.15
15522,didykvla131,1,0.0007,137841,97.15
15523,diebaas,1,0.0007,137842,97.15
15524,diego89,1,0.0007,137843,97.15
15525,diegoarrietavega2800,1,0.0007,137844,97.15
15526,diegofoz,1,0.0007,137845,97.15
15527,diegorex18,1,0.0007,137846,97.15
15528,diendre,1,0.0007,137847,97.15
15529,dieseldark,1,0.0007,137848,97.15
15530,diffducker,1,0.0007,137849,97.15
15531,diffusionboy,1,0.0007,137850,97.15
15532,diggydre,1,0.0007,137851,97.15
15533,digisam,1,0.0007,137852,97.15
15534,dilbert98338705,1,0.0007,137853,97.15
15535,dildagga,1,0.0007,137854,97.16
15536,dildo2201337089134438,1,0.0007,137855,97.16
15537,dildoly69,1,0.0007,137856,97.16
15538,dilusha,1,0.0007,137857,97.16
15539,dimbulb,1,0.0007,137858,97.16
15540,dimikne984,1,0.0007,137859,97.16
15541,dimsebek441,1,0.0007,137860,97.16
15542,dinesstt568,1,0.0007,137861,97.16
15543,dingbatt,1,0.0007,137862,97.16
15544,dingdong699090677,1,0.0007,137863,97.16
15545,dingson,1,0.0007,137864,97.16
15546,dinixdream,1,0.0007,137865,97.16
15547,dino87,1,0.0007,137866,97.16
15548,diogocruz96vc833,1,0.0007,137867,97.16
15549,dionyssioss600,1,0.0007,137868,97.17
15550,dirty_thoughts,1,0.0007,137869,97.17
15551,dirtyisabella,1,0.0007,137870,97.17
15552,discandy,1,0.0007,137871,97.17
15553,disksrhizome1s528,1,0.0007,137872,97.17
15554,dissqlvn457,1,0.0007,137873,97.17
15555,distriion122,1,0.0007,137874,97.17
15556,disuhyeon487,1,0.0007,137875,97.17
15557,divankabinet180,1,0.0007,137876,97.17
15558,dizzyspin,1,0.0007,137877,97.17
15559,djanto211873,1,0.0007,137878,97.17
15560,djatreyu22208,1,0.0007,137879,97.17
15561,djjaydean841,1,0.0007,137880,97.17
15562,djmelmy509,1,0.0007,137881,97.17
15563,dkenichi22,1,0.0007,137882,97.18
15564,dkillx248,1,0.0007,137883,97.18
15565,dkp12345,1,0.0007,137884,97.18
15566,dks90,1,0.0007,137885,97.18
15567,dlcoco,1,0.0007,137886,97.18
15568,dlvjwxfm1g959,1,0.0007,137887,97.18
15569,dmanik,1,0.0007,137888,97.18
15570,dmaomakudoll922,1,0.0007,137889,97.18
15571,dnbt769,1,0.0007,137890,97.18
15572,dnl963wgh,1,0.0007,137891,97.18
15573,doapot2030,1,0.0007,137892,97.18
15574,docgray3131609,1,0.0007,137893,97.18
15575,dociler,1,0.0007,137894,97.18
15576,docklunk_IA,1,0.0007,137895,97.18
15577,docmac395805,1,0.0007,137896,97.19
15578,docn,1,0.0007,137897,97.19
15579,doctorplague4896862,1,0.0007,137898,97.19
15580,dodris,1,0.0007,137899,97.19
15581,dofij43762302,1,0.0007,137900,97.19
15582,dogoodbutyou,1,0.0007,137901,97.19
15583,dogu_cat,1,0.0007,137902,97.19
15584,dohappy365,1,0.0007,137903,97.19
15585,dohd536320,1,0.0007,137904,97.19
15586,domdagoat,1,0.0007,137905,97.19
15587,dome3572001,1,0.0007,137906,97.19
15588,domestos,1,0.0007,137907,97.19
15589,domicil96,1,0.0007,137908,97.19
15590,dominogato,1,0.0007,137909,97.19
15591,don_qiaqia,1,0.0007,137910,97.2
15592,dondallia,1,0.0007,137911,97.2
15593,donghaizhishang524,1,0.0007,137912,97.2
15594,dongyuelan,1,0.0007,137913,97.2
15595,dongzhenli695,1,0.0007,137914,97.2
15596,donkeypower,1,0.0007,137915,97.2
15597,donte_civitai_profile,1,0.0007,137916,97.2
15598,doodoofartking42,1,0.0007,137917,97.2
15599,doomdr989896,1,0.0007,137918,97.2
15600,dopium,1,0.0007,137919,97.2
15601,dopperchopper,1,0.0007,137920,97.2
15602,dorenatalya919,1,0.0007,137921,97.2
15603,dosh5690912,1,0.0007,137922,97.2
15604,doublesaredown89,1,0.0007,137923,97.2
15605,douradinho194783,1,0.0007,137924,97.2
15606,dovakhiin1512340,1,0.0007,137925,97.21
15607,doveship,1,0.0007,137926,97.21
15608,dow185,1,0.0007,137927,97.21
15609,dowoeof,1,0.0007,137928,97.21
15610,dpfdpf,1,0.0007,137929,97.21
15611,dpugad,1,0.0007,137930,97.21
15612,dqliu80405,1,0.0007,137931,97.21
15613,dragon693,1,0.0007,137932,97.21
15614,dragon_lezard,1,0.0007,137933,97.21
15615,dragon_seekr,1,0.0007,137934,97.21
15616,dragonixMMech,1,0.0007,137935,97.21
15617,dragonmantbw738,1,0.0007,137936,97.21
15618,dragonswagger000733,1,0.0007,137937,97.21
15619,drake550,1,0.0007,137938,97.21
15620,drakesiv_drak,1,0.0007,137939,97.22
15621,drapetuff484,1,0.0007,137940,97.22
15622,drawinginspiration,1,0.0007,137941,97.22
15623,drawnai,1,0.0007,137942,97.22
15624,drdarkwolf,1,0.0007,137943,97.22
15625,dreadCB,1,0.0007,137944,97.22
15626,dreambiddes,1,0.0007,137945,97.22
15627,dreamflange,1,0.0007,137946,97.22
15628,dreamstate,1,0.0007,137947,97.22
15629,dreamwakkah,1,0.0007,137948,97.22
15630,drewski95572,1,0.0007,137949,97.22
15631,drewsmash,1,0.0007,137950,97.22
15632,driddy,1,0.0007,137951,97.22
15633,driftingphoenix,1,0.0007,137952,97.22
15634,drisk,1,0.0007,137953,97.23
15635,drivewizard652,1,0.0007,137954,97.23
15636,drll971,1,0.0007,137955,97.23
15637,drmilk,1,0.0007,137956,97.23
15638,droidy001142,1,0.0007,137957,97.23
15639,dron13091980676,1,0.0007,137958,97.23
15640,dron28,1,0.0007,137959,97.23
15641,droneman,1,0.0007,137960,97.23
15642,drumicube,1,0.0007,137961,97.23
15643,dsasdsdaerw992,1,0.0007,137962,97.23
15644,dtltaotest1974,1,0.0007,137963,97.23
15645,dtm22897911,1,0.0007,137964,97.23
15646,dttiger,1,0.0007,137965,97.23
15647,dubb1,1,0.0007,137966,97.23
15648,dubianbingyu,1,0.0007,137967,97.24
15649,dubiousdemon,1,0.0007,137968,97.24
15650,duchesslumholtz137,1,0.0007,137969,97.24
15651,duckman8614137,1,0.0007,137970,97.24
15652,dud278,1,0.0007,137971,97.24
15653,dukebaron,1,0.0007,137972,97.24
15654,dulcine9403718,1,0.0007,137973,97.24
15655,dumbird,1,0.0007,137974,97.24
15656,dumbsmolkarla505,1,0.0007,137975,97.24
15657,dummy444,1,0.0007,137976,97.24
15658,dummyhehe,1,0.0007,137977,97.24
15659,dumptygrunge184,1,0.0007,137978,97.24
15660,duncan955,1,0.0007,137979,97.24
15661,dunortariosvoldo309,1,0.0007,137980,97.24
15662,dupelawebsite185,1,0.0007,137981,97.25
15663,durachell,1,0.0007,137982,97.25
15664,durdur21,1,0.0007,137983,97.25
15665,durkaudkruak,1,0.0007,137984,97.25
15666,dwd4us,1,0.0007,137985,97.25
15667,dyb1buk,1,0.0007,137986,97.25
15668,dylan1242343987,1,0.0007,137987,97.25
15669,dylanrule,1,0.0007,137988,97.25
15670,dynatron832,1,0.0007,137989,97.25
15671,dyrice,1,0.0007,137990,97.25
15672,dzfgzdftz,1,0.0007,137991,97.25
15673,e4trgrif,1,0.0007,137992,97.25
15674,e7ai,1,0.0007,137993,97.25
15675,eFFo,1,0.0007,137994,97.25
15676,earsbiz271,1,0.0007,137995,97.25
15677,earwenil509,1,0.0007,137996,97.26
15678,eb86335,1,0.0007,137997,97.26
15679,ecaj,1,0.0007,137998,97.26
15680,ecmysterio787,1,0.0007,137999,97.26
15681,ecstasy01110011701,1,0.0007,138000,97.26
15682,ed2080,1,0.0007,138001,97.26
15683,eddyflores100684,1,0.0007,138002,97.26
15684,edgar01,1,0.0007,138003,97.26
15685,edgdh3622980,1,0.0007,138004,97.26
15686,edsonsimm551,1,0.0007,138005,97.26
15687,edu675311,1,0.0007,138006,97.26
15688,eduardovictor206438,1,0.0007,138007,97.26
15689,eeeeeee,1,0.0007,138008,97.26
15690,eeeeemuneeee874,1,0.0007,138009,97.26
15691,eepy3980,1,0.0007,138010,97.27
15692,eevee5785587,1,0.0007,138011,97.27
15693,eexhjikaman298,1,0.0007,138012,97.27
15694,eezee2020,1,0.0007,138013,97.27
15695,efekuski,1,0.0007,138014,97.27
15696,effallhumans,1,0.0007,138015,97.27
15697,eg5gy6h6uh,1,0.0007,138016,97.27
15698,egegereturns,1,0.0007,138017,97.27
15699,egg_,1,0.0007,138018,97.27
15700,eggrow,1,0.0007,138019,97.27
15701,ehen6y134,1,0.0007,138020,97.27
15702,eiikarc,1,0.0007,138021,97.27
15703,einjhelblue0719620,1,0.0007,138022,97.27
15704,ej6008,1,0.0007,138023,97.27
15705,eklipes,1,0.0007,138024,97.28
15706,ekzorcizm,1,0.0007,138025,97.28
15707,eldenringnightrein,1,0.0007,138026,97.28
15708,eldisss,1,0.0007,138027,97.28
15709,electrichead3,1,0.0007,138028,97.28
15710,element212,1,0.0007,138029,97.28
15711,element756,1,0.0007,138030,97.28
15712,elfkata,1,0.0007,138031,97.28
15713,elia1995,1,0.0007,138032,97.28
15714,elinandreaj,1,0.0007,138033,97.28
15715,elisasosanoid,1,0.0007,138034,97.28
15716,elise1996,1,0.0007,138035,97.28
15717,ellachili93,1,0.0007,138036,97.28
15718,ellenajs71673973,1,0.0007,138037,97.28
15719,elliezsolavish,1,0.0007,138038,97.29
15720,elo10fr740,1,0.0007,138039,97.29
15721,elperfct580939,1,0.0007,138040,97.29
15722,elpsykongroo84195,1,0.0007,138041,97.29
15723,elrabos599,1,0.0007,138042,97.29
15724,elsonro,1,0.0007,138043,97.29
15725,elusiveca,1,0.0007,138044,97.29
15726,elvirabazarova97861,1,0.0007,138045,97.29
15727,elvisalvarez9615563,1,0.0007,138046,97.29
15728,elwaen,1,0.0007,138047,97.29
15729,elysiaaimen6,1,0.0007,138048,97.29
15730,emailformorestuff3000206,1,0.0007,138049,97.29
15731,emb,1,0.0007,138050,97.29
15732,emilecaissy2931,1,0.0007,138051,97.29
15733,emilio447,1,0.0007,138052,97.3
15734,emmagoesrawr,1,0.0007,138053,97.3
15735,emmas_ai,1,0.0007,138054,97.3
15736,empt1ne77,1,0.0007,138055,97.3
15737,emptyburner,1,0.0007,138056,97.3
15738,enaduotria,1,0.0007,138057,97.3
15739,enaz767,1,0.0007,138058,97.3
15740,enb99594,1,0.0007,138059,97.3
15741,encante0123,1,0.0007,138060,97.3
15742,enderdust420,1,0.0007,138061,97.3
15743,enderian,1,0.0007,138062,97.3
15744,endxstf619,1,0.0007,138063,97.3
15745,enmanuelrivassalas123987,1,0.0007,138064,97.3
15746,enna1125,1,0.0007,138065,97.3
15747,epe68200415,1,0.0007,138066,97.3
15748,epicuren_04437206,1,0.0007,138067,97.31
15749,epsilon939689,1,0.0007,138068,97.31
15750,epwor,1,0.0007,138069,97.31
15751,eragon2016211,1,0.0007,138070,97.31
15752,erebedark,1,0.0007,138071,97.31
15753,ergonaut1202,1,0.0007,138072,97.31
15754,eric19990726256,1,0.0007,138073,97.31
15755,ericforza2000737,1,0.0007,138074,97.31
15756,ericheisner650,1,0.0007,138075,97.31
15757,erickvg12233,1,0.0007,138076,97.31
15758,erillXinform3dth3till,1,0.0007,138077,97.31
15759,ermwhattheflipman,1,0.0007,138078,97.31
15760,eroAlucard,1,0.0007,138079,97.31
15761,erogeknight34,1,0.0007,138080,97.31
15762,eroination,1,0.0007,138081,97.32
15763,eroladro,1,0.0007,138082,97.32
15764,erolovaslan383,1,0.0007,138083,97.32
15765,erosgod98895,1,0.0007,138084,97.32
15766,ertzleika464,1,0.0007,138085,97.32
15767,erwann359,1,0.0007,138086,97.32
15768,es2,1,0.0007,138087,97.32
15769,esc3238,1,0.0007,138088,97.32
15770,eskandersson,1,0.0007,138089,97.32
15771,esmo336750,1,0.0007,138090,97.32
15772,esowerskae742,1,0.0007,138091,97.32
15773,essseliq,1,0.0007,138092,97.32
15774,esupi2708,1,0.0007,138093,97.32
15775,eteb,1,0.0007,138094,97.32
15776,eternalmemer,1,0.0007,138095,97.33
15777,ethandaovn,1,0.0007,138096,97.33
15778,ethryelpt,1,0.0007,138097,97.33
15779,eudorusmyrmidon557,1,0.0007,138098,97.33
15780,eukcjucidmvhl,1,0.0007,138099,97.33
15781,euphamysm,1,0.0007,138100,97.33
15782,eurotaku,1,0.0007,138101,97.33
15783,eusilviafsilva,1,0.0007,138102,97.33
15784,evacostareal535,1,0.0007,138103,97.33
15785,evaroth,1,0.0007,138104,97.33
15786,evefan221249,1,0.0007,138105,97.33
15787,eventevent,1,0.0007,138106,97.33
15788,evgeniiabdalov842,1,0.0007,138107,97.33
15789,evil_ali,1,0.0007,138108,97.33
15790,evil_cook,1,0.0007,138109,97.34
15791,evilhero040849,1,0.0007,138110,97.34
15792,evilrage,1,0.0007,138111,97.34
15793,evilstormhot109,1,0.0007,138112,97.34
15794,evoxcivitai,1,0.0007,138113,97.34
15795,ewick117,1,0.0007,138114,97.34
15796,exelnshalver387,1,0.0007,138115,97.34
15797,exmouthplum,1,0.0007,138116,97.34
15798,exoru135313,1,0.0007,138117,97.34
15799,experi7777,1,0.0007,138118,97.34
15800,expertinho,1,0.0007,138119,97.34
15801,explorationsuncanny127,1,0.0007,138120,97.34
15802,extonoll123401,1,0.0007,138121,97.34
15803,extraordinarydiffusion,1,0.0007,138122,97.34
15804,extreme_turbo_gaming,1,0.0007,138123,97.35
15805,eyeoffire,1,0.0007,138124,97.35
15806,eyhoalan,1,0.0007,138125,97.35
15807,ezbuzztrust,1,0.0007,138126,97.35
15808,ezecheko10,1,0.0007,138127,97.35
15809,ezioboy541541583,1,0.0007,138128,97.35
15810,ezogaming,1,0.0007,138129,97.35
15811,f190dxxd,1,0.0007,138130,97.35
15812,f2590381675,1,0.0007,138131,97.35
15813,f3wkj232o3j,1,0.0007,138132,97.35
15814,f716106exit696,1,0.0007,138133,97.35
15815,fab944,1,0.0007,138134,97.35
15816,faberje69,1,0.0007,138135,97.35
15817,fablexxx,1,0.0007,138136,97.35
15818,facu,1,0.0007,138137,97.35
15819,fadeddarkness18,1,0.0007,138138,97.36
15820,fakeaccountforhentai746,1,0.0007,138139,97.36
15821,fakealtaccount,1,0.0007,138140,97.36
15822,fallenmystic,1,0.0007,138141,97.36
15823,falliwillfollow,1,0.0007,138142,97.36
15824,falluguy5726414,1,0.0007,138143,97.36
15825,fanatic_fan_of_ruka,1,0.0007,138144,97.36
15826,fancypantsoryx220,1,0.0007,138145,97.36
15827,fanecq,1,0.0007,138146,97.36
15828,faniplier101,1,0.0007,138147,97.36
15829,fantasticouno,1,0.0007,138148,97.36
15830,fantfetai,1,0.0007,138149,97.36
15831,fanvuemodelsai,1,0.0007,138150,97.36
15832,fanxiaozhen797,1,0.0007,138151,97.36
15833,fapermann,1,0.0007,138152,97.37
15834,faridmansimli,1,0.0007,138153,97.37
15835,farmer121,1,0.0007,138154,97.37
15836,farmhouse420,1,0.0007,138155,97.37
15837,farnsworthltnnku575,1,0.0007,138156,97.37
15838,farskye103,1,0.0007,138157,97.37
15839,fartbollocks603,1,0.0007,138158,97.37
15840,faseastasiasch,1,0.0007,138159,97.37
15841,fat10kg,1,0.0007,138160,97.37
15842,fat188,1,0.0007,138161,97.37
15843,fatiga2025,1,0.0007,138162,97.37
15844,fatzgenfatz,1,0.0007,138163,97.37
15845,faudmflrs,1,0.0007,138164,97.37
15846,fauxtographypro,1,0.0007,138165,97.37
15847,fayewik,1,0.0007,138166,97.38
15848,faylekay3323,1,0.0007,138167,97.38
15849,fazakasalbert894,1,0.0007,138168,97.38
15850,fazeelzaheer340,1,0.0007,138169,97.38
15851,fcbfan0000,1,0.0007,138170,97.38
15852,fcx55581384,1,0.0007,138171,97.38
15853,fdabitz609,1,0.0007,138172,97.38
15854,febrileluminary87,1,0.0007,138173,97.38
15855,fedekirch682,1,0.0007,138174,97.38
15856,fedoramaster,1,0.0007,138175,97.38
15857,feetgen10649,1,0.0007,138176,97.38
15858,feetrelia,1,0.0007,138177,97.38
15859,feldo6990,1,0.0007,138178,97.38
15860,felipuertoo567,1,0.0007,138179,97.38
15861,felix2347v696,1,0.0007,138180,97.39
15862,felix_da_salmon,1,0.0007,138181,97.39
15863,felixstingl529,1,0.0007,138182,97.39
15864,fellow_daoist,1,0.0007,138183,97.39
15865,feloniusfeline,1,0.0007,138184,97.39
15866,femblud,1,0.0007,138185,97.39
15867,femboy98,1,0.0007,138186,97.39
15868,femboy_sissy_vilu,1,0.0007,138187,97.39
15869,femboyonfemboyshotalover,1,0.0007,138188,97.39
15870,femtoampere,1,0.0007,138189,97.39
15871,fenbushijujuefuwu,1,0.0007,138190,97.39
15872,fencer_workout_0f340,1,0.0007,138191,97.39
15873,fenxera,1,0.0007,138192,97.39
15874,fer187t294,1,0.0007,138193,97.39
15875,ferlenz,1,0.0007,138194,97.4
15876,fernecho,1,0.0007,138195,97.4
15877,fernicar,1,0.0007,138196,97.4
15878,ferry853,1,0.0007,138197,97.4
15879,ferthallogan189,1,0.0007,138198,97.4
15880,fervent_grace06828,1,0.0007,138199,97.4
15881,festival,1,0.0007,138200,97.4
15882,ffeegw1312,1,0.0007,138201,97.4
15883,fffffff1,1,0.0007,138202,97.4
15884,fffffred,1,0.0007,138203,97.4
15885,fffxIII,1,0.0007,138204,97.4
15886,ffjggrtbjibv,1,0.0007,138205,97.4
15887,fg84614,1,0.0007,138206,97.4
15888,fghfgdhfgfghfghgfh,1,0.0007,138207,97.4
15889,fgiggleson870,1,0.0007,138208,97.41
15890,fgjjvffghgdvhj521,1,0.0007,138209,97.41
15891,fgn,1,0.0007,138210,97.41
15892,fhugfggdgyghgtg769,1,0.0007,138211,97.41
15893,fihoy25658764,1,0.0007,138212,97.41
15894,fiig,1,0.0007,138213,97.41
15895,filibertomariani,1,0.0007,138214,97.41
15896,finalchad,1,0.0007,138215,97.41
15897,finalx8,1,0.0007,138216,97.41
15898,fincont2878,1,0.0007,138217,97.41
15899,finderhoho,1,0.0007,138218,97.41
15900,finenude,1,0.0007,138219,97.41
15901,fireball2121881,1,0.0007,138220,97.41
15902,fireballjess511,1,0.0007,138221,97.41
15903,firefreezer,1,0.0007,138222,97.41
15904,fishbro,1,0.0007,138223,97.42
15905,fishergibbon,1,0.0007,138224,97.42
15906,fishking11923,1,0.0007,138225,97.42
15907,fitCorder,1,0.0007,138226,97.42
15908,fixer121,1,0.0007,138227,97.42
15909,fizdugannnn,1,0.0007,138228,97.42
15910,fkz0000001,1,0.0007,138229,97.42
15911,fl0280088527,1,0.0007,138230,97.42
15912,fl0280088634,1,0.0007,138231,97.42
15913,flamexskull1988,1,0.0007,138232,97.42
15914,flan_,1,0.0007,138233,97.42
15915,flankerid2196,1,0.0007,138234,97.42
15916,flashthompsen88,1,0.0007,138235,97.42
15917,flashyflash,1,0.0007,138236,97.42
15918,flat_ten,1,0.0007,138237,97.43
15919,flautadiscount560,1,0.0007,138238,97.43
15920,fleer_KP,1,0.0007,138239,97.43
15921,fleurelle,1,0.0007,138240,97.43
15922,flexilis,1,0.0007,138241,97.43
15923,flexysexy,1,0.0007,138242,97.43
15924,fllaurens941,1,0.0007,138243,97.43
15925,florenciaduarte685,1,0.0007,138244,97.43
15926,flowerartkollk789,1,0.0007,138245,97.43
15927,fluffy215,1,0.0007,138246,97.43
15928,flyin022602066,1,0.0007,138247,97.43
15929,fmegamaker796,1,0.0007,138248,97.43
15930,focuspunch19,1,0.0007,138249,97.43
15931,focuswavedaily,1,0.0007,138250,97.43
15932,fogel2115,1,0.0007,138251,97.44
15933,fomoriankings,1,0.0007,138252,97.44
15934,fonzai,1,0.0007,138253,97.44
15935,forastio350458,1,0.0007,138254,97.44
15936,forcehurricane00300,1,0.0007,138255,97.44
15937,forester67,1,0.0007,138256,97.44
15938,fornando,1,0.0007,138257,97.44
15939,forsterpascal714,1,0.0007,138258,97.44
15940,forunseeupload,1,0.0007,138259,97.44
15941,forywilly1215,1,0.0007,138260,97.44
15942,fouchardmilcoupes311,1,0.0007,138261,97.44
15943,foxassasinocraft7463,1,0.0007,138262,97.44
15944,foxback25_99315,1,0.0007,138263,97.44
15945,foxbraindesigns186,1,0.0007,138264,97.44
15946,foxwheat,1,0.0007,138265,97.45
15947,foxyluxytr576,1,0.0007,138266,97.45
15948,fpcivit,1,0.0007,138267,97.45
15949,fracfx,1,0.0007,138268,97.45
15950,fralandiii654,1,0.0007,138269,97.45
15951,francescoaloisi826,1,0.0007,138270,97.45
15952,frank2002,1,0.0007,138271,97.45
15953,frankyuan,1,0.0007,138272,97.45
15954,franz263,1,0.0007,138273,97.45
15955,fredbed800562,1,0.0007,138274,97.45
15956,freef0rmjazz,1,0.0007,138275,97.45
15957,freeflyu,1,0.0007,138276,97.45
15958,freehall2001,1,0.0007,138277,97.45
15959,freek22,1,0.0007,138278,97.45
15960,freethechickens,1,0.0007,138279,97.46
15961,freskulin0099,1,0.0007,138280,97.46
15962,frgetrgbvtvgfr,1,0.0007,138281,97.46
15963,frh49468107,1,0.0007,138282,97.46
15964,fried,1,0.0007,138283,97.46
15965,friend_,1,0.0007,138284,97.46
15966,friendly,1,0.0007,138285,97.46
15967,friendlydog,1,0.0007,138286,97.46
15968,frogbrain,1,0.0007,138287,97.46
15969,frogwars946978,1,0.0007,138288,97.46
15970,fromklaylywithlove441,1,0.0007,138289,97.46
15971,frosta55002631,1,0.0007,138290,97.46
15972,frosteddonuts,1,0.0007,138291,97.46
15973,frostyblizzard88978,1,0.0007,138292,97.46
15974,frs5833646250,1,0.0007,138293,97.46
15975,fsHFzdzdht,1,0.0007,138294,97.47
15976,fsamdssaa802,1,0.0007,138295,97.47
15977,fstoppia651,1,0.0007,138296,97.47
15978,ftantisekctvrtlik259,1,0.0007,138297,97.47
15979,ftjob11527,1,0.0007,138298,97.47
15980,ftlvr,1,0.0007,138299,97.47
15981,fulltakai174,1,0.0007,138300,97.47
15982,funambulus_pennati,1,0.0007,138301,97.47
15983,functionrenderdream,1,0.0007,138302,97.47
15984,funientertain,1,0.0007,138303,97.47
15985,funkii_z,1,0.0007,138304,97.47
15986,funnyshithaha,1,0.0007,138305,97.47
15987,funpen0326937,1,0.0007,138306,97.47
15988,funsponge,1,0.0007,138307,97.47
15989,furpic,1,0.0007,138308,97.48
15990,furry099,1,0.0007,138309,97.48
15991,furrygirlenjoyer,1,0.0007,138310,97.48
15992,furrysheep,1,0.0007,138311,97.48
15993,fuserdm718,1,0.0007,138312,97.48
15994,fuyudayuu,1,0.0007,138313,97.48
15995,fwasson84671,1,0.0007,138314,97.48
15996,fwomping,1,0.0007,138315,97.48
15997,fyeshitonly6188,1,0.0007,138316,97.48
15998,g1ggle,1,0.0007,138317,97.48
15999,g3n,1,0.0007,138318,97.48
16000,gAIaMagos,1,0.0007,138319,97.48
16001,gabo12,1,0.0007,138320,97.48
16002,gaboespinozage157,1,0.0007,138321,97.48
16003,gabont100864,1,0.0007,138322,97.49
16004,gabriellinodoserro194,1,0.0007,138323,97.49
16005,gabrielstpierre540,1,0.0007,138324,97.49
16006,gagebrock546327,1,0.0007,138325,97.49
16007,gakaduo213,1,0.0007,138326,97.49
16008,gakuenxd927,1,0.0007,138327,97.49
16009,gal99940240,1,0.0007,138328,97.49
16010,gamefire,1,0.0007,138329,97.49
16011,gamingtiraa912,1,0.0007,138330,97.49
16012,ganeshuw567,1,0.0007,138331,97.49
16013,ganibanship994,1,0.0007,138332,97.49
16014,ganon188550,1,0.0007,138333,97.49
16015,gapex11,1,0.0007,138334,97.49
16016,garbage32217111,1,0.0007,138335,97.49
16017,garciaalvaresfabricio547,1,0.0007,138336,97.5
16018,gardunorr,1,0.0007,138337,97.5
16019,gargantua,1,0.0007,138338,97.5
16020,gateofsteiner2407902,1,0.0007,138339,97.5
16021,gatidinho162,1,0.0007,138340,97.5
16022,gatobrigantia278,1,0.0007,138341,97.5
16023,gator1122,1,0.0007,138342,97.5
16024,gawrik,1,0.0007,138343,97.5
16025,gayboylover5,1,0.0007,138344,97.5
16026,gayfurby,1,0.0007,138345,97.5
16027,gaylord250,1,0.0007,138346,97.5
16028,gaysoleilisbae374,1,0.0007,138347,97.5
16029,gbch86557131,1,0.0007,138348,97.5
16030,gblue,1,0.0007,138349,97.5
16031,gdt503731,1,0.0007,138350,97.51
16032,gearsoul1992273,1,0.0007,138351,97.51
16033,geffardjonathan406,1,0.0007,138352,97.51
16034,generativeairesearch,1,0.0007,138353,97.51
16035,genexp,1,0.0007,138354,97.51
16036,geniberto142457930,1,0.0007,138355,97.51
16037,genimerge,1,0.0007,138356,97.51
16038,genshimushiryo,1,0.0007,138357,97.51
16039,georgebernanos113109,1,0.0007,138358,97.51
16040,georgebj80771,1,0.0007,138359,97.51
16041,gerasimovkonstantin08512,1,0.0007,138360,97.51
16042,germanXXXstranger,1,0.0007,138361,97.51
16043,gerosun11,1,0.0007,138362,97.51
16044,getliftedandwakeup585,1,0.0007,138363,97.51
16045,gfauxpas,1,0.0007,138364,97.51
16046,gfu80113784,1,0.0007,138365,97.52
16047,gg114514,1,0.0007,138366,97.52
16048,gghtt,1,0.0007,138367,97.52
16049,ggiznump320,1,0.0007,138368,97.52
16050,ggoodie,1,0.0007,138369,97.52
16051,ghass,1,0.0007,138370,97.52
16052,ghgymyvuwkyl538,1,0.0007,138371,97.52
16053,ghjj123h,1,0.0007,138372,97.52
16054,ghost4363,1,0.0007,138373,97.52
16055,ghostmk7,1,0.0007,138374,97.52
16056,ghostthekid14898,1,0.0007,138375,97.52
16057,ghsa16864,1,0.0007,138376,97.52
16058,ghtg,1,0.0007,138377,97.52
16059,gibin88,1,0.0007,138378,97.52
16060,giftontombiju860,1,0.0007,138379,97.53
16061,gigadiffusion,1,0.0007,138380,97.53
16062,gigisocialstudio363,1,0.0007,138381,97.53
16063,gijex35891368,1,0.0007,138382,97.53
16064,gikan64962890,1,0.0007,138383,97.53
16065,gimlet_ai,1,0.0007,138384,97.53
16066,ginggongmeneys666,1,0.0007,138385,97.53
16067,girlslover4657,1,0.0007,138386,97.53
16068,giru,1,0.0007,138387,97.53
16069,giuliajoumene508,1,0.0007,138388,97.53
16070,gizman667,1,0.0007,138389,97.53
16071,glacee832,1,0.0007,138390,97.53
16072,gladorien343,1,0.0007,138391,97.53
16073,gleaming_envy,1,0.0007,138392,97.53
16074,gleesexxy,1,0.0007,138393,97.54
16075,glitchsaint,1,0.0007,138394,97.54
16076,globalrapunzels697,1,0.0007,138395,97.54
16077,globo,1,0.0007,138396,97.54
16078,glogang,1,0.0007,138397,97.54
16079,gloobman180,1,0.0007,138398,97.54
16080,glookiegod69,1,0.0007,138399,97.54
16081,glooom717,1,0.0007,138400,97.54
16082,glorko,1,0.0007,138401,97.54
16083,gm90_,1,0.0007,138402,97.54
16084,gmichael1469804,1,0.0007,138403,97.54
16085,gmrazendra872,1,0.0007,138404,97.54
16086,gnomepenguin248,1,0.0007,138405,97.54
16087,gnowledge,1,0.0007,138406,97.54
16088,gnuyxgnuy747,1,0.0007,138407,97.55
16089,gobbledock1522,1,0.0007,138408,97.55
16090,goblins_n_ghouls,1,0.0007,138409,97.55
16091,gobofraggle2000841,1,0.0007,138410,97.55
16092,godhuman718790,1,0.0007,138411,97.55
16093,godlians,1,0.0007,138412,97.55
16094,godzlikegojira897,1,0.0007,138413,97.55
16095,gog380469874,1,0.0007,138414,97.55
16096,goghiniharo585,1,0.0007,138415,97.55
16097,gogomar,1,0.0007,138416,97.55
16098,gogomisagjott503,1,0.0007,138417,97.55
16099,gogoyoga,1,0.0007,138418,97.55
16100,gohalil380916,1,0.0007,138419,97.55
16101,gojuxx013,1,0.0007,138420,97.55
16102,gojuxx01civitai4,1,0.0007,138421,97.56
16103,golden_huntress219,1,0.0007,138422,97.56
16104,goldengoldenbeauty648,1,0.0007,138423,97.56
16105,goldship611,1,0.0007,138424,97.56
16106,goldstern,1,0.0007,138425,97.56
16107,gonb,1,0.0007,138426,97.56
16108,gondor952,1,0.0007,138427,97.56
16109,gonzaluigi,1,0.0007,138428,97.56
16110,goo3618,1,0.0007,138429,97.56
16111,goodusername3717,1,0.0007,138430,97.56
16112,goodwill55,1,0.0007,138431,97.56
16113,goofythrowaway,1,0.0007,138432,97.56
16114,gool2947,1,0.0007,138433,97.56
16115,goosemanha,1,0.0007,138434,97.56
16116,goravfx2903,1,0.0007,138435,97.57
16117,goreguro,1,0.0007,138436,97.57
16118,gorouden515,1,0.0007,138437,97.57
16119,gortath,1,0.0007,138438,97.57
16120,gorzt,1,0.0007,138439,97.57
16121,gosamyn998,1,0.0007,138440,97.57
16122,gosh166103,1,0.0007,138441,97.57
16123,gotklk,1,0.0007,138442,97.57
16124,gourav538,1,0.0007,138443,97.57
16125,govindgopu99295,1,0.0007,138444,97.57
16126,gp01fb,1,0.0007,138445,97.57
16127,graam558,1,0.0007,138446,97.57
16128,gradientcurves,1,0.0007,138447,97.57
16129,grafmix421,1,0.0007,138448,97.57
16130,grafvishna4918,1,0.0007,138449,97.57
16131,graint,1,0.0007,138450,97.58
16132,grandgeous,1,0.0007,138451,97.58
16133,grandsore87727,1,0.0007,138452,97.58
16134,grassmuncher125,1,0.0007,138453,97.58
16135,greatdiffuser,1,0.0007,138454,97.58
16136,greatfull,1,0.0007,138455,97.58
16137,greg_wilson,1,0.0007,138456,97.58
16138,greykingnoob,1,0.0007,138457,97.58
16139,grfoxvi,1,0.0007,138458,97.58
16140,grgglegrggle650,1,0.0007,138459,97.58
16141,grimmus987928,1,0.0007,138460,97.58
16142,grimmz189271,1,0.0007,138461,97.58
16143,grincho,1,0.0007,138462,97.58
16144,grizzly1496142011882,1,0.0007,138463,97.58
16145,growcomics977,1,0.0007,138464,97.59
16146,grumkoivan,1,0.0007,138465,97.59
16147,gryjfads22222,1,0.0007,138466,97.59
16148,gsmback,1,0.0007,138467,97.59
16149,gtsoraxd898,1,0.0007,138468,97.59
16150,gtzlara2023,1,0.0007,138469,97.59
16151,guahunyo,1,0.0007,138470,97.59
16152,guantian,1,0.0007,138471,97.59
16153,gudan233,1,0.0007,138472,97.59
16154,guez,1,0.0007,138473,97.59
16155,gugope3,1,0.0007,138474,97.59
16156,guilhermess0077939,1,0.0007,138475,97.59
16157,guionvito123,1,0.0007,138476,97.59
16158,gunzak33833,1,0.0007,138477,97.59
16159,guren,1,0.0007,138478,97.6
16160,gurh,1,0.0007,138479,97.6
16161,gustav2250,1,0.0007,138480,97.6
16162,gustolliver,1,0.0007,138481,97.6
16163,gutrezen1964,1,0.0007,138482,97.6
16164,guyalOfSfere,1,0.0007,138483,97.6
16165,guyuenaarturo259,1,0.0007,138484,97.6
16166,guz_tv,1,0.0007,138485,97.6
16167,gwq35,1,0.0007,138486,97.6
16168,gxb5813,1,0.0007,138487,97.6
16169,gxbemail2200283,1,0.0007,138488,97.6
16170,gxk24,1,0.0007,138489,97.6
16171,gyhger,1,0.0007,138490,97.6
16172,gyikchidi911,1,0.0007,138491,97.6
16173,gz73636,1,0.0007,138492,97.61
16174,h4wk4n4,1,0.0007,138493,97.61
16175,h_kr,1,0.0007,138494,97.61
16176,haagseperikelen403,1,0.0007,138495,97.61
16177,habibing,1,0.0007,138496,97.61
16178,hackedships,1,0.0007,138497,97.61
16179,hades6666969,1,0.0007,138498,97.61
16180,hagen3000123,1,0.0007,138499,97.61
16181,hagenhb,1,0.0007,138500,97.61
16182,hahafofo,1,0.0007,138501,97.61
16183,haibara_a1,1,0.0007,138502,97.61
16184,hailzamorak729,1,0.0007,138503,97.61
16185,haiti5,1,0.0007,138504,97.61
16186,haksal64,1,0.0007,138505,97.61
16187,hakushama,1,0.0007,138506,97.62
16188,halbert,1,0.0007,138507,97.62
16189,halerparka329,1,0.0007,138508,97.62
16190,haluwawy584,1,0.0007,138509,97.62
16191,hamburglerreturns973,1,0.0007,138510,97.62
16192,hamedsheygh205,1,0.0007,138511,97.62
16193,hamza18ait,1,0.0007,138512,97.62
16194,han11goodgreat112,1,0.0007,138513,97.62
16195,hanabihues,1,0.0007,138514,97.62
16196,hanibunni,1,0.0007,138515,97.62
16197,hanmu0w0,1,0.0007,138516,97.62
16198,hansondraj,1,0.0007,138517,97.62
16199,hanspaa2017108,1,0.0007,138518,97.62
16200,hanyetingqu,1,0.0007,138519,97.62
16201,haoxuandai1024107,1,0.0007,138520,97.62
16202,haoyou69367,1,0.0007,138521,97.63
16203,haozhaoyu0506139,1,0.0007,138522,97.63
16204,hapsnsfw950,1,0.0007,138523,97.63
16205,harmardwork365,1,0.0007,138524,97.63
16206,harpy_sub_908,1,0.0007,138525,97.63
16207,harriet_mccallister,1,0.0007,138526,97.63
16208,harrisonb48323,1,0.0007,138527,97.63
16209,harrowing_301,1,0.0007,138528,97.63
16210,harshitp682,1,0.0007,138529,97.63
16211,harukisama321101,1,0.0007,138530,97.63
16212,hashimhejazi74582,1,0.0007,138531,97.63
16213,hashimhejazi81634,1,0.0007,138532,97.63
16214,hasnkod230,1,0.0007,138533,97.63
16215,hatady,1,0.0007,138534,97.63
16216,hattychan,1,0.0007,138535,97.64
16217,havenmasterson130664,1,0.0007,138536,97.64
16218,havey,1,0.0007,138537,97.64
16219,hayake5,1,0.0007,138538,97.64
16220,hayattexi111222319,1,0.0007,138539,97.64
16221,hbb009,1,0.0007,138540,97.64
16222,hbbf969,1,0.0007,138541,97.64
16223,hdan35771614,1,0.0007,138542,97.64
16224,hdrami05,1,0.0007,138543,97.64
16225,headlesspuppet,1,0.0007,138544,97.64
16226,heavenlycourtesan,1,0.0007,138545,97.64
16227,hecker420323,1,0.0007,138546,97.64
16228,hedapa8833870,1,0.0007,138547,97.64
16229,heelxe320,1,0.0007,138548,97.64
16230,heesoo091003four165,1,0.0007,138549,97.65
16231,heftyroom61610,1,0.0007,138550,97.65
16232,heixiboshi,1,0.0007,138551,97.65
16233,heiyu_,1,0.0007,138552,97.65
16234,hejirais3696,1,0.0007,138553,97.65
16235,helengunswirl773,1,0.0007,138554,97.65
16236,helfren53539,1,0.0007,138555,97.65
16237,hell1912,1,0.0007,138556,97.65
16238,hello_world,1,0.0007,138557,97.65
16239,hellothisismyreplacement,1,0.0007,138558,97.65
16240,helmholtzfreeenergy,1,0.0007,138559,97.65
16241,helst0rm,1,0.0007,138560,97.65
16242,hemangjoshi37a356,1,0.0007,138561,97.65
16243,hemmorhage,1,0.0007,138562,97.65
16244,henhans76629,1,0.0007,138563,97.66
16245,henryflowers,1,0.0007,138564,97.66
16246,hentai_love_1945763,1,0.0007,138565,97.66
16247,hentaiegirl114,1,0.0007,138566,97.66
16248,hentaihound69,1,0.0007,138567,97.66
16249,hepha720,1,0.0007,138568,97.66
16250,herjem4681,1,0.0007,138569,97.66
16251,hermit64,1,0.0007,138570,97.66
16252,hero77806,1,0.0007,138571,97.66
16253,herreramtn2023902,1,0.0007,138572,97.66
16254,hetcal,1,0.0007,138573,97.66
16255,heydaddy,1,0.0007,138574,97.66
16256,heydexia,1,0.0007,138575,97.66
16257,heyheyheyheyhii,1,0.0007,138576,97.66
16258,heynus,1,0.0007,138577,97.67
16259,hfaify,1,0.0007,138578,97.67
16260,hhggui,1,0.0007,138579,97.67
16261,hhhaaa1,1,0.0007,138580,97.67
16262,hhhhy8,1,0.0007,138581,97.67
16263,hi565,1,0.0007,138582,97.67
16264,hibimep643190,1,0.0007,138583,97.67
16265,hicexa6516842,1,0.0007,138584,97.67
16266,hick221,1,0.0007,138585,97.67
16267,hickskenway385,1,0.0007,138586,97.67
16268,hididdlyho,1,0.0007,138587,97.67
16269,high_eeeenergy427,1,0.0007,138588,97.67
16270,high_tower,1,0.0007,138589,97.67
16271,highlyclassified,1,0.0007,138590,97.67
16272,highscoregames12018776,1,0.0007,138591,97.67
16273,hihello1234512342195,1,0.0007,138592,97.68
16274,hikanthus640,1,0.0007,138593,97.68
16275,hikaruletusplay196,1,0.0007,138594,97.68
16276,himurabattosay,1,0.0007,138595,97.68
16277,hinatalovely,1,0.0007,138596,97.68
16278,hinokakera,1,0.0007,138597,97.68
16279,hiroyang312,1,0.0007,138598,97.68
16280,hisato999,1,0.0007,138599,97.68
16281,hit,1,0.0007,138600,97.68
16282,hithere190,1,0.0007,138601,97.68
16283,hivers20011,1,0.0007,138602,97.68
16284,hizmasta,1,0.0007,138603,97.68
16285,hjhjgggjg1223,1,0.0007,138604,97.68
16286,hjjhj773243,1,0.0007,138605,97.68
16287,hjnjbh88,1,0.0007,138606,97.69
16288,hjonk389626,1,0.0007,138607,97.69
16289,hmal,1,0.0007,138608,97.69
16290,hnk9197999,1,0.0007,138609,97.69
16291,hoanghai129612122,1,0.0007,138610,97.69
16292,hobojojo68,1,0.0007,138611,97.69
16293,holden0292,1,0.0007,138612,97.69
16294,hole4jaekyung,1,0.0007,138613,97.69
16295,holjavbek23,1,0.0007,138614,97.69
16296,hollwill,1,0.0007,138615,97.69
16297,hollyarrow93900,1,0.0007,138616,97.69
16298,holybanana,1,0.0007,138617,97.69
16299,homuraCMT,1,0.0007,138618,97.69
16300,homuralee,1,0.0007,138619,97.69
16301,hongwatg05121,1,0.0007,138620,97.7
16302,honored1888103,1,0.0007,138621,97.7
16303,hoodwinker,1,0.0007,138622,97.7
16304,hoogabooga,1,0.0007,138623,97.7
16305,hoora,1,0.0007,138624,97.7
16306,horacegrantnepal603,1,0.0007,138625,97.7
16307,horndog_gb,1,0.0007,138626,97.7
16308,hornet1a716,1,0.0007,138627,97.7
16309,horsejockey,1,0.0007,138628,97.7
16310,horselovver,1,0.0007,138629,97.7
16311,horstmeyer69981,1,0.0007,138630,97.7
16312,hotshots,1,0.0007,138631,97.7
16313,hotsnake88,1,0.0007,138632,97.7
16314,hottiesnhotties,1,0.0007,138633,97.7
16315,houdino,1,0.0007,138634,97.71
16316,housefocused601,1,0.0007,138635,97.71
16317,houseinfinite1201,1,0.0007,138636,97.71
16318,howardxsperm,1,0.0007,138637,97.71
16319,hqrhqy88124,1,0.0007,138638,97.71
16320,hsbndge,1,0.0007,138639,97.71
16321,hsrbb01,1,0.0007,138640,97.71
16322,htbPlayground,1,0.0007,138641,97.71
16323,htechhallmark230,1,0.0007,138642,97.71
16324,huachengzhao,1,0.0007,138643,97.71
16325,huandami,1,0.0007,138644,97.71
16326,huangdeyin,1,0.0007,138645,97.71
16327,huangyi152959021,1,0.0007,138646,97.71
16328,huanqing,1,0.0007,138647,97.71
16329,huapsh114,1,0.0007,138648,97.72
16330,hudra922,1,0.0007,138649,97.72
16331,hueputalo1488,1,0.0007,138650,97.72
16332,hueself,1,0.0007,138651,97.72
16333,hueymofl,1,0.0007,138652,97.72
16334,hufube,1,0.0007,138653,97.72
16335,hughte,1,0.0007,138654,97.72
16336,hugsko,1,0.0007,138655,97.72
16337,huheae713,1,0.0007,138656,97.72
16338,hukliohu801,1,0.0007,138657,97.72
16339,hullahoo,1,0.0007,138658,97.72
16340,hulumscave,1,0.0007,138659,97.72
16341,humanlove111762,1,0.0007,138660,97.72
16342,hundogduakaaa823,1,0.0007,138661,97.72
16343,hunterhageman,1,0.0007,138662,97.72
16344,hushrabbit,1,0.0007,138663,97.73
16345,huurn,1,0.0007,138664,97.73
16346,huyi002,1,0.0007,138665,97.73
16347,huyx123111982,1,0.0007,138666,97.73
16348,huzaifa111,1,0.0007,138667,97.73
16349,huzzahyessir21944,1,0.0007,138668,97.73
16350,huzzahyessir22295,1,0.0007,138669,97.73
16351,hwy778trr4,1,0.0007,138670,97.73
16352,hxy2023,1,0.0007,138671,97.73
16353,hy813980,1,0.0007,138672,97.73
16354,hyj5324567,1,0.0007,138673,97.73
16355,hypersphere,1,0.0007,138674,97.73
16356,hypnotownn,1,0.0007,138675,97.73
16357,hyrulebruh,1,0.0007,138676,97.73
16358,hywhywhy764,1,0.0007,138677,97.74
16359,hzilfiger,1,0.0007,138678,97.74
16360,hzjshhsjhgshj7766620,1,0.0007,138679,97.74
16361,iGoonHard,1,0.0007,138680,97.74
16362,iRockStarFX,1,0.0007,138681,97.74
16363,i_love_pussy_321,1,0.0007,138682,97.74
16364,ia4prolendet540,1,0.0007,138683,97.74
16365,iachats0310495,1,0.0007,138684,97.74
16366,iadrawingojisan2529,1,0.0007,138685,97.74
16367,iadrawingojisan4716,1,0.0007,138686,97.74
16368,iammrrobot420,1,0.0007,138687,97.74
16369,iamq007,1,0.0007,138688,97.74
16370,iamsamsungieuan494,1,0.0007,138689,97.74
16371,iamscr3wballl,1,0.0007,138690,97.74
16372,iamsobrainbrot,1,0.0007,138691,97.75
16373,iamspider,1,0.0007,138692,97.75
16374,iamtherealnikita83327,1,0.0007,138693,97.75
16375,iamtheshadowthehedgehog52,1,0.0007,138694,97.75
16376,iamxenos,1,0.0007,138695,97.75
16377,ianyokito07387,1,0.0007,138696,97.75
16378,iatop68304,1,0.0007,138697,97.75
16379,icameshuffle,1,0.0007,138698,97.75
16380,icarusmailman151,1,0.0007,138699,97.75
16381,icecoldbingchilling,1,0.0007,138700,97.75
16382,icesu,1,0.0007,138701,97.75
16383,ichbin3691116,1,0.0007,138702,97.75
16384,icould13,1,0.0007,138703,97.75
16385,idiotlol32,1,0.0007,138704,97.75
16386,idolpics4507,1,0.0007,138705,97.76
16387,ifgridster395907,1,0.0007,138706,97.76
16388,igetboredproductions,1,0.0007,138707,97.76
16389,iggycognito,1,0.0007,138708,97.76
16390,igoomba,1,0.0007,138709,97.76
16391,ihate_beginners,1,0.0007,138710,97.76
16392,ihatezuchinis792,1,0.0007,138711,97.76
16393,ihbhfds,1,0.0007,138712,97.76
16394,ihii88,1,0.0007,138713,97.76
16395,ihsaiasdasm,1,0.0007,138714,97.76
16396,iiisupermaniii,1,0.0007,138715,97.76
16397,iiruumt0712369,1,0.0007,138716,97.76
16398,ikaridev,1,0.0007,138717,97.76
16399,ikedatsubasa,1,0.0007,138718,97.76
16400,ikkunsai11opbr240,1,0.0007,138719,97.77
16401,ikkunsaisutareiru130,1,0.0007,138720,97.77
16402,ikuaedvuoiqaevobu,1,0.0007,138721,97.77
16403,ilikefortnite258363,1,0.0007,138722,97.77
16404,ilikegiant281,1,0.0007,138723,97.77
16405,ilikemaids,1,0.0007,138724,97.77
16406,ilikepoodles,1,0.0007,138725,97.77
16407,illegaldanser737,1,0.0007,138726,97.77
16408,illegaljellyfishoiph579,1,0.0007,138727,97.77
16409,illyasora974,1,0.0007,138728,97.77
16410,iloo01,1,0.0007,138729,97.77
16411,ilovenyancat695776,1,0.0007,138730,97.77
16412,iloveoldmen,1,0.0007,138731,97.77
16413,ilovethisaistuff,1,0.0007,138732,97.77
16414,imaginak,1,0.0007,138733,97.78
16415,imaguuu,1,0.0007,138734,97.78
16416,imbapovi0829183,1,0.0007,138735,97.78
16417,imjinhyong8439548,1,0.0007,138736,97.78
16418,imjustanotherguy,1,0.0007,138737,97.78
16419,imm90,1,0.0007,138738,97.78
16420,immeriath349,1,0.0007,138739,97.78
16421,import_typorch,1,0.0007,138740,97.78
16422,improper,1,0.0007,138741,97.78
16423,improveonesmodels,1,0.0007,138742,97.78
16424,impudence12,1,0.0007,138743,97.78
16425,imtriggeredsjw999618,1,0.0007,138744,97.78
16426,imvin2121216,1,0.0007,138745,97.78
16427,inappropriatecaptcha,1,0.0007,138746,97.78
16428,incisaur494,1,0.0007,138747,97.78
16429,incognito04,1,0.0007,138748,97.79
16430,inconnusds17714,1,0.0007,138749,97.79
16431,inconsistentChampion,1,0.0007,138750,97.79
16432,incorrigiblelinin,1,0.0007,138751,97.79
16433,incredibilis2010,1,0.0007,138752,97.79
16434,indexator,1,0.0007,138753,97.79
16435,ineedsome666,1,0.0007,138754,97.79
16436,infinity5692ch983,1,0.0007,138755,97.79
16437,infinityr2,1,0.0007,138756,97.79
16438,info937,1,0.0007,138757,97.79
16439,info988,1,0.0007,138758,97.79
16440,infolongspring,1,0.0007,138759,97.79
16441,infoskwin,1,0.0007,138760,97.79
16442,inherfeelings,1,0.0007,138761,97.79
16443,injaesong1004840,1,0.0007,138762,97.8
16444,inkcubus,1,0.0007,138763,97.8
16445,innaglory1,1,0.0007,138764,97.8
16446,insistentelk691,1,0.0007,138765,97.8
16447,insung1903588,1,0.0007,138766,97.8
16448,intothefade,1,0.0007,138767,97.8
16449,invisibledragon,1,0.0007,138768,97.8
16450,inwzaapooki,1,0.0007,138769,97.8
16451,ipizza,1,0.0007,138770,97.8
16452,ipizzizz,1,0.0007,138771,97.8
16453,ira12let,1,0.0007,138772,97.8
16454,irifyoe,1,0.0007,138773,97.8
16455,iris_laevigata,1,0.0007,138774,97.8
16456,isPapaDragon,1,0.0007,138775,97.8
16457,isabellastonecreator,1,0.0007,138776,97.81
16458,isfabiolamorales828,1,0.0007,138777,97.81
16459,isforbr4t,1,0.0007,138778,97.81
16460,ishallriseagain28388,1,0.0007,138779,97.81
16461,ishiwatafox117,1,0.0007,138780,97.81
16462,issaabushreef12447,1,0.0007,138781,97.81
16463,italonicolasb471,1,0.0007,138782,97.81
16464,ithilion1,1,0.0007,138783,97.81
16465,itsnyahssolis536,1,0.0007,138784,97.81
16466,itwasfake,1,0.0007,138785,97.81
16467,itwruwse898,1,0.0007,138786,97.81
16468,itzdozz,1,0.0007,138787,97.81
16469,ivandariop081353,1,0.0007,138788,97.81
16470,ivarssonkim87268,1,0.0007,138789,97.81
16471,ivjames,1,0.0007,138790,97.82
16472,ivt,1,0.0007,138791,97.82
16473,iyad,1,0.0007,138792,97.82
16474,iyori0,1,0.0007,138793,97.82
16475,j0972951006705,1,0.0007,138794,97.82
16476,j7617522979,1,0.0007,138795,97.82
16477,j927795,1,0.0007,138796,97.82
16478,jacanory,1,0.0007,138797,97.82
16479,jacintomora,1,0.0007,138798,97.82
16480,jack5523,1,0.0007,138799,97.82
16481,jack_blue,1,0.0007,138800,97.82
16482,jack_taylor2003,1,0.0007,138801,97.82
16483,jackfrost89,1,0.0007,138802,97.82
16484,jackhan1208276,1,0.0007,138803,97.82
16485,jackma46598,1,0.0007,138804,97.83
16486,jacksteelfet457,1,0.0007,138805,97.83
16487,jacob42,1,0.0007,138806,97.83
16488,jacob_young1504,1,0.0007,138807,97.83
16489,jadesfunlife827,1,0.0007,138808,97.83
16490,jagth8289,1,0.0007,138809,97.83
16491,jah,1,0.0007,138810,97.83
16492,jahnisierik885,1,0.0007,138811,97.83
16493,jaina_cameron,1,0.0007,138812,97.83
16494,jajamaru,1,0.0007,138813,97.83
16495,jake0dern157,1,0.0007,138814,97.83
16496,jakenordwall113,1,0.0007,138815,97.83
16497,jakepauljuansan989,1,0.0007,138816,97.83
16498,jakka9,1,0.0007,138817,97.83
16499,jalal_x77,1,0.0007,138818,97.83
16500,jamail137,1,0.0007,138819,97.84
16501,jamalbalittousmor821,1,0.0007,138820,97.84
16502,jambackpackers882,1,0.0007,138821,97.84
16503,james19cam4,1,0.0007,138822,97.84
16504,james689,1,0.0007,138823,97.84
16505,james_cass,1,0.0007,138824,97.84
16506,jamesbock935,1,0.0007,138825,97.84
16507,jamesispooplol654,1,0.0007,138826,97.84
16508,jamesmurphy428937,1,0.0007,138827,97.84
16509,jamessthomasrhd48829,1,0.0007,138828,97.84
16510,janbisof661,1,0.0007,138829,97.84
16511,janderson,1,0.0007,138830,97.84
16512,jane753659,1,0.0007,138831,97.84
16513,janggolaito118,1,0.0007,138832,97.84
16514,jangotonty359,1,0.0007,138833,97.85
16515,janniskornak873,1,0.0007,138834,97.85
16516,janprikit,1,0.0007,138835,97.85
16517,jappww,1,0.0007,138836,97.85
16518,jared50050,1,0.0007,138837,97.85
16519,jarikperalta1511,1,0.0007,138838,97.85
16520,jarofsyrup198,1,0.0007,138839,97.85
16521,jasoncarlos86320,1,0.0007,138840,97.85
16522,jasondob711,1,0.0007,138841,97.85
16523,jasonhejunxi164,1,0.0007,138842,97.85
16524,jasonth13965,1,0.0007,138843,97.85
16525,javartraining319,1,0.0007,138844,97.85
16526,javedkarim,1,0.0007,138845,97.85
16527,javierdlpj3449,1,0.0007,138846,97.85
16528,jay_g1985158,1,0.0007,138847,97.86
16529,jaybugg877608,1,0.0007,138848,97.86
16530,jaydenychu764,1,0.0007,138849,97.86
16531,jayhizzle420914,1,0.0007,138850,97.86
16532,jaykgray05739,1,0.0007,138851,97.86
16533,jaymiearclight,1,0.0007,138852,97.86
16534,jayreed406,1,0.0007,138853,97.86
16535,jays3741580,1,0.0007,138854,97.86
16536,jaysquared,1,0.0007,138855,97.86
16537,jaz05755,1,0.0007,138856,97.86
16538,jbbf644,1,0.0007,138857,97.86
16539,jbstudios,1,0.0007,138858,97.86
16540,jcomeme,1,0.0007,138859,97.86
16541,jdmbit,1,0.0007,138860,97.86
16542,jdnewberry,1,0.0007,138861,97.87
16543,jdoubles98,1,0.0007,138862,97.87
16544,jeanclaude62200a761,1,0.0007,138863,97.87
16545,jeetway12345995,1,0.0007,138864,97.87
16546,jeff91160769,1,0.0007,138865,97.87
16547,jeffreykhasson222,1,0.0007,138866,97.87
16548,jeffytheseamonster515,1,0.0007,138867,97.87
16549,jehutyelite512,1,0.0007,138868,97.87
16550,jekujan1232447,1,0.0007,138869,97.87
16551,jellyfish123,1,0.0007,138870,97.87
16552,jemare2117btcours,1,0.0007,138871,97.87
16553,jemmopp,1,0.0007,138872,97.87
16554,jenkosron798,1,0.0007,138873,97.87
16555,jenniferbnu,1,0.0007,138874,97.87
16556,jenprego6121,1,0.0007,138875,97.88
16557,jeremychaix1927,1,0.0007,138876,97.88
16558,jeremyott97,1,0.0007,138877,97.88
16559,jericalebs,1,0.0007,138878,97.88
16560,jerry000111,1,0.0007,138879,97.88
16561,jerryfoxxo,1,0.0007,138880,97.88
16562,jewellcorf1738,1,0.0007,138881,97.88
16563,jey372jsbe9,1,0.0007,138882,97.88
16564,jfitz474,1,0.0007,138883,97.88
16565,jggag00453,1,0.0007,138884,97.88
16566,jhardacre05567,1,0.0007,138885,97.88
16567,jhariyadhruv515124,1,0.0007,138886,97.88
16568,jhonnyabuble,1,0.0007,138887,97.88
16569,jiaes06895,1,0.0007,138888,97.88
16570,jiajiajia,1,0.0007,138889,97.88
16571,jiangli9999999999,1,0.0007,138890,97.89
16572,jiangmingjian640155,1,0.0007,138891,97.89
16573,jibrilvitelliuson,1,0.0007,138892,97.89
16574,jibsam,1,0.0007,138893,97.89
16575,jibunsagasinotabi,1,0.0007,138894,97.89
16576,jiggyjee,1,0.0007,138895,97.89
16577,jihyounnie,1,0.0007,138896,97.89
16578,jijijuju,1,0.0007,138897,97.89
16579,jijinggn533,1,0.0007,138898,97.89
16580,jikas,1,0.0007,138899,97.89
16581,jilt,1,0.0007,138900,97.89
16582,jimbojones010351,1,0.0007,138901,97.89
16583,jimdonk,1,0.0007,138902,97.89
16584,jimenez_sebastia8300,1,0.0007,138903,97.89
16585,jimjobless,1,0.0007,138904,97.9
16586,jimkan1358380,1,0.0007,138905,97.9
16587,jimmyboi1018625,1,0.0007,138906,97.9
16588,jimmyjoe,1,0.0007,138907,97.9
16589,jimojo,1,0.0007,138908,97.9
16590,jinlovin197,1,0.0007,138909,97.9
16591,jinyoukaokao,1,0.0007,138910,97.9
16592,jirew39358957,1,0.0007,138911,97.9
16593,jiruitian96822,1,0.0007,138912,97.9
16594,jiujiuhome,1,0.0007,138913,97.9
16595,jj5299132,1,0.0007,138914,97.9
16596,jj_grijalva,1,0.0007,138915,97.9
16597,jjizcewl,1,0.0007,138916,97.9
16598,jjludemann313,1,0.0007,138917,97.9
16599,jkbutcher1015940,1,0.0007,138918,97.91
16600,jkgvjkjkdcjghjvhjvhj461,1,0.0007,138919,97.91
16601,jkl741,1,0.0007,138920,97.91
16602,jkre94828,1,0.0007,138921,97.91
16603,jl512,1,0.0007,138922,97.91
16604,jlord987610,1,0.0007,138923,97.91
16605,jlshao,1,0.0007,138924,97.91
16606,jm243363557,1,0.0007,138925,97.91
16607,jmmalcomson989,1,0.0007,138926,97.91
16608,jmythrandier,1,0.0007,138927,97.91
16609,jnvgwm367,1,0.0007,138928,97.91
16610,joang0799981,1,0.0007,138929,97.91
16611,joaoking,1,0.0007,138930,97.91
16612,joaonetoro93,1,0.0007,138931,97.91
16613,jobb4462376,1,0.0007,138932,97.92
16614,jocast252,1,0.0007,138933,97.92
16615,joe_di,1,0.0007,138934,97.92
16616,joejr,1,0.0007,138935,97.92
16617,joejunkmail81232,1,0.0007,138936,97.92
16618,joemamma5599,1,0.0007,138937,97.92
16619,joesjust32,1,0.0007,138938,97.92
16620,joey_w_joestar,1,0.0007,138939,97.92
16621,johhnypotato,1,0.0007,138940,97.92
16622,john_the_rabbit,1,0.0007,138941,97.92
16623,johnattanjohn479,1,0.0007,138942,97.92
16624,johndealro,1,0.0007,138943,97.92
16625,johndejean9,1,0.0007,138944,97.92
16626,johndoe2389979753675,1,0.0007,138945,97.92
16627,johnlee978625725,1,0.0007,138946,97.93
16628,johnmps471,1,0.0007,138947,97.93
16629,johnnyinstereo386,1,0.0007,138948,97.93
16630,johnnykickass,1,0.0007,138949,97.93
16631,johnpaultalaran012842,1,0.0007,138950,97.93
16632,johnshepard314122,1,0.0007,138951,97.93
16633,johnslegers,1,0.0007,138952,97.93
16634,johnvuong00816,1,0.0007,138953,97.93
16635,johnwhite0753556,1,0.0007,138954,97.93
16636,johnwilmotpro791,1,0.0007,138955,97.93
16637,jojo142508,1,0.0007,138956,97.93
16638,jojofag3034574,1,0.0007,138957,97.93
16639,jolyomm591,1,0.0007,138958,97.93
16640,jonacx88,1,0.0007,138959,97.93
16641,jonatas1710,1,0.0007,138960,97.94
16642,jongoodman,1,0.0007,138961,97.94
16643,jonilov469278,1,0.0007,138962,97.94
16644,jonjew,1,0.0007,138963,97.94
16645,jonvaruk797,1,0.0007,138964,97.94
16646,jordersaltlake_02255,1,0.0007,138965,97.94
16647,jorgearslo7655,1,0.0007,138966,97.94
16648,jorgedkruse193,1,0.0007,138967,97.94
16649,jorgeholiver,1,0.0007,138968,97.94
16650,jorgeovalles689798,1,0.0007,138969,97.94
16651,jorgmikel76648,1,0.0007,138970,97.94
16652,josefcr,1,0.0007,138971,97.94
16653,josegarciaherrera247267,1,0.0007,138972,97.94
16654,josethct1,1,0.0007,138973,97.94
16655,josetran92217,1,0.0007,138974,97.94
16656,joshualongy2020207,1,0.0007,138975,97.95
16657,josterfeez282,1,0.0007,138976,97.95
16658,josue200555362,1,0.0007,138977,97.95
16659,jovohirbekk,1,0.0007,138978,97.95
16660,jovoniegaming,1,0.0007,138979,97.95
16661,joyce1110,1,0.0007,138980,97.95
16662,jpXerxes,1,0.0007,138981,97.95
16663,jpadget2022803,1,0.0007,138982,97.95
16664,jpmorel0938567,1,0.0007,138983,97.95
16665,jpreciogate465,1,0.0007,138984,97.95
16666,jptapaz456917,1,0.0007,138985,97.95
16667,jpwdgpjz,1,0.0007,138986,97.95
16668,jrbart,1,0.0007,138987,97.95
16669,jsaucer69,1,0.0007,138988,97.95
16670,jsenno,1,0.0007,138989,97.96
16671,jshomegarden21424,1,0.0007,138990,97.96
16672,jsjsjs1456871469,1,0.0007,138991,97.96
16673,jsmega2020,1,0.0007,138992,97.96
16674,jsnipes10,1,0.0007,138993,97.96
16675,jsoncy1975,1,0.0007,138994,97.96
16676,jsonwuc,1,0.0007,138995,97.96
16677,jstefansson103803,1,0.0007,138996,97.96
16678,jt178,1,0.0007,138997,97.96
16679,jtlong505774,1,0.0007,138998,97.96
16680,juan8253eg961,1,0.0007,138999,97.96
16681,juan_kobeb,1,0.0007,139000,97.96
16682,juancarlos_cruzlara04,1,0.0007,139001,97.96
16683,juanfra2935734,1,0.0007,139002,97.96
16684,juanjo576,1,0.0007,139003,97.97
16685,juanml82,1,0.0007,139004,97.97
16686,juck1488461,1,0.0007,139005,97.97
16687,judge416,1,0.0007,139006,97.97
16688,judgeshredd,1,0.0007,139007,97.97
16689,juewangdegougou,1,0.0007,139008,97.97
16690,jukoos,1,0.0007,139009,97.97
16691,julian_kin,1,0.0007,139010,97.97
16692,juliangoedecke807,1,0.0007,139011,97.97
16693,julie555,1,0.0007,139012,97.97
16694,julienhenrio44984,1,0.0007,139013,97.97
16695,juliescorrano98636,1,0.0007,139014,97.97
16696,julio2510cm994,1,0.0007,139015,97.97
16697,junkyarddog,1,0.0007,139016,97.97
16698,jurdn,1,0.0007,139017,97.98
16699,justPAYit,1,0.0007,139018,97.98
16700,justaname,1,0.0007,139019,97.98
16701,justaschmuck,1,0.0007,139020,97.98
16702,justbulk,1,0.0007,139021,97.98
16703,justinjia,1,0.0007,139022,97.98
16704,justinstefansson1546,1,0.0007,139023,97.98
16705,justletmeseethething,1,0.0007,139024,97.98
16706,justmanchess,1,0.0007,139025,97.98
16707,juuzou_,1,0.0007,139026,97.98
16708,juz4testing99658,1,0.0007,139027,97.98
16709,jv1,1,0.0007,139028,97.98
16710,jw52242,1,0.0007,139029,97.98
16711,jwjwjwbwiwbw7373,1,0.0007,139030,97.98
16712,jwp,1,0.0007,139031,97.99
16713,jwq20040612,1,0.0007,139032,97.99
16714,jxh,1,0.0007,139033,97.99
16715,jyaeguer350,1,0.0007,139034,97.99
16716,jyoon96,1,0.0007,139035,97.99
16717,jyushimatsu,1,0.0007,139036,97.99
16718,kFxDaKing,1,0.0007,139037,97.99
16719,kadynngo10258,1,0.0007,139038,97.99
16720,kaientai,1,0.0007,139039,97.99
16721,kaijukoda,1,0.0007,139040,97.99
16722,kaioszin2377,1,0.0007,139041,97.99
16723,kaixuan,1,0.0007,139042,97.99
16724,kakojden7546,1,0.0007,139043,97.99
16725,kalisynth,1,0.0007,139044,97.99
16726,kaliuxiaozi,1,0.0007,139045,97.99
16727,kalliomakisanttu0968,1,0.0007,139046,98.0
16728,kallokly,1,0.0007,139047,98.0
16729,kameno2222387,1,0.0007,139048,98.0
16730,kamioyokiko,1,0.0007,139049,98.0
16731,kammoun46,1,0.0007,139050,98.0
16732,kamuflu,1,0.0007,139051,98.0
16733,kanade72206282,1,0.0007,139052,98.0
16734,kanencastor,1,0.0007,139053,98.0
16735,kang43671587,1,0.0007,139054,98.0
16736,kaniramen123en463,1,0.0007,139055,98.0
16737,kanjut007,1,0.0007,139056,98.0
16738,kanstruct,1,0.0007,139057,98.0
16739,kao140522,1,0.0007,139058,98.0
16740,kaoscryo,1,0.0007,139059,98.0
16741,kaosfire,1,0.0007,139060,98.01
16742,kapustinnmen751,1,0.0007,139061,98.01
16743,karachesti1972857,1,0.0007,139062,98.01
16744,karlos,1,0.0007,139063,98.01
16745,karloveliki44173,1,0.0007,139064,98.01
16746,karmaonline2020197,1,0.0007,139065,98.01
16747,karmaswint,1,0.0007,139066,98.01
16748,karoduu,1,0.0007,139067,98.01
16749,karrystare,1,0.0007,139068,98.01
16750,kartarchive,1,0.0007,139069,98.01
16751,kartik609,1,0.0007,139070,98.01
16752,karya,1,0.0007,139071,98.01
16753,kasasagi1022,1,0.0007,139072,98.01
16754,kasimsyc,1,0.0007,139073,98.01
16755,kastakanin,1,0.0007,139074,98.02
16756,katarafan10945,1,0.0007,139075,98.02
16757,kataragi,1,0.0007,139076,98.02
16758,katashihayaa,1,0.0007,139077,98.02
16759,kathydtyson436,1,0.0007,139078,98.02
16760,katsa442921,1,0.0007,139079,98.02
16761,katsumifv71325,1,0.0007,139080,98.02
16762,kattoboiy,1,0.0007,139081,98.02
16763,kaua0f0m,1,0.0007,139082,98.02
16764,kawiplay252238,1,0.0007,139083,98.02
16765,kayfahaarukku,1,0.0007,139084,98.02
16766,kaykysouza124105,1,0.0007,139085,98.02
16767,kaylazy,1,0.0007,139086,98.02
16768,kazkis,1,0.0007,139087,98.02
16769,kazuma23,1,0.0007,139088,98.03
16770,kcowo99,1,0.0007,139089,98.03
16771,keegantb,1,0.0007,139090,98.03
16772,keenervisions275,1,0.0007,139091,98.03
16773,keeponzzz758,1,0.0007,139092,98.03
16774,keerai,1,0.0007,139093,98.03
16775,kehidupan,1,0.0007,139094,98.03
16776,kejma,1,0.0007,139095,98.03
16777,kekif86896976,1,0.0007,139096,98.03
16778,keleyed346,1,0.0007,139097,98.03
16779,ken01,1,0.0007,139098,98.03
16780,kendallmyles276444,1,0.0007,139099,98.03
16781,kennethg4000962,1,0.0007,139100,98.03
16782,kennykannehbosm,1,0.0007,139101,98.03
16783,kennywriter,1,0.0007,139102,98.04
16784,kennyyeah,1,0.0007,139103,98.04
16785,kentcarthage62473,1,0.0007,139104,98.04
16786,keremdenizgursoy867,1,0.0007,139105,98.04
16787,kernel_yu,1,0.0007,139106,98.04
16788,kernsramsey286,1,0.0007,139107,98.04
16789,kerokerokero_,1,0.0007,139108,98.04
16790,kerostudio,1,0.0007,139109,98.04
16791,kertio,1,0.0007,139110,98.04
16792,ketanamaste307,1,0.0007,139111,98.04
16793,kether,1,0.0007,139112,98.04
16794,ketzoopbanquito484,1,0.0007,139113,98.04
16795,kevingbice324,1,0.0007,139114,98.04
16796,kevinmakeo,1,0.0007,139115,98.04
16797,keyskull,1,0.0007,139116,98.04
16798,kgabeci707,1,0.0007,139117,98.05
16799,kgd876252,1,0.0007,139118,98.05
16800,kgdfjhv,1,0.0007,139119,98.05
16801,kh173,1,0.0007,139120,98.05
16802,khajiirah,1,0.0007,139121,98.05
16803,khanmahsan2003177,1,0.0007,139122,98.05
16804,kharlos250,1,0.0007,139123,98.05
16805,khhred2345251,1,0.0007,139124,98.05
16806,khhsglen237,1,0.0007,139125,98.05
16807,khoya_ss,1,0.0007,139126,98.05
16808,khsilva281287,1,0.0007,139127,98.05
16809,kht_muscle,1,0.0007,139128,98.05
16810,kiba4,1,0.0007,139129,98.05
16811,kibo555,1,0.0007,139130,98.05
16812,kid_named_epoch,1,0.0007,139131,98.06
16813,kidflame916892,1,0.0007,139132,98.06
16814,kikikomori,1,0.0007,139133,98.06
16815,kiljaen998,1,0.0007,139134,98.06
16816,kill0825,1,0.0007,139135,98.06
16817,killuadeathstar886,1,0.0007,139136,98.06
16818,kim64390,1,0.0007,139137,98.06
16819,kimballsaucekj877,1,0.0007,139138,98.06
16820,kimmp,1,0.0007,139139,98.06
16821,kind_koala,1,0.0007,139140,98.06
16822,kindabored,1,0.0007,139141,98.06
16823,kinfolk0117,1,0.0007,139142,98.06
16824,king0002,1,0.0007,139143,98.06
16825,kingasep02690,1,0.0007,139144,98.06
16826,kinghog,1,0.0007,139145,98.07
16827,kinglazereth,1,0.0007,139146,98.07
16828,kingocleo,1,0.0007,139147,98.07
16829,kingseeelee12423,1,0.0007,139148,98.07
16830,kingsoulbusiness0211,1,0.0007,139149,98.07
16831,kingstoffle,1,0.0007,139150,98.07
16832,kingsukmajumder717,1,0.0007,139151,98.07
16833,kinshin007,1,0.0007,139152,98.07
16834,kiosk88,1,0.0007,139153,98.07
16835,kirill782,1,0.0007,139154,98.07
16836,kiritama1993703,1,0.0007,139155,98.07
16837,kirographisme380,1,0.0007,139156,98.07
16838,kirokinisa596,1,0.0007,139157,98.07
16839,kitasenua22773,1,0.0007,139158,98.07
16840,kitsunemoon,1,0.0007,139159,98.08
16841,kjmcvuq6cn855,1,0.0007,139160,98.08
16842,kjrbio,1,0.0007,139161,98.08
16843,kk197,1,0.0007,139162,98.08
16844,kk925dcivitai,1,0.0007,139163,98.08
16845,kkcchung4,1,0.0007,139164,98.08
16846,kkcdebug489,1,0.0007,139165,98.08
16847,kkk0827,1,0.0007,139166,98.08
16848,kkkkkkkl,1,0.0007,139167,98.08
16849,kkokoko379506,1,0.0007,139168,98.08
16850,kkskiii,1,0.0007,139169,98.08
16851,kkwkk,1,0.0007,139170,98.08
16852,kkxkkxz,1,0.0007,139171,98.08
16853,klaudiusmaksimus,1,0.0007,139172,98.08
16854,klawn013318,1,0.0007,139173,98.09
16855,klee,1,0.0007,139174,98.09
16856,klingai12345705,1,0.0007,139175,98.09
16857,klj122,1,0.0007,139176,98.09
16858,klown_fanmao,1,0.0007,139177,98.09
16859,kmisogi,1,0.0007,139178,98.09
16860,kmprt,1,0.0007,139179,98.09
16861,kn00x,1,0.0007,139180,98.09
16862,knaokipy899,1,0.0007,139181,98.09
16863,knevermans945,1,0.0007,139182,98.09
16864,knlol,1,0.0007,139183,98.09
16865,knobu,1,0.0007,139184,98.09
16866,knucklesmemealt2548,1,0.0007,139185,98.09
16867,ko1oyakata905,1,0.0007,139186,98.09
16868,koakumaririka,1,0.0007,139187,98.1
16869,kobeFTW,1,0.0007,139188,98.1
16870,kobenhavn,1,0.0007,139189,98.1
16871,kochitinsein,1,0.0007,139190,98.1
16872,kodox45,1,0.0007,139191,98.1
16873,koi_zoom1,1,0.0007,139192,98.1
16874,koin123,1,0.0007,139193,98.1
16875,kojo1108,1,0.0007,139194,98.1
16876,kokk955858,1,0.0007,139195,98.1
16877,kokoro5155koishi648,1,0.0007,139196,98.1
16878,komachileo,1,0.0007,139197,98.1
16879,komica2019308,1,0.0007,139198,98.1
16880,konductor,1,0.0007,139199,98.1
16881,kongomonX,1,0.0007,139200,98.1
16882,kongsusethis529,1,0.0007,139201,98.1
16883,konkon23,1,0.0007,139202,98.11
16884,konodioda0301804,1,0.0007,139203,98.11
16885,konohaduki1972,1,0.0007,139204,98.11
16886,konstantinfalev989,1,0.0007,139205,98.11
16887,kontomega11111205,1,0.0007,139206,98.11
16888,koolaid100,1,0.0007,139207,98.11
16889,koopastrong,1,0.0007,139208,98.11
16890,koowzito330,1,0.0007,139209,98.11
16891,koran2111,1,0.0007,139210,98.11
16892,korisaa,1,0.0007,139211,98.11
16893,korvotrash266,1,0.0007,139212,98.11
16894,kot2,1,0.0007,139213,98.11
16895,kotatsu358,1,0.0007,139214,98.11
16896,kotito2525586,1,0.0007,139215,98.11
16897,kotiyajune,1,0.0007,139216,98.12
16898,kotsusosou161,1,0.0007,139217,98.12
16899,kou_kou_kou,1,0.0007,139218,98.12
16900,kouchin132,1,0.0007,139219,98.12
16901,kozhejkolju,1,0.0007,139220,98.12
16902,kr4k1n,1,0.0007,139221,98.12
16903,kraidos,1,0.0007,139222,98.12
16904,krakentales9101,1,0.0007,139223,98.12
16905,krakotay,1,0.0007,139224,98.12
16906,krazyy,1,0.0007,139225,98.12
16907,krh1,1,0.0007,139226,98.12
16908,krigeta,1,0.0007,139227,98.12
16909,krischen9316646,1,0.0007,139228,98.12
16910,krishnankishose15631,1,0.0007,139229,98.12
16911,kristen,1,0.0007,139230,98.13
16912,kristofferkrake880,1,0.0007,139231,98.13
16913,krokbrabbrave470,1,0.0007,139232,98.13
16914,krpd777r976,1,0.0007,139233,98.13
16915,krrxx,1,0.0007,139234,98.13
16916,krzys1622,1,0.0007,139235,98.13
16917,ktiseos_t3rra,1,0.0007,139236,98.13
16918,kudapret,1,0.0007,139237,98.13
16919,kudoosaki789257,1,0.0007,139238,98.13
16920,kuijiang,1,0.0007,139239,98.13
16921,kuki_soji,1,0.0007,139240,98.13
16922,kuku1256,1,0.0007,139241,98.13
16923,kukuwa12,1,0.0007,139242,98.13
16924,kumatot,1,0.0007,139243,98.13
16925,kunmeigo,1,0.0007,139244,98.14
16926,kupbociana909,1,0.0007,139245,98.14
16927,kupojIIIII,1,0.0007,139246,98.14
16928,kuri245bo,1,0.0007,139247,98.14
16929,kuro269,1,0.0007,139248,98.14
16930,kurofuku900,1,0.0007,139249,98.14
16931,kuroi_mato_o,1,0.0007,139250,98.14
16932,kurokicut637,1,0.0007,139251,98.14
16933,kurokuroTT,1,0.0007,139252,98.14
16934,kuromixchan,1,0.0007,139253,98.14
16935,kuronekommmoe,1,0.0007,139254,98.14
16936,kurotsune,1,0.0007,139255,98.14
16937,kuroyaex,1,0.0007,139256,98.14
16938,kusikatu,1,0.0007,139257,98.14
16939,kuwa639,1,0.0007,139258,98.15
16940,kuzukuzreia202,1,0.0007,139259,98.15
16941,kwolf6713317,1,0.0007,139260,98.15
16942,kxleuschen244,1,0.0007,139261,98.15
16943,kxpb,1,0.0007,139262,98.15
16944,kyledebois44,1,0.0007,139263,98.15
16945,kylefman626,1,0.0007,139264,98.15
16946,kylelittle77809,1,0.0007,139265,98.15
16947,kylescott701,1,0.0007,139266,98.15
16948,kyokubu,1,0.0007,139267,98.15
16949,kzfetishist933,1,0.0007,139268,98.15
16950,kznnsk,1,0.0007,139269,98.15
16951,l0rd0flust,1,0.0007,139270,98.15
16952,lIlIlI1,1,0.0007,139271,98.15
16953,lWANTCOFFEEPLS316,1,0.0007,139272,98.15
16954,l_j,1,0.0007,139273,98.16
16955,labellegends,1,0.0007,139274,98.16
16956,labida,1,0.0007,139275,98.16
16957,ladyjulianne,1,0.0007,139276,98.16
16958,lagunescruzcruz658,1,0.0007,139277,98.16
16959,laigretnicolas875,1,0.0007,139278,98.16
16960,lakeside529,1,0.0007,139279,98.16
16961,lakshit67217,1,0.0007,139280,98.16
16962,lalahayai3185,1,0.0007,139281,98.16
16963,lalakiop,1,0.0007,139282,98.16
16964,lalatheone221019398,1,0.0007,139283,98.16
16965,laleoloi,1,0.0007,139284,98.16
16966,lancerk7,1,0.0007,139285,98.16
16967,landedoido277,1,0.0007,139286,98.16
16968,landinbua,1,0.0007,139287,98.17
16969,lanmeies,1,0.0007,139288,98.17
16970,lanto,1,0.0007,139289,98.17
16971,laolong_eth,1,0.0007,139290,98.17
16972,lapubludo502,1,0.0007,139291,98.17
16973,largebadgerotoz390,1,0.0007,139292,98.17
16974,lartemer531,1,0.0007,139293,98.17
16975,laser2urZone,1,0.0007,139294,98.17
16976,lashanda13fg843,1,0.0007,139295,98.17
16977,lasserine,1,0.0007,139296,98.17
16978,lastnamef491171,1,0.0007,139297,98.17
16979,latersmall90782,1,0.0007,139298,98.17
16980,lattesymptom,1,0.0007,139299,98.17
16981,laurensmith48x,1,0.0007,139300,98.17
16982,laurynasmatulionis622,1,0.0007,139301,98.18
16983,lawine,1,0.0007,139302,98.18
16984,lazyarbee,1,0.0007,139303,98.18
16985,lazyflower,1,0.0007,139304,98.18
16986,lbrun25,1,0.0007,139305,98.18
16987,lc2_2,1,0.0007,139306,98.18
16988,lchxi,1,0.0007,139307,98.18
16989,learning10239,1,0.0007,139308,98.18
16990,leavelet,1,0.0007,139309,98.18
16991,leehblanc473,1,0.0007,139310,98.18
16992,leemonz,1,0.0007,139311,98.18
16993,leeroiJEEEENKINS,1,0.0007,139312,98.18
16994,leg66,1,0.0007,139313,98.18
16995,legend8w,1,0.0007,139314,98.18
16996,legnaydal799,1,0.0007,139315,98.19
16997,legoshi777555,1,0.0007,139316,98.19
16998,leifgreenleaf17,1,0.0007,139317,98.19
16999,leinerdaniel041264,1,0.0007,139318,98.19
17000,lekchateur,1,0.0007,139319,98.19
17001,lelamfpt836,1,0.0007,139320,98.19
17002,lemon_prime,1,0.0007,139321,98.19
17003,lemonartgames920,1,0.0007,139322,98.19
17004,lenaartix417,1,0.0007,139323,98.19
17005,lendicez,1,0.0007,139324,98.19
17006,lennythailand595,1,0.0007,139325,98.19
17007,leogarcia252322,1,0.0007,139326,98.19
17008,leomorais69,1,0.0007,139327,98.19
17009,leonelperera444901,1,0.0007,139328,98.19
17010,leonin2699429,1,0.0007,139329,98.2
17011,leontsi115649,1,0.0007,139330,98.2
17012,leonwolf093195,1,0.0007,139331,98.2
17013,leozerphyr325,1,0.0007,139332,98.2
17014,leozinho,1,0.0007,139333,98.2
17015,leozombie159753,1,0.0007,139334,98.2
17016,leppo,1,0.0007,139335,98.2
17017,lesikmvideo,1,0.0007,139336,98.2
17018,lethotrisv439,1,0.0007,139337,98.2
17019,levvass,1,0.0007,139338,98.2
17020,levzzz,1,0.0007,139339,98.2
17021,lewdroidgirls,1,0.0007,139340,98.2
17022,lexgalli1976689,1,0.0007,139341,98.2
17023,lexythemeow120,1,0.0007,139342,98.2
17024,leyermo1234204,1,0.0007,139343,98.2
17025,lezziebadgecymru,1,0.0007,139344,98.21
17026,lh983646780717,1,0.0007,139345,98.21
17027,liamnevilletaylor271,1,0.0007,139346,98.21
17028,lianlaoyeye,1,0.0007,139347,98.21
17029,licedeus,1,0.0007,139348,98.21
17030,licvallejo2025,1,0.0007,139349,98.21
17031,liefvoetje192,1,0.0007,139350,98.21
17032,lieukryoo836,1,0.0007,139351,98.21
17033,lifejunkie,1,0.0007,139352,98.21
17034,ligfin,1,0.0007,139353,98.21
17035,lightwhiteking,1,0.0007,139354,98.21
17036,lightyagami020787435,1,0.0007,139355,98.21
17037,lihsom660,1,0.0007,139356,98.21
17038,liichih,1,0.0007,139357,98.21
17039,liiieee,1,0.0007,139358,98.22
17040,likewe2584403,1,0.0007,139359,98.22
17041,lilb50,1,0.0007,139360,98.22
17042,lilchocobouno620,1,0.0007,139361,98.22
17043,lilgatito123931,1,0.0007,139362,98.22
17044,lilitfirst666,1,0.0007,139363,98.22
17045,lilwolf,1,0.0007,139364,98.22
17046,lily0123,1,0.0007,139365,98.22
17047,lilycern745,1,0.0007,139366,98.22
17048,limbovski,1,0.0007,139367,98.22
17049,limecat111,1,0.0007,139368,98.22
17050,limlem76574,1,0.0007,139369,98.22
17051,linc60931,1,0.0007,139370,98.22
17052,lineconie7325,1,0.0007,139371,98.22
17053,linkeago728,1,0.0007,139372,98.23
17054,linkfarore,1,0.0007,139373,98.23
17055,linronhan520566,1,0.0007,139374,98.23
17056,linxia29853843,1,0.0007,139375,98.23
17057,lion_interesting,1,0.0007,139376,98.23
17058,lionhearrt,1,0.0007,139377,98.23
17059,lionxjudas233,1,0.0007,139378,98.23
17060,lipeko558305868,1,0.0007,139379,98.23
17061,lippyraid,1,0.0007,139380,98.23
17062,lipsgallery1818,1,0.0007,139381,98.23
17063,lipton7272,1,0.0007,139382,98.23
17064,literallythirdperson,1,0.0007,139383,98.23
17065,litewolf,1,0.0007,139384,98.23
17066,litim,1,0.0007,139385,98.23
17067,littledolphin,1,0.0007,139386,98.24
17068,liujulin18thrug306,1,0.0007,139387,98.24
17069,liurongke430328,1,0.0007,139388,98.24
17070,liutengyuan163com579,1,0.0007,139389,98.24
17071,liuw32773941,1,0.0007,139390,98.24
17072,liuzirui020521630,1,0.0007,139391,98.24
17073,liviuc693892,1,0.0007,139392,98.24
17074,livpedesen32973,1,0.0007,139393,98.24
17075,liyangpkbbs,1,0.0007,139394,98.24
17076,lizardon1024,1,0.0007,139395,98.24
17077,lizettesul,1,0.0007,139396,98.24
17078,lizhai,1,0.0007,139397,98.24
17079,lizkatorchit,1,0.0007,139398,98.24
17080,liztrinity101587,1,0.0007,139399,98.24
17081,ljuba060199,1,0.0007,139400,98.25
17082,lkasjdlkan,1,0.0007,139401,98.25
17083,lllad,1,0.0007,139402,98.25
17084,llloydbanker912,1,0.0007,139403,98.25
17085,lloa99817,1,0.0007,139404,98.25
17086,llostsoull,1,0.0007,139405,98.25
17087,lm3011,1,0.0007,139406,98.25
17088,lobitofur811,1,0.0007,139407,98.25
17089,lobitosebas144421,1,0.0007,139408,98.25
17090,lobo_alcalino977,1,0.0007,139409,98.25
17091,logvsboom441,1,0.0007,139410,98.25
17092,lohene3125581,1,0.0007,139411,98.25
17093,loirind118131,1,0.0007,139412,98.25
17094,lojatigerstorm379,1,0.0007,139413,98.25
17095,lojkoandrej484898,1,0.0007,139414,98.25
17096,lokiticaret387,1,0.0007,139415,98.26
17097,lolathehonkytrunk256,1,0.0007,139416,98.26
17098,lolazobros01,1,0.0007,139417,98.26
17099,lolbeat002,1,0.0007,139418,98.26
17100,lolcharacters,1,0.0007,139419,98.26
17101,lolcore,1,0.0007,139420,98.26
17102,loliaddict,1,0.0007,139421,98.26
17103,lolitsatrol123226,1,0.0007,139422,98.26
17104,lolofax,1,0.0007,139423,98.26
17105,lolypoidesu233,1,0.0007,139424,98.26
17106,lolzieguy,1,0.0007,139425,98.26
17107,lolzuera00000,1,0.0007,139426,98.26
17108,lombert,1,0.0007,139427,98.26
17109,lonef11255771,1,0.0007,139428,98.26
17110,loneslayer26581,1,0.0007,139429,98.27
17111,longlostplayers306,1,0.0007,139430,98.27
17112,looksawful,1,0.0007,139431,98.27
17113,looopa,1,0.0007,139432,98.27
17114,loopingkitten101543,1,0.0007,139433,98.27
17115,lora2024,1,0.0007,139434,98.27
17116,loraTrainer,1,0.0007,139435,98.27
17117,loraluna,1,0.0007,139436,98.27
17118,loraman36484,1,0.0007,139437,98.27
17119,lordasher,1,0.0007,139438,98.27
17120,lordcuddly,1,0.0007,139439,98.27
17121,lordjohnson,1,0.0007,139440,98.27
17122,lordscisord,1,0.0007,139441,98.27
17123,lordsidious,1,0.0007,139442,98.27
17124,lordstraddle,1,0.0007,139443,98.28
17125,lordygiru,1,0.0007,139444,98.28
17126,lorensation,1,0.0007,139445,98.28
17127,lorettobuendia511,1,0.0007,139446,98.28
17128,loripedrotti581,1,0.0007,139447,98.28
17129,lose679,1,0.0007,139448,98.28
17130,loshi44,1,0.0007,139449,98.28
17131,losoka3993692,1,0.0007,139450,98.28
17132,lostpast,1,0.0007,139451,98.28
17133,louballstarz773,1,0.0007,139452,98.28
17134,louchan795623,1,0.0007,139453,98.28
17135,loudmax,1,0.0007,139454,98.28
17136,louis2004,1,0.0007,139455,98.28
17137,louisob,1,0.0007,139456,98.28
17138,loukin,1,0.0007,139457,98.29
17139,lovebutt963,1,0.0007,139458,98.29
17140,lovedyoutothemoon,1,0.0007,139459,98.29
17141,lovelovelover3,1,0.0007,139460,98.29
17142,lovelust0498626,1,0.0007,139461,98.29
17143,lovenderl,1,0.0007,139462,98.29
17144,lowcaloriesyrup,1,0.0007,139463,98.29
17145,lowercasedude1277,1,0.0007,139464,98.29
17146,lowtierfuta,1,0.0007,139465,98.29
17147,lp7000000662,1,0.0007,139466,98.29
17148,lqburger,1,0.0007,139467,98.29
17149,lqdunclemoto0212517,1,0.0007,139468,98.29
17150,ls990347069902,1,0.0007,139469,98.29
17151,lterron99964,1,0.0007,139470,98.29
17152,ltrashl,1,0.0007,139471,98.3
17153,luafromrio,1,0.0007,139472,98.3
17154,lubianiec981,1,0.0007,139473,98.3
17155,luc369m645,1,0.0007,139474,98.3
17156,lucasfernandorededobem391,1,0.0007,139475,98.3
17157,lucasmcard232,1,0.0007,139476,98.3
17158,lucavvallata174,1,0.0007,139477,98.3
17159,lucianejribas,1,0.0007,139478,98.3
17160,lucianodcressi186,1,0.0007,139479,98.3
17161,ludovicoarrosto74209,1,0.0007,139480,98.3
17162,lujiazheng531764,1,0.0007,139481,98.3
17163,lukasschreier95606,1,0.0007,139482,98.3
17164,lulicoart,1,0.0007,139483,98.3
17165,luminousdragon,1,0.0007,139484,98.3
17166,lumite1000,1,0.0007,139485,98.31
17167,lun81092766,1,0.0007,139486,98.31
17168,lunaaa,1,0.0007,139487,98.31
17169,lunachan,1,0.0007,139488,98.31
17170,lunakirby777832,1,0.0007,139489,98.31
17171,lunalux_,1,0.0007,139490,98.31
17172,lunamorenooficial871,1,0.0007,139491,98.31
17173,lunarbutterfly,1,0.0007,139492,98.31
17174,lustlyai,1,0.0007,139493,98.31
17175,lustscarlett11218,1,0.0007,139494,98.31
17176,luvinspoonful,1,0.0007,139495,98.31
17177,luxx220,1,0.0007,139496,98.31
17178,luxyz7657598,1,0.0007,139497,98.31
17179,luyhg333,1,0.0007,139498,98.31
17180,lvqu,1,0.0007,139499,98.31
17181,lxiguang693,1,0.0007,139500,98.32
17182,lxknvlk,1,0.0007,139501,98.32
17183,ly199752624,1,0.0007,139502,98.32
17184,lyanmiguelbittencourt,1,0.0007,139503,98.32
17185,lynxwithears,1,0.0007,139504,98.32
17186,lyricalice,1,0.0007,139505,98.32
17187,lyricolivia20722,1,0.0007,139506,98.32
17188,m1st4h4nd5,1,0.0007,139507,98.32
17189,m3ltd0wn,1,0.0007,139508,98.32
17190,m6cp8hdg7sha101,1,0.0007,139509,98.32
17191,ma42232,1,0.0007,139510,98.32
17192,mabeelz,1,0.0007,139511,98.32
17193,macartist555,1,0.0007,139512,98.32
17194,maccapae328,1,0.0007,139513,98.32
17195,macedo1968,1,0.0007,139514,98.33
17196,maciejmaciaszczyk863,1,0.0007,139515,98.33
17197,macsleep,1,0.0007,139516,98.33
17198,maddmax26861,1,0.0007,139517,98.33
17199,maddysugarbaby99199,1,0.0007,139518,98.33
17200,madmanator99,1,0.0007,139519,98.33
17201,madmax,1,0.0007,139520,98.33
17202,madmedusa4u762,1,0.0007,139521,98.33
17203,maelart,1,0.0007,139522,98.33
17204,magadog,1,0.0007,139523,98.33
17205,magical_of_next_gen,1,0.0007,139524,98.33
17206,magicballoon,1,0.0007,139525,98.33
17207,magmel808,1,0.0007,139526,98.33
17208,magmel808375,1,0.0007,139527,98.33
17209,magnuskiaer,1,0.0007,139528,98.34
17210,magomull556,1,0.0007,139529,98.34
17211,mailtoo,1,0.0007,139530,98.34
17212,majaolsson006223,1,0.0007,139531,98.34
17213,majestic1212,1,0.0007,139532,98.34
17214,majoksan,1,0.0007,139533,98.34
17215,majwcf1234,1,0.0007,139534,98.34
17216,makartibro508,1,0.0007,139535,98.34
17217,makatiimike,1,0.0007,139536,98.34
17218,makdslokiop,1,0.0007,139537,98.34
17219,makeezi,1,0.0007,139538,98.34
17220,makotaka142,1,0.0007,139539,98.34
17221,makskisik32182,1,0.0007,139540,98.34
17222,malachitepolli698,1,0.0007,139541,98.34
17223,malias693,1,0.0007,139542,98.35
17224,maliya,1,0.0007,139543,98.35
17225,malpeza_ne_bonas,1,0.0007,139544,98.35
17226,malroth_returns687,1,0.0007,139545,98.35
17227,malysdean702,1,0.0007,139546,98.35
17228,malzaharfeetlicker,1,0.0007,139547,98.35
17229,mammothemc1009780,1,0.0007,139548,98.35
17230,mamuma111,1,0.0007,139549,98.35
17231,manNNG,1,0.0007,139550,98.35
17232,manakan,1,0.0007,139551,98.35
17233,manbao,1,0.0007,139552,98.35
17234,mandingo,1,0.0007,139553,98.35
17235,mangamakerai975,1,0.0007,139554,98.35
17236,mangoshake1989,1,0.0007,139555,98.35
17237,mangoshrimp554,1,0.0007,139556,98.36
17238,manhau,1,0.0007,139557,98.36
17239,manic_episode,1,0.0007,139558,98.36
17240,manmrth,1,0.0007,139559,98.36
17241,mannmuster303767,1,0.0007,139560,98.36
17242,mannoepar,1,0.0007,139561,98.36
17243,mantricanija245,1,0.0007,139562,98.36
17244,manualife,1,0.0007,139563,98.36
17245,manuelkoppon755,1,0.0007,139564,98.36
17246,many60651280,1,0.0007,139565,98.36
17247,maooolach1848,1,0.0007,139566,98.36
17248,maoshi,1,0.0007,139567,98.36
17249,maozuke,1,0.0007,139568,98.36
17250,mapcaspion565,1,0.0007,139569,98.36
17251,mapeart237,1,0.0007,139570,98.36
17252,marajif382919,1,0.0007,139571,98.37
17253,marao,1,0.0007,139572,98.37
17254,marbouzuick1995805,1,0.0007,139573,98.37
17255,marcc7671406,1,0.0007,139574,98.37
17256,marcepan,1,0.0007,139575,98.37
17257,marchosias3344,1,0.0007,139576,98.37
17258,marchosias4898,1,0.0007,139577,98.37
17259,marcnothelfer872,1,0.0007,139578,98.37
17260,marco130,1,0.0007,139579,98.37
17261,marcomarco11235,1,0.0007,139580,98.37
17262,marcosantonioplpl287,1,0.0007,139581,98.37
17263,marcusbuschstraat782,1,0.0007,139582,98.37
17264,marcusravenmindrealm,1,0.0007,139583,98.37
17265,marcxxrok12,1,0.0007,139584,98.37
17266,marek33,1,0.0007,139585,98.38
17267,mareschizo,1,0.0007,139586,98.38
17268,mari0rgasm4nm273,1,0.0007,139587,98.38
17269,mariannehistoric626623,1,0.0007,139588,98.38
17270,marianoao,1,0.0007,139589,98.38
17271,mariogarza15363,1,0.0007,139590,98.38
17272,marius739,1,0.0007,139591,98.38
17273,mariuszbatou339,1,0.0007,139592,98.38
17274,mark80219635,1,0.0007,139593,98.38
17275,markcosk491,1,0.0007,139594,98.38
17276,markedhummingbirdrfua763,1,0.0007,139595,98.38
17277,marketing637,1,0.0007,139596,98.38
17278,markomarkovickonj7,1,0.0007,139597,98.38
17279,markury,1,0.0007,139598,98.38
17280,markus_hj641,1,0.0007,139599,98.39
17281,markwatkin,1,0.0007,139600,98.39
17282,markzillah,1,0.0007,139601,98.39
17283,marlontoon,1,0.0007,139602,98.39
17284,marmotte55,1,0.0007,139603,98.39
17285,maronchanth835,1,0.0007,139604,98.39
17286,marouzen908,1,0.0007,139605,98.39
17287,marp118,1,0.0007,139606,98.39
17288,marrewamy571,1,0.0007,139607,98.39
17289,marsist6,1,0.0007,139608,98.39
17290,marsonix23,1,0.0007,139609,98.39
17291,mart3809,1,0.0007,139610,98.39
17292,marthir9995,1,0.0007,139611,98.39
17293,martin_181200882,1,0.0007,139612,98.39
17294,martinirusta2000736,1,0.0007,139613,98.4
17295,martinkalpic144,1,0.0007,139614,98.4
17296,martinleasd,1,0.0007,139615,98.4
17297,martinm3mmm,1,0.0007,139616,98.4
17298,martinspeaks,1,0.0007,139617,98.4
17299,martronix,1,0.0007,139618,98.4
17300,maruhobby924,1,0.0007,139619,98.4
17301,marumarukurabu253,1,0.0007,139620,98.4
17302,maruta,1,0.0007,139621,98.4
17303,marvinmar9025876,1,0.0007,139622,98.4
17304,maryfairy1985111,1,0.0007,139623,98.4
17305,masaelover,1,0.0007,139624,98.4
17306,masami950164,1,0.0007,139625,98.4
17307,masker773,1,0.0007,139626,98.4
17308,maskov,1,0.0007,139627,98.41
17309,masmiseim,1,0.0007,139628,98.41
17310,masonj,1,0.0007,139629,98.41
17311,master41021600,1,0.0007,139630,98.41
17312,mastercheeks11118,1,0.0007,139631,98.41
17313,masterkillx,1,0.0007,139632,98.41
17314,masteroflight888176,1,0.0007,139633,98.41
17315,mateusmiguelsilva641718,1,0.0007,139634,98.41
17316,mathequias23243,1,0.0007,139635,98.41
17317,matheuskato08690,1,0.0007,139636,98.41
17318,matrox100000,1,0.0007,139637,98.41
17319,matsuhisa,1,0.0007,139638,98.41
17320,mattfulton18160,1,0.0007,139639,98.41
17321,matthaeus123700,1,0.0007,139640,98.41
17322,matthewcumming15,1,0.0007,139641,98.41
17323,matthewhi302560,1,0.0007,139642,98.42
17324,matthewshunt723,1,0.0007,139643,98.42
17325,mattsmith61000,1,0.0007,139644,98.42
17326,mattsphonedb21205420,1,0.0007,139645,98.42
17327,matttheratt,1,0.0007,139646,98.42
17328,mauricioxdxdxd,1,0.0007,139647,98.42
17329,mauriziocorrigan,1,0.0007,139648,98.42
17330,maw6011,1,0.0007,139649,98.42
17331,maximiliancheckin279,1,0.0007,139650,98.42
17332,maximus7771307,1,0.0007,139651,98.42
17333,maxisz,1,0.0007,139652,98.42
17334,maxwellthecat,1,0.0007,139653,98.42
17335,maya125,1,0.0007,139654,98.42
17336,mayounezu7883,1,0.0007,139655,98.42
17337,mayrebeka429435,1,0.0007,139656,98.43
17338,mazorka335882,1,0.0007,139657,98.43
17339,mazstar_,1,0.0007,139658,98.43
17340,mbcat25,1,0.0007,139659,98.43
17341,mbotrazh442,1,0.0007,139660,98.43
17342,mcgondhes100,1,0.0007,139661,98.43
17343,mchaconcr769,1,0.0007,139662,98.43
17344,mcreates542,1,0.0007,139663,98.43
17345,mcs927,1,0.0007,139664,98.43
17346,mcvhector2003129,1,0.0007,139665,98.43
17347,md4342,1,0.0007,139666,98.43
17348,meantweetanthony,1,0.0007,139667,98.43
17349,meatyman848395,1,0.0007,139668,98.43
17350,mec59140730,1,0.0007,139669,98.43
17351,megachungus59659,1,0.0007,139670,98.44
17352,megaman11,1,0.0007,139671,98.44
17353,megasean3000,1,0.0007,139672,98.44
17354,meikerAI3d,1,0.0007,139673,98.44
17355,meiroku385,1,0.0007,139674,98.44
17356,meiyounuanqihaocold,1,0.0007,139675,98.44
17357,mekkyaku,1,0.0007,139676,98.44
17358,melatof547100,1,0.0007,139677,98.44
17359,melborrow0892,1,0.0007,139678,98.44
17360,melenaminix,1,0.0007,139679,98.44
17361,melismonx672,1,0.0007,139680,98.44
17362,melissagalinnblog411,1,0.0007,139681,98.44
17363,mellowhi,1,0.0007,139682,98.44
17364,meloetta1,1,0.0007,139683,98.44
17365,melonsplash,1,0.0007,139684,98.45
17366,melonyto,1,0.0007,139685,98.45
17367,meltron,1,0.0007,139686,98.45
17368,memnoch102964,1,0.0007,139687,98.45
17369,memolemon123,1,0.0007,139688,98.45
17370,mendozamarkzandreius9531,1,0.0007,139689,98.45
17371,menka6657791,1,0.0007,139690,98.45
17372,menother07378,1,0.0007,139691,98.45
17373,meowninja04,1,0.0007,139692,98.45
17374,meraz8600483,1,0.0007,139693,98.45
17375,merelefey198,1,0.0007,139694,98.45
17376,merlijn595,1,0.0007,139695,98.45
17377,meros111,1,0.0007,139696,98.45
17378,messagemailbox126625,1,0.0007,139697,98.45
17379,messsimple669,1,0.0007,139698,98.46
17380,metador7,1,0.0007,139699,98.46
17381,metaigirls,1,0.0007,139700,98.46
17382,metalskin,1,0.0007,139701,98.46
17383,metrofivemm579,1,0.0007,139702,98.46
17384,metukan,1,0.0007,139703,98.46
17385,mevid73803346,1,0.0007,139704,98.46
17386,mewm420661,1,0.0007,139705,98.46
17387,mfsbee125,1,0.0007,139706,98.46
17388,mg2,1,0.0007,139707,98.46
17389,mggx,1,0.0007,139708,98.46
17390,mgneros482,1,0.0007,139709,98.46
17391,mhc56497573,1,0.0007,139710,98.46
17392,mi1112,1,0.0007,139711,98.46
17393,miacelestia01471,1,0.0007,139712,98.47
17394,miaelenajohansen1423,1,0.0007,139713,98.47
17395,mibdim,1,0.0007,139714,98.47
17396,michaelst64,1,0.0007,139715,98.47
17397,michoriusmarcel170,1,0.0007,139716,98.47
17398,mickeywickey,1,0.0007,139717,98.47
17399,micphee19784,1,0.0007,139718,98.47
17400,micropester,1,0.0007,139719,98.47
17401,mid_crashout,1,0.0007,139720,98.47
17402,midapittman275,1,0.0007,139721,98.47
17403,mihailltv602,1,0.0007,139722,98.47
17404,mihairosu2024,1,0.0007,139723,98.47
17405,mikailow1,1,0.0007,139724,98.47
17406,mikan4263,1,0.0007,139725,98.47
17407,mikeloveaa919,1,0.0007,139726,98.47
17408,mikiew,1,0.0007,139727,98.48
17409,mikkman,1,0.0007,139728,98.48
17410,mikmod,1,0.0007,139729,98.48
17411,miko516,1,0.0007,139730,98.48
17412,mikomet35p334,1,0.0007,139731,98.48
17413,mikomiko916916,1,0.0007,139732,98.48
17414,mikudrud,1,0.0007,139733,98.48
17415,milaazul1999,1,0.0007,139734,98.48
17416,milac25927886,1,0.0007,139735,98.48
17417,mildridethnic898373,1,0.0007,139736,98.48
17418,milerbob542305,1,0.0007,139737,98.48
17419,milfofhumankindness,1,0.0007,139738,98.48
17420,milfpai,1,0.0007,139739,98.48
17421,milky555,1,0.0007,139740,98.48
17422,milt68,1,0.0007,139741,98.49
17423,mimimine,1,0.0007,139742,98.49
17424,minaclassic540989,1,0.0007,139743,98.49
17425,minamifam0323571,1,0.0007,139744,98.49
17426,minc3meat,1,0.0007,139745,98.49
17427,mindfulbynature488,1,0.0007,139746,98.49
17428,mindmethods,1,0.0007,139747,98.49
17429,minecraftprisonersteve99,1,0.0007,139748,98.49
17430,mineralweeb,1,0.0007,139749,98.49
17431,mingliu169409,1,0.0007,139750,98.49
17432,mingsuoyao,1,0.0007,139751,98.49
17433,minhso12337,1,0.0007,139752,98.49
17434,minhtet2k17807,1,0.0007,139753,98.49
17435,minigunm134,1,0.0007,139754,98.49
17436,minimeow2323292,1,0.0007,139755,98.5
17437,mintywolfman,1,0.0007,139756,98.5
17438,mira6,1,0.0007,139757,98.5
17439,mirajay,1,0.0007,139758,98.5
17440,mirkobaliling313,1,0.0007,139759,98.5
17441,mirrortwist2134,1,0.0007,139760,98.5
17442,misakisunmisakisun,1,0.0007,139761,98.5
17443,mischieve,1,0.0007,139762,98.5
17444,mishch86,1,0.0007,139763,98.5
17445,missmastny,1,0.0007,139764,98.5
17446,misterbin,1,0.0007,139765,98.5
17447,mistermcluvin,1,0.0007,139766,98.5
17448,mistersmith1,1,0.0007,139767,98.5
17449,mistplayu1,1,0.0007,139768,98.5
17450,mistressmadalynn,1,0.0007,139769,98.51
17451,mithdam191,1,0.0007,139770,98.51
17452,mitkoon,1,0.0007,139771,98.51
17453,mitsutaka,1,0.0007,139772,98.51
17454,mitthrawnurudo,1,0.0007,139773,98.51
17455,miuimiguel,1,0.0007,139774,98.51
17456,mixcraft59634,1,0.0007,139775,98.51
17457,mixr319724,1,0.0007,139776,98.51
17458,mixxshim,1,0.0007,139777,98.51
17459,miyuu666,1,0.0007,139778,98.51
17460,mizukir0418575,1,0.0007,139779,98.51
17461,mjc717421,1,0.0007,139780,98.51
17462,mkDaniel,1,0.0007,139781,98.51
17463,mkaekenm,1,0.0007,139782,98.51
17464,mkalarickal89,1,0.0007,139783,98.52
17465,mkcoastie,1,0.0007,139784,98.52
17466,ml_13,1,0.0007,139785,98.52
17467,mlal,1,0.0007,139786,98.52
17468,mlaundretti,1,0.0007,139787,98.52
17469,mlh82,1,0.0007,139788,98.52
17470,mlmaronilla400,1,0.0007,139789,98.52
17471,mmoon082519,1,0.0007,139790,98.52
17472,mms1,1,0.0007,139791,98.52
17473,mnaknabeel,1,0.0007,139792,98.52
17474,mnozz,1,0.0007,139793,98.52
17475,mocheez,1,0.0007,139794,98.52
17476,modmodmod,1,0.0007,139795,98.52
17477,moeark,1,0.0007,139796,98.52
17478,moehreach926,1,0.0007,139797,98.52
17479,moenlyb951,1,0.0007,139798,98.53
17480,mofish233,1,0.0007,139799,98.53
17481,mofme69,1,0.0007,139800,98.53
17482,moger,1,0.0007,139801,98.53
17483,mogumoguu,1,0.0007,139802,98.53
17484,mohay55,1,0.0007,139803,98.53
17485,moistflamingos,1,0.0007,139804,98.53
17486,moithebest3980,1,0.0007,139805,98.53
17487,mok9060417,1,0.0007,139806,98.53
17488,mokdailover,1,0.0007,139807,98.53
17489,mola2016,1,0.0007,139808,98.53
17490,molbimiggans,1,0.0007,139809,98.53
17491,moletas,1,0.0007,139810,98.53
17492,molir929,1,0.0007,139811,98.53
17493,moliuli,1,0.0007,139812,98.54
17494,mom0,1,0.0007,139813,98.54
17495,moming975,1,0.0007,139814,98.54
17496,momorin101,1,0.0007,139815,98.54
17497,monarchnoir4825,1,0.0007,139816,98.54
17498,moneymaika,1,0.0007,139817,98.54
17499,moneyv18,1,0.0007,139818,98.54
17500,mongm1,1,0.0007,139819,98.54
17501,moniaschristian234977,1,0.0007,139820,98.54
17502,monicalucci,1,0.0007,139821,98.54
17503,monio230,1,0.0007,139822,98.54
17504,moniqu,1,0.0007,139823,98.54
17505,monkeydbandit,1,0.0007,139824,98.54
17506,mons995,1,0.0007,139825,98.54
17507,monster_maker,1,0.0007,139826,98.55
17508,monsterfarn714,1,0.0007,139827,98.55
17509,monsterflicker56339,1,0.0007,139828,98.55
17510,montenegro1898,1,0.0007,139829,98.55
17511,moon14032002572,1,0.0007,139830,98.55
17512,moonferret,1,0.0007,139831,98.55
17513,moonknight757,1,0.0007,139832,98.55
17514,moonshineztudio,1,0.0007,139833,98.55
17515,moonstarwolf,1,0.0007,139834,98.55
17516,moradalqammaz9277,1,0.0007,139835,98.55
17517,morenrollan,1,0.0007,139836,98.55
17518,morinonezumi,1,0.0007,139837,98.55
17519,morningstar_SL,1,0.0007,139838,98.55
17520,mortanimations452,1,0.0007,139839,98.55
17521,moshimoru,1,0.0007,139840,98.56
17522,motherskeleton47,1,0.0007,139841,98.56
17523,mountainguan,1,0.0007,139842,98.56
17524,moying2023,1,0.0007,139843,98.56
17525,moyori,1,0.0007,139844,98.56
17526,mozerines,1,0.0007,139845,98.56
17527,mpcmg2,1,0.0007,139846,98.56
17528,mphibianmusic684,1,0.0007,139847,98.56
17529,mqblbhai,1,0.0007,139848,98.56
17530,mr_Secret,1,0.0007,139849,98.56
17531,mr_grixa,1,0.0007,139850,98.56
17532,mr_tawan,1,0.0007,139851,98.56
17533,mrazi,1,0.0007,139852,98.56
17534,mrborneo1919,1,0.0007,139853,98.56
17535,mrcat072201,1,0.0007,139854,98.57
17536,mrchen1225,1,0.0007,139855,98.57
17537,mrdiea,1,0.0007,139856,98.57
17538,mrfreakman,1,0.0007,139857,98.57
17539,mrg747,1,0.0007,139858,98.57
17540,mrgt951,1,0.0007,139859,98.57
17541,mrmaghs,1,0.0007,139860,98.57
17542,mrmanlol69244,1,0.0007,139861,98.57
17543,mrpickles666,1,0.0007,139862,98.57
17544,mrsealive2176,1,0.0007,139863,98.57
17545,mrsnet,1,0.0007,139864,98.57
17546,mrtumblesballbag,1,0.0007,139865,98.57
17547,ms0647510520,1,0.0007,139866,98.57
17548,msb17,1,0.0007,139867,98.57
17549,mshawp10,1,0.0007,139868,98.57
17550,msicpro368,1,0.0007,139869,98.58
17551,msnznicks1764,1,0.0007,139870,98.58
17552,msr1200shinahui900,1,0.0007,139871,98.58
17553,mtndewme,1,0.0007,139872,98.58
17554,muanchen2392,1,0.0007,139873,98.58
17555,mudakghhh,1,0.0007,139874,98.58
17556,mugenshio756,1,0.0007,139875,98.58
17557,muggon237357,1,0.0007,139876,98.58
17558,muicruz80451,1,0.0007,139877,98.58
17559,mulittlex,1,0.0007,139878,98.58
17560,multiplyher,1,0.0007,139879,98.58
17561,multiversesans09622,1,0.0007,139880,98.58
17562,mumeiai97,1,0.0007,139881,98.58
17563,muneca00,1,0.0007,139882,98.58
17564,muramomo,1,0.0007,139883,98.59
17565,muratcanbaz,1,0.0007,139884,98.59
17566,muratoffm749,1,0.0007,139885,98.59
17567,muricanpie,1,0.0007,139886,98.59
17568,murielpapille165,1,0.0007,139887,98.59
17569,musicisforthesoul420587,1,0.0007,139888,98.59
17570,muusu811,1,0.0007,139889,98.59
17571,muyune696994,1,0.0007,139890,98.59
17572,mvc3553,1,0.0007,139891,98.59
17573,mvhs172547,1,0.0007,139892,98.59
17574,mw233666,1,0.0007,139893,98.59
17575,mxy8ye602,1,0.0007,139894,98.59
17576,my2025,1,0.0007,139895,98.59
17577,myaiporn123456789978,1,0.0007,139896,98.59
17578,mycasella931,1,0.0007,139897,98.6
17579,mycumcollection,1,0.0007,139898,98.6
17580,mydeimyman,1,0.0007,139899,98.6
17581,myeyes,1,0.0007,139900,98.6
17582,myk3sr621,1,0.0007,139901,98.6
17583,myn87,1,0.0007,139902,98.6
17584,myononon,1,0.0007,139903,98.6
17585,mypornsix804,1,0.0007,139904,98.6
17586,myuhazuse913,1,0.0007,139905,98.6
17587,mzey,1,0.0007,139906,98.6
17588,n0z0m1,1,0.0007,139907,98.6
17589,n1m,1,0.0007,139908,98.6
17590,n1troking,1,0.0007,139909,98.6
17591,n44042051420,1,0.0007,139910,98.6
17592,n8te,1,0.0007,139911,98.61
17593,na007,1,0.0007,139912,98.61
17594,na_tr,1,0.0007,139913,98.61
17595,nablasi,1,0.0007,139914,98.61
17596,nabzy5,1,0.0007,139915,98.61
17597,nachy3434,1,0.0007,139916,98.61
17598,nacter,1,0.0007,139917,98.61
17599,nadsat,1,0.0007,139918,98.61
17600,nagrajirabatti778,1,0.0007,139919,98.61
17601,nahidk55,1,0.0007,139920,98.61
17602,naidocker,1,0.0007,139921,98.61
17603,nainamenon962,1,0.0007,139922,98.61
17604,naiouji,1,0.0007,139923,98.61
17605,naiwizard,1,0.0007,139924,98.61
17606,najar1101,1,0.0007,139925,98.62
17607,nakatakoero,1,0.0007,139926,98.62
17608,nakkim,1,0.0007,139927,98.62
17609,nalgogo,1,0.0007,139928,98.62
17610,namamiyan,1,0.0007,139929,98.62
17611,nambell,1,0.0007,139930,98.62
17612,nanosuit23,1,0.0007,139931,98.62
17613,naohisa6604712511,1,0.0007,139932,98.62
17614,naokin0525,1,0.0007,139933,98.62
17615,narcolepticinsomniac,1,0.0007,139934,98.62
17616,nastynate14597,1,0.0007,139935,98.62
17617,natasha2025,1,0.0007,139936,98.62
17618,nathaniellrose706,1,0.0007,139937,98.62
17619,natinitakira,1,0.0007,139938,98.62
17620,natrog1983328,1,0.0007,139939,98.62
17621,naturenijiabin377,1,0.0007,139940,98.63
17622,naturesdeparture,1,0.0007,139941,98.63
17623,naughtynaughtyoneone401,1,0.0007,139942,98.63
17624,naughtyzaya_hornypixels,1,0.0007,139943,98.63
17625,naushad87582,1,0.0007,139944,98.63
17626,navelgaze,1,0.0007,139945,98.63
17627,nawwell16661,1,0.0007,139946,98.63
17628,nazmulkabir00778700,1,0.0007,139947,98.63
17629,nc_violet,1,0.0007,139948,98.63
17630,ndimensional,1,0.0007,139949,98.63
17631,ndnninja25740,1,0.0007,139950,98.63
17632,ndspam0907,1,0.0007,139951,98.63
17633,nealpower1337628,1,0.0007,139952,98.63
17634,neato,1,0.0007,139953,98.63
17635,necrophagism777,1,0.0007,139954,98.64
17636,negasun,1,0.0007,139955,98.64
17637,nehemiah70,1,0.0007,139956,98.64
17638,neilcohol535,1,0.0007,139957,98.64
17639,nekked,1,0.0007,139958,98.64
17640,nekoko127,1,0.0007,139959,98.64
17641,nekonekon,1,0.0007,139960,98.64
17642,nektar12,1,0.0007,139961,98.64
17643,nemesisderNeutrale,1,0.0007,139962,98.64
17644,nendo1501,1,0.0007,139963,98.64
17645,nenndo,1,0.0007,139964,98.64
17646,neo_neil_71,1,0.0007,139965,98.64
17647,neoblastart667,1,0.0007,139966,98.64
17648,neogalaxyrodri337,1,0.0007,139967,98.64
17649,neonentr,1,0.0007,139968,98.65
17650,neoranga,1,0.0007,139969,98.65
17651,neptunessky,1,0.0007,139970,98.65
17652,nerdoiiii,1,0.0007,139971,98.65
17653,nero666,1,0.0007,139972,98.65
17654,neroooooooo,1,0.0007,139973,98.65
17655,neroxy,1,0.0007,139974,98.65
17656,nestor0ness227,1,0.0007,139975,98.65
17657,never_Grimol610,1,0.0007,139976,98.65
17658,newagegamestudio,1,0.0007,139977,98.65
17659,newaichirou,1,0.0007,139978,98.65
17660,newbeefacai,1,0.0007,139979,98.65
17661,newcompanycarwash702,1,0.0007,139980,98.65
17662,newcredit12345702,1,0.0007,139981,98.65
17663,newprocess222710,1,0.0007,139982,98.66
17664,newsukoi731,1,0.0007,139983,98.66
17665,newtiquei2310,1,0.0007,139984,98.66
17666,nex_yazigi,1,0.0007,139985,98.66
17667,nextgenius,1,0.0007,139986,98.66
17668,nezume,1,0.0007,139987,98.66
17669,ngroves0817452,1,0.0007,139988,98.66
17670,ngymg,1,0.0007,139989,98.66
17671,niabatiligeriatiatib,1,0.0007,139990,98.66
17672,nicewww,1,0.0007,139991,98.66
17673,nickmarko2022847,1,0.0007,139992,98.66
17674,nickthelegend,1,0.0007,139993,98.66
17675,nico_11,1,0.0007,139994,98.66
17676,nicolau69,1,0.0007,139995,98.66
17677,nicomran543,1,0.0007,139996,98.67
17678,nielsclement19911234,1,0.0007,139997,98.67
17679,nigardmaster235,1,0.0007,139998,98.67
17680,nigmare3mal365,1,0.0007,139999,98.67
17681,nigra134,1,0.0007,140000,98.67
17682,nihaosahil274,1,0.0007,140001,98.67
17683,nihil,1,0.0007,140002,98.67
17684,nihiltism,1,0.0007,140003,98.67
17685,nik575,1,0.0007,140004,98.67
17686,nikhiljarotia,1,0.0007,140005,98.67
17687,nikhilprasanth,1,0.0007,140006,98.67
17688,nikita2,1,0.0007,140007,98.67
17689,nikolajschon732,1,0.0007,140008,98.67
17690,nikolayevdaniil227701,1,0.0007,140009,98.67
17691,nikrockstar,1,0.0007,140010,98.68
17692,ninci,1,0.0007,140011,98.68
17693,ninjasucks902534,1,0.0007,140012,98.68
17694,ninjasykess555,1,0.0007,140013,98.68
17695,ninoss,1,0.0007,140014,98.68
17696,nise888,1,0.0007,140015,98.68
17697,njk4742193,1,0.0007,140016,98.68
17698,njm,1,0.0007,140017,98.68
17699,nkmeg3224584,1,0.0007,140018,98.68
17700,nmak3d,1,0.0007,140019,98.68
17701,nnmailbox01351,1,0.0007,140020,98.68
17702,nnnnudiegg,1,0.0007,140021,98.68
17703,no7788,1,0.0007,140022,98.68
17704,noRespect,1,0.0007,140023,98.68
17705,no_nose,1,0.0007,140024,98.68
17706,no_one1992,1,0.0007,140025,98.69
17707,noahnonoahhon283,1,0.0007,140026,98.69
17708,noctrl_reality,1,0.0007,140027,98.69
17709,noellegow207,1,0.0007,140028,98.69
17710,nogo,1,0.0007,140029,98.69
17711,noimnotaperson,1,0.0007,140030,98.69
17712,noimwhyauser233,1,0.0007,140031,98.69
17713,noiramelie66832,1,0.0007,140032,98.69
17714,nokiasupreme973,1,0.0007,140033,98.69
17715,noley420,1,0.0007,140034,98.69
17716,nolps,1,0.0007,140035,98.69
17717,nonamejustgooning,1,0.0007,140036,98.69
17718,nonyabees,1,0.0007,140037,98.69
17719,nonymousmate,1,0.0007,140038,98.69
17720,noodieknoodie,1,0.0007,140039,98.7
17721,nopenope61502,1,0.0007,140040,98.7
17722,norman111,1,0.0007,140041,98.7
17723,normanqian988,1,0.0007,140042,98.7
17724,nosoks143709,1,0.0007,140043,98.7
17725,not_the_protag,1,0.0007,140044,98.7
17726,notafakeemail8765,1,0.0007,140045,98.7
17727,notafellow274,1,0.0007,140046,98.7
17728,notannp748,1,0.0007,140047,98.7
17729,notarealuser,1,0.0007,140048,98.7
17730,notpr0n_nostalgist,1,0.0007,140049,98.7
17731,notsafefw,1,0.0007,140050,98.7
17732,notsure2025,1,0.0007,140051,98.7
17733,novemberrain,1,0.0007,140052,98.7
17734,noxzor,1,0.0007,140053,98.71
17735,noyursicine657,1,0.0007,140054,98.71
17736,nozlly,1,0.0007,140055,98.71
17737,nrocka,1,0.0007,140056,98.71
17738,nroonarij129,1,0.0007,140057,98.71
17739,nropai,1,0.0007,140058,98.71
17740,nrvtrez,1,0.0007,140059,98.71
17741,ns447,1,0.0007,140060,98.71
17742,nsfwbot69,1,0.0007,140061,98.71
17743,nsiriratyaporn330,1,0.0007,140062,98.71
17744,nsnui0,1,0.0007,140063,98.71
17745,ntnam,1,0.0007,140064,98.71
17746,ntrinu,1,0.0007,140065,98.71
17747,nucabe,1,0.0007,140066,98.71
17748,nucelar,1,0.0007,140067,98.72
17749,nudesai,1,0.0007,140068,98.72
17750,nuko_masshigura,1,0.0007,140069,98.72
17751,numaothe990,1,0.0007,140070,98.72
17752,nuruigumi,1,0.0007,140071,98.72
17753,nutssssssss,1,0.0007,140072,98.72
17754,nuttycompa,1,0.0007,140073,98.72
17755,nvtlop64888,1,0.0007,140074,98.72
17756,nxf18214,1,0.0007,140075,98.72
17757,nyasu4558863,1,0.0007,140076,98.72
17758,nydia1204nybr713,1,0.0007,140077,98.72
17759,nymphetique,1,0.0007,140078,98.72
17760,oaf40,1,0.0007,140079,98.72
17761,oagur39999,1,0.0007,140080,98.72
17762,oasis272,1,0.0007,140081,98.73
17763,obibl915728,1,0.0007,140082,98.73
17764,ocampojorge064786,1,0.0007,140083,98.73
17765,ocanvass,1,0.0007,140084,98.73
17766,octavariumsk440,1,0.0007,140085,98.73
17767,octavianirani01172,1,0.0007,140086,98.73
17768,odaSismyname,1,0.0007,140087,98.73
17769,oddlennonblack470,1,0.0007,140088,98.73
17770,of2025ai421,1,0.0007,140089,98.73
17771,officiallyplagued29,1,0.0007,140090,98.73
17772,ofm_ai_guy,1,0.0007,140091,98.73
17773,ofuzcan98599,1,0.0007,140092,98.73
17774,ogatatsumikhan542,1,0.0007,140093,98.73
17775,ogdemarc,1,0.0007,140094,98.73
17776,oguzog,1,0.0007,140095,98.73
17777,ohmyvyom,1,0.0007,140096,98.74
17778,ohno12345,1,0.0007,140097,98.74
17779,oidawos,1,0.0007,140098,98.74
17780,oipteaapdoce,1,0.0007,140099,98.74
17781,ojisan123,1,0.0007,140100,98.74
17782,okaheg464,1,0.0007,140101,98.74
17783,okawa1247,1,0.0007,140102,98.74
17784,okcoolhookem,1,0.0007,140103,98.74
17785,oki2024,1,0.0007,140104,98.74
17786,okwayi,1,0.0007,140105,98.74
17787,old_man_prompt,1,0.0007,140106,98.74
17788,olddaeth5552,1,0.0007,140107,98.74
17789,oldhroft,1,0.0007,140108,98.74
17790,olegvanmeow,1,0.0007,140109,98.74
17791,oleshevakatya,1,0.0007,140110,98.75
17792,oliverswagger570,1,0.0007,140111,98.75
17793,oliviv,1,0.0007,140112,98.75
17794,ollyj,1,0.0007,140113,98.75
17795,olvad,1,0.0007,140114,98.75
17796,olympiastadionmate99,1,0.0007,140115,98.75
17797,omanifilm,1,0.0007,140116,98.75
17798,omaryo92,1,0.0007,140117,98.75
17799,omashuu0111598855,1,0.0007,140118,98.75
17800,omegaviol144,1,0.0007,140119,98.75
17801,omgbecky,1,0.0007,140120,98.75
17802,omiss,1,0.0007,140121,98.75
17803,omnimaster7375,1,0.0007,140122,98.75
17804,omonroy83,1,0.0007,140123,98.75
17805,omuai,1,0.0007,140124,98.76
17806,oncnsx410,1,0.0007,140125,98.76
17807,one_AI_lover_More,1,0.0007,140126,98.76
17808,onehourdrone695,1,0.0007,140127,98.76
17809,onekinkybastard,1,0.0007,140128,98.76
17810,onesevenforty,1,0.0007,140129,98.76
17811,onestici12,1,0.0007,140130,98.76
17812,onewithsd,1,0.0007,140131,98.76
17813,ongabonga,1,0.0007,140132,98.76
17814,ontoJC,1,0.0007,140133,98.76
17815,ooboo17,1,0.0007,140134,98.76
17816,oooppp,1,0.0007,140135,98.76
17817,openwater120,1,0.0007,140136,98.76
17818,operationthrowaway,1,0.0007,140137,98.76
17819,oppoace,1,0.0007,140138,98.77
17820,opticon492513,1,0.0007,140139,98.77
17821,optimus_crime,1,0.0007,140140,98.77
17822,originalusername00,1,0.0007,140141,98.77
17823,orkrsii,1,0.0007,140142,98.77
17824,orlovsbox,1,0.0007,140143,98.77
17825,oscarsidman649,1,0.0007,140144,98.77
17826,osheee212,1,0.0007,140145,98.77
17827,oskieee1553,1,0.0007,140146,98.77
17828,osrishi,1,0.0007,140147,98.77
17829,otakuobsessionart,1,0.0007,140148,98.77
17830,otsotravez45,1,0.0007,140149,98.77
17831,ottis7831,1,0.0007,140150,98.77
17832,ottoportman,1,0.0007,140151,98.77
17833,ouka001100695,1,0.0007,140152,98.78
17834,ourcadedk489,1,0.0007,140153,98.78
17835,ourum365607,1,0.0007,140154,98.78
17836,outjorked,1,0.0007,140155,98.78
17837,overlord355,1,0.0007,140156,98.78
17838,overlord645,1,0.0007,140157,98.78
17839,ovi_054,1,0.0007,140158,98.78
17840,ovipatrascu16637,1,0.0007,140159,98.78
17841,owcowc,1,0.0007,140160,98.78
17842,owsndd,1,0.0007,140161,98.78
17843,oyamikan0369,1,0.0007,140162,98.78
17844,p0wder,1,0.0007,140163,98.78
17845,p27386596750,1,0.0007,140164,98.78
17846,pDotZe,1,0.0007,140165,98.78
17847,pabaalwis204,1,0.0007,140166,98.78
17848,pacificplazaaqp465,1,0.0007,140167,98.79
17849,padextreme434,1,0.0007,140168,98.79
17850,padhiyarnil81325,1,0.0007,140169,98.79
17851,padylo,1,0.0007,140170,98.79
17852,paf9023,1,0.0007,140171,98.79
17853,painlesskiller387,1,0.0007,140172,98.79
17854,paintingwithbrooks377,1,0.0007,140173,98.79
17855,paizurilover123,1,0.0007,140174,98.79
17856,paleglass,1,0.0007,140175,98.79
17857,palegreeneyes2021543,1,0.0007,140176,98.79
17858,palin83157701,1,0.0007,140177,98.79
17859,pamelarosexxx1605,1,0.0007,140178,98.79
17860,pan1847588786aaa,1,0.0007,140179,98.79
17861,pancakesprofessor029,1,0.0007,140180,98.79
17862,panda83,1,0.0007,140181,98.8
17863,pangbaisy,1,0.0007,140182,98.8
17864,panico0o,1,0.0007,140183,98.8
17865,panshade,1,0.0007,140184,98.8
17866,panslava3554,1,0.0007,140185,98.8
17867,panviewai2024439,1,0.0007,140186,98.8
17868,panzombie02412,1,0.0007,140187,98.8
17869,panzuriel,1,0.0007,140188,98.8
17870,papapapa1234,1,0.0007,140189,98.8
17871,papapapadopoulos,1,0.0007,140190,98.8
17872,pappolo7,1,0.0007,140191,98.8
17873,para_001302,1,0.0007,140192,98.8
17874,paradaisutakoyaki478,1,0.0007,140193,98.8
17875,paradoxicon,1,0.0007,140194,98.8
17876,paramonovvdp8412,1,0.0007,140195,98.81
17877,paras_patthar717,1,0.0007,140196,98.81
17878,parisip8704,1,0.0007,140197,98.81
17879,parthsheth326452,1,0.0007,140198,98.81
17880,pasechnikanna666807,1,0.0007,140199,98.81
17881,patiencebonds472424,1,0.0007,140200,98.81
17882,patpatfrfr69420640,1,0.0007,140201,98.81
17883,patrt1500,1,0.0007,140202,98.81
17884,paul571,1,0.0007,140203,98.81
17885,paulbbbb,1,0.0007,140204,98.81
17886,paulcjdriessen,1,0.0007,140205,98.81
17887,paulduggan0608342,1,0.0007,140206,98.81
17888,pauloeduardo94,1,0.0007,140207,98.81
17889,paulsilva821,1,0.0007,140208,98.81
17890,pavokasi,1,0.0007,140209,98.82
17891,pavonyrol232,1,0.0007,140210,98.82
17892,pawenon,1,0.0007,140211,98.82
17893,pbuglife23358,1,0.0007,140212,98.82
17894,pcok,1,0.0007,140213,98.82
17895,pctdrw,1,0.0007,140214,98.82
17896,pdftd54is430,1,0.0007,140215,98.82
17897,pdyify,1,0.0007,140216,98.82
17898,peacock7262999,1,0.0007,140217,98.82
17899,peanutbutter_,1,0.0007,140218,98.82
17900,pecawa7762898,1,0.0007,140219,98.82
17901,pedrodavidesigner961,1,0.0007,140220,98.82
17902,peevcae,1,0.0007,140221,98.82
17903,peexee,1,0.0007,140222,98.82
17904,pendenskull282,1,0.0007,140223,98.83
17905,pendragon9123,1,0.0007,140224,98.83
17906,penesote,1,0.0007,140225,98.83
17907,penguih,1,0.0007,140226,98.83
17908,penguin122,1,0.0007,140227,98.83
17909,penisballiosis,1,0.0007,140228,98.83
17910,pepeelmudu,1,0.0007,140229,98.83
17911,pepefieri,1,0.0007,140230,98.83
17912,perktriple,1,0.0007,140231,98.83
17913,peropero_09128,1,0.0007,140232,98.83
17914,perrock666,1,0.0007,140233,98.83
17915,perrylebby47223,1,0.0007,140234,98.83
17916,pervark69,1,0.0007,140235,98.83
17917,pesy,1,0.0007,140236,98.83
17918,petreadamian2805,1,0.0007,140237,98.84
17919,petriart,1,0.0007,140238,98.84
17920,pewara8382407,1,0.0007,140239,98.84
17921,phalzu,1,0.0007,140240,98.84
17922,phantasmicspider,1,0.0007,140241,98.84
17923,phantom_phreak,1,0.0007,140242,98.84
17924,phantomkillerx5198,1,0.0007,140243,98.84
17925,phdkazame509,1,0.0007,140244,98.84
17926,pherphag22124,1,0.0007,140245,98.84
17927,phghsshtdvv3,1,0.0007,140246,98.84
17928,philipfasail61115,1,0.0007,140247,98.84
17929,phyllisbob,1,0.0007,140248,98.84
17930,physiochristos920,1,0.0007,140249,98.84
17931,piaisverytall804,1,0.0007,140250,98.84
17932,piccolo32,1,0.0007,140251,98.84
17933,pichitim,1,0.0007,140252,98.85
17934,picklegirl,1,0.0007,140253,98.85
17935,pidfsoindf,1,0.0007,140254,98.85
17936,pika__,1,0.0007,140255,98.85
17937,pilockhulmes,1,0.0007,140256,98.85
17938,pinckneyb,1,0.0007,140257,98.85
17939,pinksocks,1,0.0007,140258,98.85
17940,piogarellas,1,0.0007,140259,98.85
17941,piotr724914434,1,0.0007,140260,98.85
17942,piotrekmmaaz348,1,0.0007,140261,98.85
17943,pipe,1,0.0007,140262,98.85
17944,pirateninja,1,0.0007,140263,98.85
17945,pirates_king242,1,0.0007,140264,98.85
17946,pirsuspro,1,0.0007,140265,98.85
17947,pisaur450,1,0.0007,140266,98.86
17948,pitdigger,1,0.0007,140267,98.86
17949,pitouP,1,0.0007,140268,98.86
17950,pixelmax,1,0.0007,140269,98.86
17951,pixlize,1,0.0007,140270,98.86
17952,pjGuy240,1,0.0007,140271,98.86
17953,pjoker2011819,1,0.0007,140272,98.86
17954,pkmjay313265,1,0.0007,140273,98.86
17955,pkmntrainer32,1,0.0007,140274,98.86
17956,pkturtle,1,0.0007,140275,98.86
17957,plasmakiller,1,0.0007,140276,98.86
17958,plasmoideaventurero718,1,0.0007,140277,98.86
17959,platform11,1,0.0007,140278,98.86
17960,playerx1234,1,0.0007,140279,98.86
17961,playfulinfluence69505,1,0.0007,140280,98.87
17962,pleasereadme12456760,1,0.0007,140281,98.87
17963,plebtrash420,1,0.0007,140282,98.87
17964,plinko806,1,0.0007,140283,98.87
17965,plowsleuth1991,1,0.0007,140284,98.87
17966,plsssn,1,0.0007,140285,98.87
17967,plussulltra,1,0.0007,140286,98.87
17968,plyboijayyai,1,0.0007,140287,98.87
17969,pmatsrrkh355,1,0.0007,140288,98.87
17970,pmcipolla995,1,0.0007,140289,98.87
17971,pmservidor,1,0.0007,140290,98.87
17972,pocy123,1,0.0007,140291,98.87
17973,pogschmog,1,0.0007,140292,98.87
17974,pointingakka987296,1,0.0007,140293,98.87
17975,pointlessimon,1,0.0007,140294,98.88
17976,poke80085,1,0.0007,140295,98.88
17977,pokechat26368,1,0.0007,140296,98.88
17978,polarbearlokia708,1,0.0007,140297,98.88
17979,polarisn,1,0.0007,140298,98.88
17980,poliex,1,0.0007,140299,98.88
17981,polo80321,1,0.0007,140300,98.88
17982,pomeliayusef359,1,0.0007,140301,98.88
17983,pontusstone106,1,0.0007,140302,98.88
17984,ponyprompt,1,0.0007,140303,98.88
17985,pooperonly578,1,0.0007,140304,98.88
17986,poopmuncher79,1,0.0007,140305,98.88
17987,poopsniffer,1,0.0007,140306,98.88
17988,popo1234567895656,1,0.0007,140307,98.88
17989,popout,1,0.0007,140308,98.89
17990,pork19870708109,1,0.0007,140309,98.89
17991,pornpi,1,0.0007,140310,98.89
17992,portaler,1,0.0007,140311,98.89
17993,posttrash1111,1,0.0007,140312,98.89
17994,potatopony,1,0.0007,140313,98.89
17995,powenn12519,1,0.0007,140314,98.89
17996,poyon12843,1,0.0007,140315,98.89
17997,pppppppap,1,0.0007,140316,98.89
17998,pptd,1,0.0007,140317,98.89
17999,ppwilkins20211162,1,0.0007,140318,98.89
18000,pr100889,1,0.0007,140319,98.89
18001,pradeep01273544,1,0.0007,140320,98.89
18002,praeva,1,0.0007,140321,98.89
18003,praisethesun0,1,0.0007,140322,98.89
18004,pramitsawant,1,0.0007,140323,98.9
18005,pranabcooldude441,1,0.0007,140324,98.9
18006,praojetjet156,1,0.0007,140325,98.9
18007,prashantdr84961,1,0.0007,140326,98.9
18008,pree786,1,0.0007,140327,98.9
18009,prevedhataskraju899,1,0.0007,140328,98.9
18010,priest_,1,0.0007,140329,98.9
18011,prilljuice420,1,0.0007,140330,98.9
18012,primavera_news,1,0.0007,140331,98.9
18013,priorcard562,1,0.0007,140332,98.9
18014,privatapublica,1,0.0007,140333,98.9
18015,privateAI,1,0.0007,140334,98.9
18016,priyanshushankar49455,1,0.0007,140335,98.9
18017,prlebigi617,1,0.0007,140336,98.9
18018,proctor740,1,0.0007,140337,98.91
18019,professorrx,1,0.0007,140338,98.91
18020,profoundarkness66720,1,0.0007,140339,98.91
18021,progeimer326487,1,0.0007,140340,98.91
18022,projeto143,1,0.0007,140341,98.91
18023,propageezer,1,0.0007,140342,98.91
18024,protokAI_,1,0.0007,140343,98.91
18025,protonp978,1,0.0007,140344,98.91
18026,prowrestler17,1,0.0007,140345,98.91
18027,proxy61524361,1,0.0007,140346,98.91
18028,prynk252,1,0.0007,140347,98.91
18029,psdong,1,0.0007,140348,98.91
18030,pset,1,0.0007,140349,98.91
18031,pseudohymn,1,0.0007,140350,98.91
18032,psh1004vvvvv176,1,0.0007,140351,98.92
18033,psicounter,1,0.0007,140352,98.92
18034,psychologicau,1,0.0007,140353,98.92
18035,ptercen677,1,0.0007,140354,98.92
18036,pticepoezd,1,0.0007,140355,98.92
18037,puchauke,1,0.0007,140356,98.92
18038,pulga0319,1,0.0007,140357,98.92
18039,pumpkinchuck,1,0.0007,140358,98.92
18040,pumpkindolphin,1,0.0007,140359,98.92
18041,pumpkineSpice30183,1,0.0007,140360,98.92
18042,punnearle378,1,0.0007,140361,98.92
18043,purbinati74874,1,0.0007,140362,98.92
18044,puripuri5,1,0.0007,140363,98.92
18045,purpledekuscrubs,1,0.0007,140364,98.92
18046,purpletere814,1,0.0007,140365,98.93
18047,pursuingmy465,1,0.0007,140366,98.93
18048,pushy,1,0.0007,140367,98.93
18049,pussycoin,1,0.0007,140368,98.93
18050,puz5066,1,0.0007,140369,98.93
18051,pvelazco821,1,0.0007,140370,98.93
18052,pw76298,1,0.0007,140371,98.93
18053,pygmas,1,0.0007,140372,98.93
18054,pyramidMatriarch,1,0.0007,140373,98.93
18055,pztech,1,0.0007,140374,98.93
18056,qdota343,1,0.0007,140375,98.93
18057,qertyqrr121,1,0.0007,140376,98.93
18058,qianchenDS,1,0.0007,140377,98.93
18059,qihan19,1,0.0007,140378,98.93
18060,qiller,1,0.0007,140379,98.94
18061,qinop,1,0.0007,140380,98.94
18062,qiusuyan,1,0.0007,140381,98.94
18063,qmwneb1200932,1,0.0007,140382,98.94
18064,qnbntpkxxrxuxrtdbj915,1,0.0007,140383,98.94
18065,qoypai,1,0.0007,140384,98.94
18066,qq2321163128288,1,0.0007,140385,98.94
18067,qq3267994209649,1,0.0007,140386,98.94
18068,qqgg,1,0.0007,140387,98.94
18069,qrqrqingyuan440,1,0.0007,140388,98.94
18070,qsaeddffsfft,1,0.0007,140389,98.94
18071,qturtle,1,0.0007,140390,98.94
18072,qualifine01941,1,0.0007,140391,98.94
18073,quantumhead,1,0.0007,140392,98.94
18074,que953579,1,0.0007,140393,98.94
18075,quelixgames,1,0.0007,140394,98.95
18076,quemirastu93137,1,0.0007,140395,98.95
18077,quentinwolf,1,0.0007,140396,98.95
18078,quick0306,1,0.0007,140397,98.95
18079,quickfluvius,1,0.0007,140398,98.95
18080,quiquencio232382,1,0.0007,140399,98.95
18081,quirkykitty,1,0.0007,140400,98.95
18082,qumengmeng109613,1,0.0007,140401,98.95
18083,qwasklop10290681,1,0.0007,140402,98.95
18084,qweropsd3,1,0.0007,140403,98.95
18085,qwertymadam1990qwerty,1,0.0007,140404,98.95
18086,qwertyu321XD,1,0.0007,140405,98.95
18087,qwertyuioplol,1,0.0007,140406,98.95
18088,qwiefhn38f,1,0.0007,140407,98.95
18089,qyana,1,0.0007,140408,98.96
18090,r1zero,1,0.0007,140409,98.96
18091,r2d2arturo,1,0.0007,140410,98.96
18092,r34q0r9u4oq3i,1,0.0007,140411,98.96
18093,r_banzatti,1,0.0007,140412,98.96
18094,rabintor06437,1,0.0007,140413,98.96
18095,raccoonskunch,1,0.0007,140414,98.96
18096,raceyday17632,1,0.0007,140415,98.96
18097,racheljackson,1,0.0007,140416,98.96
18098,racktoner568,1,0.0007,140417,98.96
18099,racktoner899,1,0.0007,140418,98.96
18100,raddude,1,0.0007,140419,98.96
18101,radiowaslearning832,1,0.0007,140420,98.96
18102,radomedude,1,0.0007,140421,98.96
18103,radosvetabcvarova949,1,0.0007,140422,98.97
18104,rafaellazarusmendes777,1,0.0007,140423,98.97
18105,rafe46235,1,0.0007,140424,98.97
18106,raffyffy,1,0.0007,140425,98.97
18107,ragnarok4427435,1,0.0007,140426,98.97
18108,ragnarokonline93122,1,0.0007,140427,98.97
18109,ragnask,1,0.0007,140428,98.97
18110,rahar99,1,0.0007,140429,98.97
18111,rahulcrimson,1,0.0007,140430,98.97
18112,raidercivitai99,1,0.0007,140431,98.97
18113,raigenzeroone834,1,0.0007,140432,98.97
18114,rajarshi572119,1,0.0007,140433,98.97
18115,rajrishikparmar998,1,0.0007,140434,98.97
18116,rakamik,1,0.0007,140435,98.97
18117,rakwrathraiser06,1,0.0007,140436,98.98
18118,ralapag959143,1,0.0007,140437,98.98
18119,ramag123,1,0.0007,140438,98.98
18120,ramenriderneo,1,0.0007,140439,98.98
18121,ramigm,1,0.0007,140440,98.98
18122,ramonher2105768,1,0.0007,140441,98.98
18123,ramses3000s475,1,0.0007,140442,98.98
18124,ramsey276eon,1,0.0007,140443,98.98
18125,random_chel,1,0.0007,140444,98.98
18126,randomcuenta2025924,1,0.0007,140445,98.98
18127,randomguynine198,1,0.0007,140446,98.98
18128,randomhentai,1,0.0007,140447,98.98
18129,randomman1407,1,0.0007,140448,98.98
18130,randomusernameblablabla,1,0.0007,140449,98.98
18131,randylahy,1,0.0007,140450,98.99
18132,raopop909,1,0.0007,140451,98.99
18133,raphtaliacupcake941,1,0.0007,140452,98.99
18134,rapidturtle,1,0.0007,140453,98.99
18135,rarefursstudio,1,0.0007,140454,98.99
18136,rarywinterwraith935,1,0.0007,140455,98.99
18137,raskal2k18,1,0.0007,140456,98.99
18138,rauidrik,1,0.0007,140457,98.99
18139,raul2hot,1,0.0007,140458,98.99
18140,raulfcarbone,1,0.0007,140459,98.99
18141,raulik,1,0.0007,140460,98.99
18142,rava7405645,1,0.0007,140461,98.99
18143,ravenhurst1161,1,0.0007,140462,98.99
18144,raventtroth,1,0.0007,140463,98.99
18145,ravepontinckac886,1,0.0007,140464,98.99
18146,rawcacaw,1,0.0007,140465,99.0
18147,rawleto,1,0.0007,140466,99.0
18148,rawr69,1,0.0007,140467,99.0
18149,raychantilly130,1,0.0007,140468,99.0
18150,rayofsunshinefell,1,0.0007,140469,99.0
18151,razvanmoldovan,1,0.0007,140470,99.0
18152,rcoverdell626739,1,0.0007,140471,99.0
18153,rcyannis,1,0.0007,140472,99.0
18154,rdk1603186,1,0.0007,140473,99.0
18155,rdlmoving,1,0.0007,140474,99.0
18156,reagan99999327,1,0.0007,140475,99.0
18157,real_ikunkun,1,0.0007,140476,99.0
18158,realbugfan,1,0.0007,140477,99.0
18159,reality29,1,0.0007,140478,99.0
18160,reallydizzy,1,0.0007,140479,99.01
18161,reanimateTesting,1,0.0007,140480,99.01
18162,reattila,1,0.0007,140481,99.01
18163,redbobby71614,1,0.0007,140482,99.01
18164,redditdc07955,1,0.0007,140483,99.01
18165,reddragonlover,1,0.0007,140484,99.01
18166,redghost131313712,1,0.0007,140485,99.01
18167,redhead13120863,1,0.0007,140486,99.01
18168,redlinranger101,1,0.0007,140487,99.01
18169,redned,1,0.0007,140488,99.01
18170,redprince2025,1,0.0007,140489,99.01
18171,redrage20yogaming647,1,0.0007,140490,99.01
18172,redrondj73,1,0.0007,140491,99.01
18173,redross313582,1,0.0007,140492,99.01
18174,redrudoof649,1,0.0007,140493,99.02
18175,redsus_88,1,0.0007,140494,99.02
18176,redygirly,1,0.0007,140495,99.02
18177,regular_hardcore,1,0.0007,140496,99.02
18178,reiverh4,1,0.0007,140497,99.02
18179,rektusmaximus123805,1,0.0007,140498,99.02
18180,remogodsora17,1,0.0007,140499,99.02
18181,renanwork89,1,0.0007,140500,99.02
18182,renatodabatera8340,1,0.0007,140501,99.02
18183,reneemmaria5122,1,0.0007,140502,99.02
18184,renememene,1,0.0007,140503,99.02
18185,renes92239379,1,0.0007,140504,99.02
18186,renfald,1,0.0007,140505,99.02
18187,renkroland434,1,0.0007,140506,99.02
18188,renomsslay867,1,0.0007,140507,99.03
18189,reonikel70,1,0.0007,140508,99.03
18190,reptilekiller,1,0.0007,140509,99.03
18191,rerek1800313,1,0.0007,140510,99.03
18192,resources,1,0.0007,140511,99.03
18193,restoredGeist,1,0.0007,140512,99.03
18194,retardguy5551440,1,0.0007,140513,99.03
18195,retortero,1,0.0007,140514,99.03
18196,retroAIx,1,0.0007,140515,99.03
18197,retrobird25,1,0.0007,140516,99.03
18198,retronachtaz567,1,0.0007,140517,99.03
18199,revelvoid,1,0.0007,140518,99.03
18200,rex23,1,0.0007,140519,99.03
18201,rexilian,1,0.0007,140520,99.03
18202,rexj795,1,0.0007,140521,99.04
18203,rexopt674318,1,0.0007,140522,99.04
18204,rezamdoust,1,0.0007,140523,99.04
18205,rfktr,1,0.0007,140524,99.04
18206,rgc1986,1,0.0007,140525,99.04
18207,rhenin,1,0.0007,140526,99.04
18208,rhinofunn665,1,0.0007,140527,99.04
18209,riah007,1,0.0007,140528,99.04
18210,ribaboso,1,0.0007,140529,99.04
18211,ribniy,1,0.0007,140530,99.04
18212,ricco_tracker,1,0.0007,140531,99.04
18213,richard_stands,1,0.0007,140532,99.04
18214,richardlol190299,1,0.0007,140533,99.04
18215,richardtwise884,1,0.0007,140534,99.04
18216,richyrich515,1,0.0007,140535,99.05
18217,ricktvr,1,0.0007,140536,99.05
18218,rictercasenger236,1,0.0007,140537,99.05
18219,rifino6266215,1,0.0007,140538,99.05
18220,riiwa,1,0.0007,140539,99.05
18221,rileybird019962,1,0.0007,140540,99.05
18222,rileydplb843,1,0.0007,140541,99.05
18223,ringsofsatrn365,1,0.0007,140542,99.05
18224,ringtmp674,1,0.0007,140543,99.05
18225,rinn019,1,0.0007,140544,99.05
18226,rinshi,1,0.0007,140545,99.05
18227,rinshino,1,0.0007,140546,99.05
18228,rioackerman4384,1,0.0007,140547,99.05
18229,ripley690,1,0.0007,140548,99.05
18230,river_run,1,0.0007,140549,99.05
18231,rjdog115,1,0.0007,140550,99.06
18232,rjox,1,0.0007,140551,99.06
18233,rkdai0312180,1,0.0007,140552,99.06
18234,rnmd,1,0.0007,140553,99.06
18235,ro4lj9lu8404,1,0.0007,140554,99.06
18236,roadnowhere25237,1,0.0007,140555,99.06
18237,rob7863,1,0.0007,140556,99.06
18238,robbie86,1,0.0007,140557,99.06
18239,robegria,1,0.0007,140558,99.06
18240,robert1090,1,0.0007,140559,99.06
18241,robertoclementefigueroa,1,0.0007,140560,99.06
18242,robertperez7106749632,1,0.0007,140561,99.06
18243,robinsonn295543,1,0.0007,140562,99.06
18244,robmaggs,1,0.0007,140563,99.06
18245,robomagdosko863,1,0.0007,140564,99.07
18246,robsfactorys728,1,0.0007,140565,99.07
18247,roccosoffiasci77670,1,0.0007,140566,99.07
18248,rocke1969,1,0.0007,140567,99.07
18249,rocketjazz,1,0.0007,140568,99.07
18250,rocoftx,1,0.0007,140569,99.07
18251,rodrigoquijanoor05347,1,0.0007,140570,99.07
18252,rodrimuffin997,1,0.0007,140571,99.07
18253,roguecheneyeucliffe169,1,0.0007,140572,99.07
18254,rohmanlampung441463,1,0.0007,140573,99.07
18255,rohreins,1,0.0007,140574,99.07
18256,romakrelian,1,0.0007,140575,99.07
18257,romangrigorenko46902,1,0.0007,140576,99.07
18258,romanka,1,0.0007,140577,99.07
18259,romanovalexey845473,1,0.0007,140578,99.08
18260,romanovam4rgarita1991,1,0.0007,140579,99.08
18261,romanrussia98350,1,0.0007,140580,99.08
18262,romhuns743,1,0.0007,140581,99.08
18263,rondatammy524,1,0.0007,140582,99.08
18264,rongbac78915129,1,0.0007,140583,99.08
18265,ronwvieira405,1,0.0007,140584,99.08
18266,rook12345,1,0.0007,140585,99.08
18267,rootenmilk,1,0.0007,140586,99.08
18268,rooutai,1,0.0007,140587,99.08
18269,ropyrane,1,0.0007,140588,99.08
18270,rose4020858,1,0.0007,140589,99.08
18271,rosebaneheart,1,0.0007,140590,99.08
18272,rosemen,1,0.0007,140591,99.08
18273,rosenrot_red,1,0.0007,140592,99.09
18274,roslyndturbo,1,0.0007,140593,99.09
18275,rosxilia12410,1,0.0007,140594,99.09
18276,roverrandom69,1,0.0007,140595,99.09
18277,rovif77,1,0.0007,140596,99.09
18278,roxyf19339827,1,0.0007,140597,99.09
18279,rrex,1,0.0007,140598,99.09
18280,rrobertt20005803,1,0.0007,140599,99.09
18281,rrrrrrrrrrrrrrrrr,1,0.0007,140600,99.09
18282,ruGlory,1,0.0007,140601,99.09
18283,rubal4005939,1,0.0007,140602,99.09
18284,rube_dob,1,0.0007,140603,99.09
18285,rubionilda666518,1,0.0007,140604,99.09
18286,ruiyang892450,1,0.0007,140605,99.09
18287,rulisurya231,1,0.0007,140606,99.1
18288,runerlol,1,0.0007,140607,99.1
18289,rustypotato69696969,1,0.0007,140608,99.1
18290,rutkking590,1,0.0007,140609,99.1
18291,rw983hr9rh,1,0.0007,140610,99.1
18292,rx0296,1,0.0007,140611,99.1
18293,ryan5tarkdecoy,1,0.0007,140612,99.1
18294,ryanjay0,1,0.0007,140613,99.1
18295,ryanosmunphoto,1,0.0007,140614,99.1
18296,ryansad92423,1,0.0007,140615,99.1
18297,rykl,1,0.0007,140616,99.1
18298,ryno792626336,1,0.0007,140617,99.1
18299,ryo_ishigaki,1,0.0007,140618,99.1
18300,rywus888,1,0.0007,140619,99.1
18301,rztnze25,1,0.0007,140620,99.1
18302,s10201326,1,0.0007,140621,99.11
18303,s30bomarmek537,1,0.0007,140622,99.11
18304,s3xyh3ll670,1,0.0007,140623,99.11
18305,s51880,1,0.0007,140624,99.11
18306,s8993217285,1,0.0007,140625,99.11
18307,s9ip1a427,1,0.0007,140626,99.11
18308,sDreamer,1,0.0007,140627,99.11
18309,sabersecret,1,0.0007,140628,99.11
18310,sad_rain,1,0.0007,140629,99.11
18311,sadaaa,1,0.0007,140630,99.11
18312,sadfasfasd,1,0.0007,140631,99.11
18313,sadjlkfg,1,0.0007,140632,99.11
18314,saetusum882,1,0.0007,140633,99.11
18315,safsganlsioasndoa,1,0.0007,140634,99.11
18316,saftle,1,0.0007,140635,99.12
18317,sagging_breast_enjoyer,1,0.0007,140636,99.12
18318,saho65,1,0.0007,140637,99.12
18319,saiJi,1,0.0007,140638,99.12
18320,saikanohss,1,0.0007,140639,99.12
18321,saikonizuri751,1,0.0007,140640,99.12
18322,saimon121,1,0.0007,140641,99.12
18323,saimonsyatogami151,1,0.0007,140642,99.12
18324,saitoshi,1,0.0007,140643,99.12
18325,saizycaopera,1,0.0007,140644,99.12
18326,sakanajun,1,0.0007,140645,99.12
18327,salaciouscrab,1,0.0007,140646,99.12
18328,salcro,1,0.0007,140647,99.12
18329,sallam,1,0.0007,140648,99.12
18330,saltmato,1,0.0007,140649,99.13
18331,saltypizza017657,1,0.0007,140650,99.13
18332,saltywww,1,0.0007,140651,99.13
18333,sam80906100,1,0.0007,140652,99.13
18334,samabiu,1,0.0007,140653,99.13
18335,samdakgilbert653,1,0.0007,140654,99.13
18336,samlurk,1,0.0007,140655,99.13
18337,sammyitz123763,1,0.0007,140656,99.13
18338,sammytheswift,1,0.0007,140657,99.13
18339,samodinson,1,0.0007,140658,99.13
18340,samohamokinpo,1,0.0007,140659,99.13
18341,samucamatione772,1,0.0007,140660,99.13
18342,samwise9708308,1,0.0007,140661,99.13
18343,sanchopanzapro1535,1,0.0007,140662,99.13
18344,sandiegobestcity965,1,0.0007,140663,99.14
18345,sandrafilly7764,1,0.0007,140664,99.14
18346,sandroilpelato,1,0.0007,140665,99.14
18347,sandytimes122376,1,0.0007,140666,99.14
18348,sanfuls23,1,0.0007,140667,99.14
18349,sanon441377,1,0.0007,140668,99.14
18350,sansan2333,1,0.0007,140669,99.14
18351,sanya188826,1,0.0007,140670,99.14
18352,saoulo_jeri,1,0.0007,140671,99.14
18353,sarahbluefur,1,0.0007,140672,99.14
18354,sarahpengs,1,0.0007,140673,99.14
18355,sarahv,1,0.0007,140674,99.14
18356,sarahvenusio326,1,0.0007,140675,99.14
18357,sarbarthamondal898988,1,0.0007,140676,99.14
18358,sarbysmk327,1,0.0007,140677,99.15
18359,sasha57425,1,0.0007,140678,99.15
18360,sashasanddorn,1,0.0007,140679,99.15
18361,sashavved700,1,0.0007,140680,99.15
18362,sasifac430552,1,0.0007,140681,99.15
18363,saturnalis,1,0.0007,140682,99.15
18364,saucisse,1,0.0007,140683,99.15
18365,saucisselasagne,1,0.0007,140684,99.15
18366,saulh1521,1,0.0007,140685,99.15
18367,saursdough,1,0.0007,140686,99.15
18368,savetrashfile1447,1,0.0007,140687,99.15
18369,sawbladex818,1,0.0007,140688,99.15
18370,sawrit,1,0.0007,140689,99.15
18371,saybau,1,0.0007,140690,99.15
18372,sayori2808626,1,0.0007,140691,99.15
18373,sbacker2023177,1,0.0007,140692,99.16
18374,sbdonreddit845,1,0.0007,140693,99.16
18375,sbubba2,1,0.0007,140694,99.16
18376,sc_AI_nx,1,0.0007,140695,99.16
18377,sca255,1,0.0007,140696,99.16
18378,scarlett_manavy,1,0.0007,140697,99.16
18379,scatwinger878,1,0.0007,140698,99.16
18380,schockwave719514,1,0.0007,140699,99.16
18381,sci2,1,0.0007,140700,99.16
18382,sciciliandef,1,0.0007,140701,99.16
18383,scooller,1,0.0007,140702,99.16
18384,scorpionfire52106,1,0.0007,140703,99.16
18385,scottiesfavs,1,0.0007,140704,99.16
18386,scpunkscene970,1,0.0007,140705,99.16
18387,scrdest,1,0.0007,140706,99.17
18388,screenandink111,1,0.0007,140707,99.17
18389,screenandink31253,1,0.0007,140708,99.17
18390,scringler,1,0.0007,140709,99.17
18391,scummovies250,1,0.0007,140710,99.17
18392,sdfsdfgs,1,0.0007,140711,99.17
18393,sdgfcsdhvytvhetrhvwt,1,0.0007,140712,99.17
18394,sdhassan,1,0.0007,140713,99.17
18395,sdhero,1,0.0007,140714,99.17
18396,sdhyglg86cdgt55174,1,0.0007,140715,99.17
18397,sdtgoblin,1,0.0007,140716,99.17
18398,seanaga,1,0.0007,140717,99.17
18399,seanbishop2009324,1,0.0007,140718,99.17
18400,seazlight12523,1,0.0007,140719,99.17
18401,sec8696,1,0.0007,140720,99.18
18402,secksybaby921,1,0.0007,140721,99.18
18403,secreart,1,0.0007,140722,99.18
18404,secreteaccout1493745,1,0.0007,140723,99.18
18405,secretsociety,1,0.0007,140724,99.18
18406,sectorbob689,1,0.0007,140725,99.18
18407,seekaruda,1,0.0007,140726,99.18
18408,segavas,1,0.0007,140727,99.18
18409,segonxxx,1,0.0007,140728,99.18
18410,sehrishsajid80938,1,0.0007,140729,99.18
18411,seiftradv178,1,0.0007,140730,99.18
18412,seijiro238,1,0.0007,140731,99.18
18413,seijuurokirito848,1,0.0007,140732,99.18
18414,seishirosekki703,1,0.0007,140733,99.18
18415,seitanaka3156367,1,0.0007,140734,99.19
18416,sekumuk,1,0.0007,140735,99.19
18417,seldhosbdrasekdbk398,1,0.0007,140736,99.19
18418,selicledan447,1,0.0007,140737,99.19
18419,sempai_squad,1,0.0007,140738,99.19
18420,senpaikgz613,1,0.0007,140739,99.19
18421,senseiwilson1339,1,0.0007,140740,99.19
18422,senta375,1,0.0007,140741,99.19
18423,sentenial99273,1,0.0007,140742,99.19
18424,seraphimzz,1,0.0007,140743,99.19
18425,seraphinaknox501285,1,0.0007,140744,99.19
18426,serbio68andrade636,1,0.0007,140745,99.19
18427,serditoaj04606,1,0.0007,140746,99.19
18428,seredaevgeny123407,1,0.0007,140747,99.19
18429,serget2,1,0.0007,140748,99.2
18430,seridamga02,1,0.0007,140749,99.2
18431,serkts,1,0.0007,140750,99.2
18432,serpentine18,1,0.0007,140751,99.2
18433,seruva19,1,0.0007,140752,99.2
18434,sesij32639973,1,0.0007,140753,99.2
18435,sev546,1,0.0007,140754,99.2
18436,sevanidze,1,0.0007,140755,99.2
18437,sevindragon670,1,0.0007,140756,99.2
18438,sfmail766303,1,0.0007,140757,99.2
18439,sgelevenzz,1,0.0007,140758,99.2
18440,sgsw234,1,0.0007,140759,99.2
18441,sh1d,1,0.0007,140760,99.2
18442,shaaraa,1,0.0007,140761,99.2
18443,shadmar138,1,0.0007,140762,99.21
18444,shadow79,1,0.0007,140763,99.21
18445,shadoway,1,0.0007,140764,99.21
18446,shadowmind,1,0.0007,140765,99.21
18447,shadowthewolfxl1578,1,0.0007,140766,99.21
18448,shadoxart,1,0.0007,140767,99.21
18449,shadymemer,1,0.0007,140768,99.21
18450,sharpfur69,1,0.0007,140769,99.21
18451,shaskkrushov726,1,0.0007,140770,99.21
18452,shawnsxf06400,1,0.0007,140771,99.21
18453,shendumao_4090_48g,1,0.0007,140772,99.21
18454,shenlenay,1,0.0007,140773,99.21
18455,shepardfan96481,1,0.0007,140774,99.21
18456,shernan145450,1,0.0007,140775,99.21
18457,shesbalmain860,1,0.0007,140776,99.21
18458,shetujun,1,0.0007,140777,99.22
18459,shidotukuto240,1,0.0007,140778,99.22
18460,shiftingmoves,1,0.0007,140779,99.22
18461,shiftlivald,1,0.0007,140780,99.22
18462,shihaiteki,1,0.0007,140781,99.22
18463,shihunshixiong,1,0.0007,140782,99.22
18464,shijuroyan,1,0.0007,140783,99.22
18465,shilohearnsnod110,1,0.0007,140784,99.22
18466,shimeajiRTX,1,0.0007,140785,99.22
18467,shineyjohn500,1,0.0007,140786,99.22
18468,shingosama,1,0.0007,140787,99.22
18469,shingshan292304,1,0.0007,140788,99.22
18470,shiny_blush,1,0.0007,140789,99.22
18471,shion,1,0.0007,140790,99.22
18472,shiptaku,1,0.0007,140791,99.23
18473,shiqian123,1,0.0007,140792,99.23
18474,shirasachi,1,0.0007,140793,99.23
18475,shiroanonymous,1,0.0007,140794,99.23
18476,shirobako623948,1,0.0007,140795,99.23
18477,shiroikishi327511,1,0.0007,140796,99.23
18478,shirouste,1,0.0007,140797,99.23
18479,shishuo0219473,1,0.0007,140798,99.23
18480,shivamrawjaiswal830,1,0.0007,140799,99.23
18481,shizukanakahara95918,1,0.0007,140800,99.23
18482,shmosby93786,1,0.0007,140801,99.23
18483,shnnht987,1,0.0007,140802,99.23
18484,shocho,1,0.0007,140803,99.23
18485,shockin779,1,0.0007,140804,99.23
18486,shockwave000000,1,0.0007,140805,99.24
18487,shockwaveart0,1,0.0007,140806,99.24
18488,shokucyn,1,0.0007,140807,99.24
18489,shokunAI,1,0.0007,140808,99.24
18490,shounens,1,0.0007,140809,99.24
18491,shouv,1,0.0007,140810,99.24
18492,showtime1306252,1,0.0007,140811,99.24
18493,showyxx,1,0.0007,140812,99.24
18494,shreddiezz1237,1,0.0007,140813,99.24
18495,shuluo14,1,0.0007,140814,99.24
18496,shunart,1,0.0007,140815,99.24
18497,shushbalaclava,1,0.0007,140816,99.24
18498,shuteye404302,1,0.0007,140817,99.24
18499,sidgus,1,0.0007,140818,99.24
18500,sidorovanina94sidorova790,1,0.0007,140819,99.25
18501,siegeofnorth,1,0.0007,140820,99.25
18502,sigelapgelap1522,1,0.0007,140821,99.25
18503,sigmawhatthe252178,1,0.0007,140822,99.25
18504,sikasolutionsworldwide709,1,0.0007,140823,99.25
18505,silenser879,1,0.0007,140824,99.25
18506,silente0130622,1,0.0007,140825,99.25
18507,silentzc,1,0.0007,140826,99.25
18508,silinaraisa1987raisa870,1,0.0007,140827,99.25
18509,silvercurrie4,1,0.0007,140828,99.25
18510,silverfire888,1,0.0007,140829,99.25
18511,silviarochaxo175,1,0.0007,140830,99.25
18512,simian_slacker,1,0.0007,140831,99.25
18513,simon28329,1,0.0007,140832,99.25
18514,simonenixx206,1,0.0007,140833,99.26
18515,simonstrakacz,1,0.0007,140834,99.26
18516,sin199,1,0.0007,140835,99.26
18517,sinatra,1,0.0007,140836,99.26
18518,sindou,1,0.0007,140837,99.26
18519,singgurbachan906,1,0.0007,140838,99.26
18520,sinkingin2024630,1,0.0007,140839,99.26
18521,siobhanlitemail,1,0.0007,140840,99.26
18522,sir_not_surry,1,0.0007,140841,99.26
18523,sirbeastfurryferal657,1,0.0007,140842,99.26
18524,siriys43862,1,0.0007,140843,99.26
18525,sirope,1,0.0007,140844,99.26
18526,sisatmpxcjlm268,1,0.0007,140845,99.26
18527,siska_jiraffa,1,0.0007,140846,99.26
18528,sisourrr,1,0.0007,140847,99.26
18529,sisutei,1,0.0007,140848,99.27
18530,sitwayenjay,1,0.0007,140849,99.27
18531,siyino,1,0.0007,140850,99.27
18532,sjpscp,1,0.0007,140851,99.27
18533,skUndesu,1,0.0007,140852,99.27
18534,skarloeyrailway542989,1,0.0007,140853,99.27
18535,skeetersrevenge84,1,0.0007,140854,99.27
18536,skibididaun,1,0.0007,140855,99.27
18537,skorohodovanad0304,1,0.0007,140856,99.27
18538,sky1218,1,0.0007,140857,99.27
18539,skyLamp,1,0.0007,140858,99.27
18540,skyam,1,0.0007,140859,99.27
18541,skylampw,1,0.0007,140860,99.27
18542,skywalk7474,1,0.0007,140861,99.27
18543,skyxx,1,0.0007,140862,99.28
18544,slanschuetzer,1,0.0007,140863,99.28
18545,slantlands,1,0.0007,140864,99.28
18546,slavestable08662,1,0.0007,140865,99.28
18547,slayeranime2311885,1,0.0007,140866,99.28
18548,slaykyh,1,0.0007,140867,99.28
18549,sldr,1,0.0007,140868,99.28
18550,sleaf,1,0.0007,140869,99.28
18551,sleeping_man,1,0.0007,140870,99.28
18552,sleepyheadd454,1,0.0007,140871,99.28
18553,slipperyjoes,1,0.0007,140872,99.28
18554,slochinmarginal,1,0.0007,140873,99.28
18555,slutpuppy,1,0.0007,140874,99.28
18556,slvtcrusher_btw,1,0.0007,140875,99.28
18557,smakelampon5697,1,0.0007,140876,99.29
18558,smalltreeman3131,1,0.0007,140877,99.29
18559,smaritanprop,1,0.0007,140878,99.29
18560,smashrebeltv358,1,0.0007,140879,99.29
18561,smat,1,0.0007,140880,99.29
18562,smg4presley854,1,0.0007,140881,99.29
18563,smm0896,1,0.0007,140882,99.29
18564,smolcurlycanine,1,0.0007,140883,99.29
18565,smoove07,1,0.0007,140884,99.29
18566,sn11scarolina918,1,0.0007,140885,99.29
18567,snakesword,1,0.0007,140886,99.29
18568,snapdragonzoroark,1,0.0007,140887,99.29
18569,snapgrzessnap107,1,0.0007,140888,99.29
18570,snarf005553,1,0.0007,140889,99.29
18571,sndresseric712,1,0.0007,140890,99.3
18572,sneedchuck,1,0.0007,140891,99.3
18573,snippy122872,1,0.0007,140892,99.3
18574,snk90,1,0.0007,140893,99.3
18575,snoodels260,1,0.0007,140894,99.3
18576,snorlaxpuppet,1,0.0007,140895,99.3
18577,snsojx,1,0.0007,140896,99.3
18578,snzhkhd,1,0.0007,140897,99.3
18579,soapbox,1,0.0007,140898,99.3
18580,socalguitarist,1,0.0007,140899,99.3
18581,socratessoup598,1,0.0007,140900,99.3
18582,sofiakana,1,0.0007,140901,99.3
18583,sofiasottovoce564,1,0.0007,140902,99.3
18584,sofndicj,1,0.0007,140903,99.3
18585,sofronov,1,0.0007,140904,99.31
18586,softtaco1712,1,0.0007,140905,99.31
18587,sokisgoodboy510,1,0.0007,140906,99.31
18588,sol2326963,1,0.0007,140907,99.31
18589,solicit100946,1,0.0007,140908,99.31
18590,solsen00,1,0.0007,140909,99.31
18591,soltaker21,1,0.0007,140910,99.31
18592,some1magic,1,0.0007,140911,99.31
18593,somebody388,1,0.0007,140912,99.31
18594,somedude4847,1,0.0007,140913,99.31
18595,somedudee99995,1,0.0007,140914,99.31
18596,someonedifferent,1,0.0007,140915,99.31
18597,someyoungguy69,1,0.0007,140916,99.31
18598,somguy55,1,0.0007,140917,99.31
18599,somyeol114,1,0.0007,140918,99.31
18600,sonaksalazar,1,0.0007,140919,99.32
18601,soniclantu,1,0.0007,140920,99.32
18602,sonicwock,1,0.0007,140921,99.32
18603,sonozaki_nori,1,0.0007,140922,99.32
18604,sooeoe,1,0.0007,140923,99.32
18605,soop,1,0.0007,140924,99.32
18606,sootyextinct05,1,0.0007,140925,99.32
18607,soperi,1,0.0007,140926,99.32
18608,sophiathegoanimatior245,1,0.0007,140927,99.32
18609,sorawabaka,1,0.0007,140928,99.32
18610,sorin_l,1,0.0007,140929,99.32
18611,sososoninini64667,1,0.0007,140930,99.32
18612,sota_Anglu,1,0.0007,140931,99.32
18613,sotsog,1,0.0007,140932,99.32
18614,soulate,1,0.0007,140933,99.33
18615,souler199186,1,0.0007,140934,99.33
18616,soulomatic19361,1,0.0007,140935,99.33
18617,soulwater2017765,1,0.0007,140936,99.33
18618,soundslikethunder,1,0.0007,140937,99.33
18619,soupman1,1,0.0007,140938,99.33
18620,souren0704406,1,0.0007,140939,99.33
18621,southbridge,1,0.0007,140940,99.33
18622,sovos,1,0.0007,140941,99.33
18623,soyjackchungus120,1,0.0007,140942,99.33
18624,spaceman2022euro832,1,0.0007,140943,99.33
18625,spam13568677,1,0.0007,140944,99.33
18626,spamandjunkemails655,1,0.0007,140945,99.33
18627,spambanthankya969,1,0.0007,140946,99.33
18628,spamdeacero941,1,0.0007,140947,99.34
18629,sparkleMotion,1,0.0007,140948,99.34
18630,spartanlakes017,1,0.0007,140949,99.34
18631,spazerx,1,0.0007,140950,99.34
18632,spbravefront123,1,0.0007,140951,99.34
18633,specialweek1209379,1,0.0007,140952,99.34
18634,speedy8,1,0.0007,140953,99.34
18635,sphexxxx,1,0.0007,140954,99.34
18636,spiderhaunt,1,0.0007,140955,99.34
18637,spiderpity,1,0.0007,140956,99.34
18638,spiderwider555,1,0.0007,140957,99.34
18639,spinit360,1,0.0007,140958,99.34
18640,spiralturtle,1,0.0007,140959,99.34
18641,splittydev,1,0.0007,140960,99.34
18642,spmarierose,1,0.0007,140961,99.35
18643,spoingbong,1,0.0007,140962,99.35
18644,sponjibobbu,1,0.0007,140963,99.35
18645,springmushroom_86,1,0.0007,140964,99.35
18646,sprmxy163,1,0.0007,140965,99.35
18647,spudtato,1,0.0007,140966,99.35
18648,sqps,1,0.0007,140967,99.35
18649,squarax898,1,0.0007,140968,99.35
18650,squeakerboy12,1,0.0007,140969,99.35
18651,squirtle123456,1,0.0007,140970,99.35
18652,sqzx27324,1,0.0007,140971,99.35
18653,srink,1,0.0007,140972,99.35
18654,srivastava1313aryan932,1,0.0007,140973,99.35
18655,srodskiy,1,0.0007,140974,99.35
18656,sruflfo01,1,0.0007,140975,99.36
18657,ss_calico_,1,0.0007,140976,99.36
18658,ssexystyle,1,0.0007,140977,99.36
18659,ssjkiego,1,0.0007,140978,99.36
18660,ssn30a,1,0.0007,140979,99.36
18661,sssSilvang,1,0.0007,140980,99.36
18662,sssebinho303,1,0.0007,140981,99.36
18663,ssskkkkii,1,0.0007,140982,99.36
18664,ssslash,1,0.0007,140983,99.36
18665,sstylerdurden879,1,0.0007,140984,99.36
18666,ssubwaytacoman447,1,0.0007,140985,99.36
18667,st937072000402,1,0.0007,140986,99.36
18668,stablexai,1,0.0007,140987,99.36
18669,stacon,1,0.0007,140988,99.36
18670,stacypilgrim,1,0.0007,140989,99.37
18671,stareblankly,1,0.0007,140990,99.37
18672,stark_80,1,0.0007,140991,99.37
18673,starkillervibes626,1,0.0007,140992,99.37
18674,starrkydd317,1,0.0007,140993,99.37
18675,stateofdecayfan37490,1,0.0007,140994,99.37
18676,steamnakedpony690,1,0.0007,140995,99.37
18677,stebanvanegasc111,1,0.0007,140996,99.37
18678,steffangund,1,0.0007,140997,99.37
18679,stephan908,1,0.0007,140998,99.37
18680,stephanie2007lu205,1,0.0007,140999,99.37
18681,steptonite,1,0.0007,141000,99.37
18682,sterlingflexes,1,0.0007,141001,99.37
18683,stev3,1,0.0007,141002,99.37
18684,steven1055,1,0.0007,141003,99.37
18685,stevenbjohnson645,1,0.0007,141004,99.38
18686,stevethedragon,1,0.0007,141005,99.38
18687,stinky_yeen,1,0.0007,141006,99.38
18688,stirliz,1,0.0007,141007,99.38
18689,stlbiu,1,0.0007,141008,99.38
18690,stockdj,1,0.0007,141009,99.38
18691,stone09,1,0.0007,141010,99.38
18692,stopyourhands,1,0.0007,141011,99.38
18693,stor348,1,0.0007,141012,99.38
18694,storm0818,1,0.0007,141013,99.38
18695,stormer1010,1,0.0007,141014,99.38
18696,strakalinus543,1,0.0007,141015,99.38
18697,strangercolorful761,1,0.0007,141016,99.38
18698,strangething22,1,0.0007,141017,99.38
18699,strategenblume,1,0.0007,141018,99.39
18700,strident00697,1,0.0007,141019,99.39
18701,strontium90,1,0.0007,141020,99.39
18702,stuartyoung8888861,1,0.0007,141021,99.39
18703,stuffeddeluxe,1,0.0007,141022,99.39
18704,stupickels164,1,0.0007,141023,99.39
18705,stzehn216,1,0.0007,141024,99.39
18706,sucaranbanoa371,1,0.0007,141025,99.39
18707,succubus2016354,1,0.0007,141026,99.39
18708,succubydoo538,1,0.0007,141027,99.39
18709,sugeskus,1,0.0007,141028,99.39
18710,suigintou0017175,1,0.0007,141029,99.39
18711,suiyilazy,1,0.0007,141030,99.39
18712,sukikraze,1,0.0007,141031,99.39
18713,sultryshield,1,0.0007,141032,99.4
18714,sumikaOnoe,1,0.0007,141033,99.4
18715,sumtafanakli1548,1,0.0007,141034,99.4
18716,sun13719617152560,1,0.0007,141035,99.4
18717,sunidoa,1,0.0007,141036,99.4
18718,sunny09899,1,0.0007,141037,99.4
18719,sunnytogotv568,1,0.0007,141038,99.4
18720,sunombreyu25,1,0.0007,141039,99.4
18721,suoluomen000,1,0.0007,141040,99.4
18722,supahoopsa,1,0.0007,141041,99.4
18723,supca_1,1,0.0007,141042,99.4
18724,superchicken516,1,0.0007,141043,99.4
18725,superhappytime,1,0.0007,141044,99.4
18726,superherofan,1,0.0007,141045,99.4
18727,superidol666777298,1,0.0007,141046,99.41
18728,superjake944,1,0.0007,141047,99.41
18729,superloongv587,1,0.0007,141048,99.41
18730,superstudent,1,0.0007,141049,99.41
18731,supersuika,1,0.0007,141050,99.41
18732,supr3n0v4,1,0.0007,141051,99.41
18733,supremechadd,1,0.0007,141052,99.41
18734,suribei,1,0.0007,141053,99.41
18735,susekpybertat,1,0.0007,141054,99.41
18736,sushified0861,1,0.0007,141055,99.41
18737,suslord559262,1,0.0007,141056,99.41
18738,sussyx,1,0.0007,141057,99.41
18739,susususu156,1,0.0007,141058,99.41
18740,suykerbuyksam743,1,0.0007,141059,99.41
18741,suzumefarm01996,1,0.0007,141060,99.42
18742,svsingh28,1,0.0007,141061,99.42
18743,svtoc,1,0.0007,141062,99.42
18744,svxguardian395,1,0.0007,141063,99.42
18745,swapgod69162,1,0.0007,141064,99.42
18746,swarot,1,0.0007,141065,99.42
18747,swedishViking,1,0.0007,141066,99.42
18748,sweetbjames622,1,0.0007,141067,99.42
18749,sweetlifeanimes,1,0.0007,141068,99.42
18750,sweter22,1,0.0007,141069,99.42
18751,swiftkittywashere636,1,0.0007,141070,99.42
18752,swimwriter,1,0.0007,141071,99.42
18753,swordofsoul,1,0.0007,141072,99.42
18754,swordstheepic255,1,0.0007,141073,99.42
18755,sxm520520,1,0.0007,141074,99.42
18756,sydney_ai_art,1,0.0007,141075,99.43
18757,syguuiiii,1,0.0007,141076,99.43
18758,sylvia1090712767932,1,0.0007,141077,99.43
18759,syntaxerror22,1,0.0007,141078,99.43
18760,syrvil,1,0.0007,141079,99.43
18761,system548,1,0.0007,141080,99.43
18762,systemwellington773,1,0.0007,141081,99.43
18763,t21j042yc656,1,0.0007,141082,99.43
18764,t4079781876,1,0.0007,141083,99.43
18765,t4388554408,1,0.0007,141084,99.43
18766,t77200orop1ga212,1,0.0007,141085,99.43
18767,t8gbb57u7p948,1,0.0007,141086,99.43
18768,t_e_123123,1,0.0007,141087,99.43
18769,tabinezumi,1,0.0007,141088,99.43
18770,taches,1,0.0007,141089,99.44
18771,tacocatbox,1,0.0007,141090,99.44
18772,tadoli6080445,1,0.0007,141091,99.44
18773,taeyoon010613498,1,0.0007,141092,99.44
18774,takabaka0794207,1,0.0007,141093,99.44
18775,talesbynjabs324,1,0.0007,141094,99.44
18776,tanakang,1,0.0007,141095,99.44
18777,tang94207591,1,0.0007,141096,99.44
18778,tangocreate,1,0.0007,141097,99.44
18779,tangxuan139564,1,0.0007,141098,99.44
18780,tank6572002,1,0.0007,141099,99.44
18781,tankersonetwothr5610,1,0.0007,141100,99.44
18782,tankervirtual529,1,0.0007,141101,99.44
18783,tanmin499264,1,0.0007,141102,99.44
18784,tannerlowry1112,1,0.0007,141103,99.45
18785,tantan785,1,0.0007,141104,99.45
18786,tanxintian,1,0.0007,141105,99.45
18787,taoshiwu99412,1,0.0007,141106,99.45
18788,tar684vb,1,0.0007,141107,99.45
18789,taranqiu,1,0.0007,141108,99.45
18790,tarn59,1,0.0007,141109,99.45
18791,tarotyranno,1,0.0007,141110,99.45
18792,tasamandic,1,0.0007,141111,99.45
18793,tasher33,1,0.0007,141112,99.45
18794,tatelete24589,1,0.0007,141113,99.45
18795,tatty25,1,0.0007,141114,99.45
18796,tatuya6318144,1,0.0007,141115,99.45
18797,taurilus2875,1,0.0007,141116,99.45
18798,tax,1,0.0007,141117,99.46
18799,taylorfayol,1,0.0007,141118,99.46
18800,tayshy,1,0.0007,141119,99.46
18801,tblackwell97,1,0.0007,141120,99.46
18802,team_rocket_nsfw,1,0.0007,141121,99.46
18803,technorobotdude,1,0.0007,141122,99.46
18804,teeeze,1,0.0007,141123,99.46
18805,teemocute,1,0.0007,141124,99.46
18806,teerhow,1,0.0007,141125,99.46
18807,tehblood1,1,0.0007,141126,99.46
18808,teirusu,1,0.0007,141127,99.46
18809,tekcnoh19,1,0.0007,141128,99.46
18810,tenantx,1,0.0007,141129,99.46
18811,tendualmon,1,0.0007,141130,99.46
18812,tenghaw,1,0.0007,141131,99.47
18813,tennydash,1,0.0007,141132,99.47
18814,tenro02,1,0.0007,141133,99.47
18815,tentenacht525,1,0.0007,141134,99.47
18816,teonimesic1,1,0.0007,141135,99.47
18817,terminka298,1,0.0007,141136,99.47
18818,test_HRM,1,0.0007,141137,99.47
18819,testforai2222739,1,0.0007,141138,99.47
18820,texdet,1,0.0007,141139,99.47
18821,tf00dovahkiin907,1,0.0007,141140,99.47
18822,tgffdsgfdsg,1,0.0007,141141,99.47
18823,tgo234,1,0.0007,141142,99.47
18824,tgprocks459,1,0.0007,141143,99.47
18825,thaagz,1,0.0007,141144,99.47
18826,thandibeezwax261,1,0.0007,141145,99.47
18827,thanhtungittech,1,0.0007,141146,99.48
18828,thanosthanatos,1,0.0007,141147,99.48
18829,thatcantbereal,1,0.0007,141148,99.48
18830,thateditor,1,0.0007,141149,99.48
18831,thatguygibby522,1,0.0007,141150,99.48
18832,thatjamesthere606,1,0.0007,141151,99.48
18833,thatoneguy4321,1,0.0007,141152,99.48
18834,thatragequitter12658,1,0.0007,141153,99.48
18835,thatreddragon01831,1,0.0007,141154,99.48
18836,thawtz,1,0.0007,141155,99.48
18837,theProf1980,1,0.0007,141156,99.48
18838,theSexRaptor,1,0.0007,141157,99.48
18839,the_Whi,1,0.0007,141158,99.48
18840,the_jay24226,1,0.0007,141159,99.48
18841,the_real_cream,1,0.0007,141160,99.49
18842,theanonymouscata48,1,0.0007,141161,99.49
18843,thebadgirlmethod126,1,0.0007,141162,99.49
18844,thebalongerscruk192,1,0.0007,141163,99.49
18845,thebestbutnot,1,0.0007,141164,99.49
18846,thebiggingercat,1,0.0007,141165,99.49
18847,thecashdude,1,0.0007,141166,99.49
18848,thedebz01496,1,0.0007,141167,99.49
18849,thedoc155,1,0.0007,141168,99.49
18850,theduckbubba,1,0.0007,141169,99.49
18851,thefikwriter186,1,0.0007,141170,99.49
18852,thegr8payne215933,1,0.0007,141171,99.49
18853,thejokergunporn730,1,0.0007,141172,99.49
18854,thekevinhauff,1,0.0007,141173,99.49
18855,thekickingturtle,1,0.0007,141174,99.5
18856,thelootmonster917,1,0.0007,141175,99.5
18857,themanwhosoldtheworld,1,0.0007,141176,99.5
18858,theminionschickenleg,1,0.0007,141177,99.5
18859,thenameismegaman373,1,0.0007,141178,99.5
18860,theowin68,1,0.0007,141179,99.5
18861,thepretender232141,1,0.0007,141180,99.5
18862,therealsideways,1,0.0007,141181,99.5
18863,therealwofl,1,0.0007,141182,99.5
18864,therippajack493,1,0.0007,141183,99.5
18865,theshounenshow,1,0.0007,141184,99.5
18866,theskyabove2,1,0.0007,141185,99.5
18867,thesnowylynx,1,0.0007,141186,99.5
18868,thespy,1,0.0007,141187,99.5
18869,thesunboye,1,0.0007,141188,99.51
18870,theterra,1,0.0007,141189,99.51
18871,thetruereal9867,1,0.0007,141190,99.51
18872,theunseenones,1,0.0007,141191,99.51
18873,theunvarnished42110,1,0.0007,141192,99.51
18874,theway2377,1,0.0007,141193,99.51
18875,thiefandliar,1,0.0007,141194,99.51
18876,thinehattusenbius,1,0.0007,141195,99.51
18877,thing1nox421,1,0.0007,141196,99.51
18878,thirdseventh1900,1,0.0007,141197,99.51
18879,thirdtheworst,1,0.0007,141198,99.51
18880,thisispingas,1,0.0007,141199,99.51
18881,thjanssen1008978,1,0.0007,141200,99.51
18882,thmeamhluomg231,1,0.0007,141201,99.51
18883,thnl_573,1,0.0007,141202,99.52
18884,thomas19997,1,0.0007,141203,99.52
18885,thomas852002887,1,0.0007,141204,99.52
18886,thomaseley61418,1,0.0007,141205,99.52
18887,thomaswatson689,1,0.0007,141206,99.52
18888,thoropod709hunter860,1,0.0007,141207,99.52
18889,thorstenjankowski671,1,0.0007,141208,99.52
18890,thotpolice,1,0.0007,141209,99.52
18891,thque,1,0.0007,141210,99.52
18892,thr0w0away1990,1,0.0007,141211,99.52
18893,threeowl3661,1,0.0007,141212,99.52
18894,throwaway1169,1,0.0007,141213,99.52
18895,throwaway435,1,0.0007,141214,99.52
18896,throwaway_69420,1,0.0007,141215,99.52
18897,throwawaybuzzfarm,1,0.0007,141216,99.52
18898,throwawaydoug666581,1,0.0007,141217,99.53
18899,throwawayokgood,1,0.0007,141218,99.53
18900,throwawaysloppa,1,0.0007,141219,99.53
18901,throwoff,1,0.0007,141220,99.53
18902,thrway1681,1,0.0007,141221,99.53
18903,thunderbolt141351719,1,0.0007,141222,99.53
18904,thunderman532350,1,0.0007,141223,99.53
18905,thuwwque,1,0.0007,141224,99.53
18906,thyma,1,0.0007,141225,99.53
18907,tiagomathias99856,1,0.0007,141226,99.53
18908,tiagoroa2001970,1,0.0007,141227,99.53
18909,tialumina98933,1,0.0007,141228,99.53
18910,tiance7736,1,0.0007,141229,99.53
18911,tianqinhoufeng,1,0.0007,141230,99.53
18912,tiberN,1,0.0007,141231,99.54
18913,tibzbz,1,0.0007,141232,99.54
18914,tigerlizardboy,1,0.0007,141233,99.54
18915,tigerpiotta,1,0.0007,141234,99.54
18916,tiki,1,0.0007,141235,99.54
18917,tilinedo29675,1,0.0007,141236,99.54
18918,timak,1,0.0007,141237,99.54
18919,timam,1,0.0007,141238,99.54
18920,timestopboy,1,0.0007,141239,99.54
18921,timevisitor,1,0.0007,141240,99.54
18922,timmytim,1,0.0007,141241,99.54
18923,timotejcalic981,1,0.0007,141242,99.54
18924,tin18688783,1,0.0007,141243,99.54
18925,tine25422542847,1,0.0007,141244,99.54
18926,tintinhan,1,0.0007,141245,99.55
18927,tinumiel890,1,0.0007,141246,99.55
18928,tiran5553222,1,0.0007,141247,99.55
18929,titelmelodie,1,0.0007,141248,99.55
18930,titties,1,0.0007,141249,99.55
18931,tittysex,1,0.0007,141250,99.55
18932,tjw809,1,0.0007,141251,99.55
18933,tkacukpavel305561,1,0.0007,141252,99.55
18934,tkn_skm,1,0.0007,141253,99.55
18935,tko721,1,0.0007,141254,99.55
18936,tkqe11,1,0.0007,141255,99.55
18937,tkske,1,0.0007,141256,99.55
18938,tlgrascala,1,0.0007,141257,99.55
18939,tllemarre190,1,0.0007,141258,99.55
18940,tmali0496787,1,0.0007,141259,99.56
18941,tmyk0211647,1,0.0007,141260,99.56
18942,tmzlama321688,1,0.0007,141261,99.56
18943,tnicholas87,1,0.0007,141262,99.56
18944,tnok1974863,1,0.0007,141263,99.56
18945,to777no8,1,0.0007,141264,99.56
18946,toasterroasterp1220,1,0.0007,141265,99.56
18947,toatz,1,0.0007,141266,99.56
18948,tobegan,1,0.0007,141267,99.56
18949,togetit,1,0.0007,141268,99.56
18950,tohot300,1,0.0007,141269,99.56
18951,tom682,1,0.0007,141270,99.56
18952,tomasfun9423,1,0.0007,141271,99.56
18953,tommydeluxe,1,0.0007,141272,99.56
18954,tommyruiz,1,0.0007,141273,99.57
18955,tomokiggh001444,1,0.0007,141274,99.57
18956,tomokikun12,1,0.0007,141275,99.57
18957,tomokssr,1,0.0007,141276,99.57
18958,tomotto1296982,1,0.0007,141277,99.57
18959,tomsot2536,1,0.0007,141278,99.57
18960,tomy60735463,1,0.0007,141279,99.57
18961,tongueslonger,1,0.0007,141280,99.57
18962,tonidoll10793,1,0.0007,141281,99.57
18963,tonigrammen371,1,0.0007,141282,99.57
18964,tonn372,1,0.0007,141283,99.57
18965,tony_42069,1,0.0007,141284,99.57
18966,tonykemp708,1,0.0007,141285,99.57
18967,tonytorres1098651,1,0.0007,141286,99.57
18968,tonyw344,1,0.0007,141287,99.58
18969,toolsee,1,0.0007,141288,99.58
18970,tooman4eg,1,0.0007,141289,99.58
18971,topbow38,1,0.0007,141290,99.58
18972,tophergutbrod446,1,0.0007,141291,99.58
18973,toppump,1,0.0007,141292,99.58
18974,torerodomick826,1,0.0007,141293,99.58
18975,torule34,1,0.0007,141294,99.58
18976,tosave,1,0.0007,141295,99.58
18977,tosermepls,1,0.0007,141296,99.58
18978,totallylegitemailofmine,1,0.0007,141297,99.58
18979,totobnbn,1,0.0007,141298,99.58
18980,touchpad69,1,0.0007,141299,99.58
18981,toughnumber493,1,0.0007,141300,99.58
18982,tovako8537392,1,0.0007,141301,99.58
18983,towpathbased3j526,1,0.0007,141302,99.59
18984,toykenobi,1,0.0007,141303,99.59
18985,tquynhtran,1,0.0007,141304,99.59
18986,tracklord612,1,0.0007,141305,99.59
18987,tradingomar358400,1,0.0007,141306,99.59
18988,trainingforchatbots406,1,0.0007,141307,99.59
18989,tralfazed,1,0.0007,141308,99.59
18990,trance555,1,0.0007,141309,99.59
18991,trankhon684223,1,0.0007,141310,99.59
18992,transbianweirdo,1,0.0007,141311,99.59
18993,tranthai,1,0.0007,141312,99.59
18994,tranthienan2010,1,0.0007,141313,99.59
18995,tranthuquyen51290986,1,0.0007,141314,99.59
18996,trashcanjunk365,1,0.0007,141315,99.59
18997,trashwebsitebucket503,1,0.0007,141316,99.6
18998,traumakom,1,0.0007,141317,99.6
18999,traveller_629871,1,0.0007,141318,99.6
19000,treasurecz666608,1,0.0007,141319,99.6
19001,trenchmind,1,0.0007,141320,99.6
19002,treva,1,0.0007,141321,99.6
19003,treymore87,1,0.0007,141322,99.6
19004,trickybarrel72984,1,0.0007,141323,99.6
19005,trigartrigard545,1,0.0007,141324,99.6
19006,triggeriw78747,1,0.0007,141325,99.6
19007,trijednastyri592,1,0.0007,141326,99.6
19008,trilobite315190,1,0.0007,141327,99.6
19009,trkt91,1,0.0007,141328,99.6
19010,trojaninpc,1,0.0007,141329,99.6
19011,trongg,1,0.0007,141330,99.61
19012,truecreation15467,1,0.0007,141331,99.61
19013,truefrightfiles719,1,0.0007,141332,99.61
19014,trumtuongtc15575,1,0.0007,141333,99.61
19015,truthalter13130,1,0.0007,141334,99.61
19016,trymanx,1,0.0007,141335,99.61
19017,tsetse9394866,1,0.0007,141336,99.61
19018,tsluvv,1,0.0007,141337,99.61
19019,tsoyevgenyi75509,1,0.0007,141338,99.61
19020,tsukiniku435112,1,0.0007,141339,99.61
19021,tt995,1,0.0007,141340,99.61
19022,ttaetherai,1,0.0007,141341,99.61
19023,tthrowaway83661,1,0.0007,141342,99.61
19024,tttct,1,0.0007,141343,99.61
19025,ttttts,1,0.0007,141344,99.62
19026,ttvavatt579,1,0.0007,141345,99.62
19027,tubebesitomiau939,1,0.0007,141346,99.62
19028,tugepaopao2,1,0.0007,141347,99.62
19029,tumbleworld365,1,0.0007,141348,99.62
19030,tupu,1,0.0007,141349,99.62
19031,turnerdrought470,1,0.0007,141350,99.62
19032,turnuptheheat669807,1,0.0007,141351,99.62
19033,turtledick,1,0.0007,141352,99.62
19034,tuts9831,1,0.0007,141353,99.62
19035,twaet,1,0.0007,141354,99.62
19036,tway4n7,1,0.0007,141355,99.62
19037,twisis420,1,0.0007,141356,99.62
19038,twistesfire955,1,0.0007,141357,99.62
19039,twog,1,0.0007,141358,99.63
19040,twotothesix,1,0.0007,141359,99.63
19041,ty233,1,0.0007,141360,99.63
19042,tyarsurfgirl607,1,0.0007,141361,99.63
19043,tyfnymn776,1,0.0007,141362,99.63
19044,tyleraltaddress866,1,0.0007,141363,99.63
19045,typhoonspps469,1,0.0007,141364,99.63
19046,tyrfall,1,0.0007,141365,99.63
19047,tyronmolteni425,1,0.0007,141366,99.63
19048,tzimisce,1,0.0007,141367,99.63
19049,tzk9488888,1,0.0007,141368,99.63
19050,u2applique454,1,0.0007,141369,99.63
19051,u3BpaT,1,0.0007,141370,99.63
19052,u40476,1,0.0007,141371,99.63
19053,u83r1337xbl220,1,0.0007,141372,99.63
19054,uaan20220905542,1,0.0007,141373,99.64
19055,ucla2024bdoc559,1,0.0007,141374,99.64
19056,uget_ai,1,0.0007,141375,99.64
19057,ugur123,1,0.0007,141376,99.64
19058,uhustir,1,0.0007,141377,99.64
19059,ukiii,1,0.0007,141378,99.64
19060,ukshadow,1,0.0007,141379,99.64
19061,ulfryr,1,0.0007,141380,99.64
19062,ultlanova,1,0.0007,141381,99.64
19063,ultraglidemailcom377,1,0.0007,141382,99.64
19064,ultrajanissarey,1,0.0007,141383,99.64
19065,ultrasoniczrq399,1,0.0007,141384,99.64
19066,ultrataco,1,0.0007,141385,99.64
19067,umagh0334,1,0.0007,141386,99.64
19068,umai_uma,1,0.0007,141387,99.65
19069,umbrellafucker,1,0.0007,141388,99.65
19070,umbreon2241452,1,0.0007,141389,99.65
19071,umina,1,0.0007,141390,99.65
19072,unay01838985,1,0.0007,141391,99.65
19073,unbecoming_potato,1,0.0007,141392,99.65
19074,undead_shogun,1,0.0007,141393,99.65
19075,underfashion,1,0.0007,141394,99.65
19076,underscore1087,1,0.0007,141395,99.65
19077,undi,1,0.0007,141396,99.65
19078,unick,1,0.0007,141397,99.65
19079,unicorn71090992,1,0.0007,141398,99.65
19080,universalblue4242444,1,0.0007,141399,99.65
19081,unknownone2234,1,0.0007,141400,99.65
19082,unkwale,1,0.0007,141401,99.66
19083,unmitigate,1,0.0007,141402,99.66
19084,uno300676,1,0.0007,141403,99.66
19085,unstableyeti,1,0.0007,141404,99.66
19086,untilteddotter,1,0.0007,141405,99.66
19087,upramanik,1,0.0007,141406,99.66
19088,urhont,1,0.0007,141407,99.66
19089,uribejalejo487,1,0.0007,141408,99.66
19090,urielmanx7,1,0.0007,141409,99.66
19091,user22004,1,0.0007,141410,99.66
19092,user26,1,0.0007,141411,99.66
19093,user8231,1,0.0007,141412,99.66
19094,user_03849520,1,0.0007,141413,99.66
19095,user_735757833999525159,1,0.0007,141414,99.66
19096,username03,1,0.0007,141415,99.67
19097,username17,1,0.0007,141416,99.67
19098,ush519915310,1,0.0007,141417,99.67
19099,utex09352,1,0.0007,141418,99.67
19100,utilideiasshop109,1,0.0007,141419,99.67
19101,utummn_,1,0.0007,141420,99.67
19102,uwiotuj,1,0.0007,141421,99.67
19103,uwuowo42069,1,0.0007,141422,99.67
19104,v4yd3r,1,0.0007,141423,99.67
19105,v7iulia20118,1,0.0007,141424,99.67
19106,vGeov,1,0.0007,141425,99.67
19107,vad_,1,0.0007,141426,99.67
19108,vadorzim,1,0.0007,141427,99.67
19109,valafrous,1,0.0007,141428,99.67
19110,valdinelyvascon555784,1,0.0007,141429,99.68
19111,valencia666,1,0.0007,141430,99.68
19112,valentinaelore864,1,0.0007,141431,99.68
19113,vallradock,1,0.0007,141432,99.68
19114,valmer11480,1,0.0007,141433,99.68
19115,valveop490,1,0.0007,141434,99.68
19116,vamoAI,1,0.0007,141435,99.68
19117,vanclaisoslei544,1,0.0007,141436,99.68
19118,vanilaCream,1,0.0007,141437,99.68
19119,vas60,1,0.0007,141438,99.68
19120,vasalion,1,0.0007,141439,99.68
19121,vasek049,1,0.0007,141440,99.68
19122,vastVision,1,0.0007,141441,99.68
19123,vbnfghn,1,0.0007,141442,99.68
19124,vdesiguy,1,0.0007,141443,99.68
19125,vedecem367172,1,0.0007,141444,99.69
19126,vegayeen,1,0.0007,141445,99.69
19127,velexort,1,0.0007,141446,99.69
19128,venchester,1,0.0007,141447,99.69
19129,venomouscarnage,1,0.0007,141448,99.69
19130,vero241,1,0.0007,141449,99.69
19131,verytoasted731414,1,0.0007,141450,99.69
19132,veter234,1,0.0007,141451,99.69
19133,vetochessspiral543,1,0.0007,141452,99.69
19134,vetroxia664,1,0.0007,141453,99.69
19135,veximi7206263,1,0.0007,141454,99.69
19136,vhc7k,1,0.0007,141455,99.69
19137,vibesnow,1,0.0007,141456,99.69
19138,victorcrudi,1,0.0007,141457,99.69
19139,victors_muniz,1,0.0007,141458,99.7
19140,videogamer021589,1,0.0007,141459,99.7
19141,vienrus686,1,0.0007,141460,99.7
19142,vierthdan,1,0.0007,141461,99.7
19143,vihlyn1989,1,0.0007,141462,99.7
19144,vik56,1,0.0007,141463,99.7
19145,villafernandez54529,1,0.0007,141464,99.7
19146,vilsiare854,1,0.0007,141465,99.7
19147,vineyardmarty993,1,0.0007,141466,99.7
19148,vini5ozono906,1,0.0007,141467,99.7
19149,vinylsc34249,1,0.0007,141468,99.7
19150,violet,1,0.0007,141469,99.7
19151,violetkelley89275,1,0.0007,141470,99.7
19152,vipaka,1,0.0007,141471,99.7
19153,virtual16,1,0.0007,141472,99.71
19154,virtualfix6885,1,0.0007,141473,99.71
19155,virtualgrowhouse,1,0.0007,141474,99.71
19156,virux,1,0.0007,141475,99.71
19157,viscatheart775,1,0.0007,141476,99.71
19158,visionDL,1,0.0007,141477,99.71
19159,visualman888,1,0.0007,141478,99.71
19160,vitor403,1,0.0007,141479,99.71
19161,vittimasacrificale02,1,0.0007,141480,99.71
19162,vivida0206768,1,0.0007,141481,99.71
19163,vjj_taa,1,0.0007,141482,99.71
19164,vkudddd786,1,0.0007,141483,99.71
19165,vkyriukhin761,1,0.0007,141484,99.71
19166,vladbellochev,1,0.0007,141485,99.71
19167,vlombardi316910,1,0.0007,141486,99.72
19168,vninapaa732,1,0.0007,141487,99.72
19169,voidanium,1,0.0007,141488,99.72
19170,voidbohloras645,1,0.0007,141489,99.72
19171,volimrabar,1,0.0007,141490,99.72
19172,voloshaninm445,1,0.0007,141491,99.72
19173,vonisstraight975,1,0.0007,141492,99.72
19174,vorpexsolo666882,1,0.0007,141493,99.72
19175,voschivan208,1,0.0007,141494,99.72
19176,votzafak2673,1,0.0007,141495,99.72
19177,vox_mix,1,0.0007,141496,99.72
19178,vqnz,1,0.0007,141497,99.72
19179,vra22290,1,0.0007,141498,99.72
19180,vrmdatalabs246,1,0.0007,141499,99.72
19181,vrmssssss,1,0.0007,141500,99.73
19182,vrsbarney,1,0.0007,141501,99.73
19183,vsevolodovartem9448,1,0.0007,141502,99.73
19184,vulprix,1,0.0007,141503,99.73
19185,vulturevamanos231,1,0.0007,141504,99.73
19186,vvkippa610,1,0.0007,141505,99.73
19187,w1628280087228,1,0.0007,141506,99.73
19188,w4twrhy,1,0.0007,141507,99.73
19189,w74076065604,1,0.0007,141508,99.73
19190,w9252196732947858,1,0.0007,141509,99.73
19191,wacchunko555,1,0.0007,141510,99.73
19192,waezard,1,0.0007,141511,99.73
19193,wafflepirate,1,0.0007,141512,99.73
19194,wagawo,1,0.0007,141513,99.73
19195,waidankai766,1,0.0007,141514,99.74
19196,waifuistart,1,0.0007,141515,99.74
19197,waikitty,1,0.0007,141516,99.74
19198,wailord933621,1,0.0007,141517,99.74
19199,walla,1,0.0007,141518,99.74
19200,wallpaperboi5543,1,0.0007,141519,99.74
19201,walshleticia573116,1,0.0007,141520,99.74
19202,waluigi69,1,0.0007,141521,99.74
19203,wamg,1,0.0007,141522,99.74
19204,wanan00,1,0.0007,141523,99.74
19205,wanderingsage22335,1,0.0007,141524,99.74
19206,wange999,1,0.0007,141525,99.74
19207,wangleaowuan951,1,0.0007,141526,99.74
19208,wangshuna06418,1,0.0007,141527,99.74
19209,wankodou01948,1,0.0007,141528,99.74
19210,wanplang2cj584,1,0.0007,141529,99.75
19211,wapofi7566390,1,0.0007,141530,99.75
19212,wardelias16620,1,0.0007,141531,99.75
19213,warliketrader,1,0.0007,141532,99.75
19214,warpedvulpine678,1,0.0007,141533,99.75
19215,warugeli,1,0.0007,141534,99.75
19216,warwickbau,1,0.0007,141535,99.75
19217,waterdrinker,1,0.0007,141536,99.75
19218,waterpicker,1,0.0007,141537,99.75
19219,wawabababa,1,0.0007,141538,99.75
19220,waynehugh634,1,0.0007,141539,99.75
19221,waynerific,1,0.0007,141540,99.75
19222,wbmasteruwu693,1,0.0007,141541,99.75
19223,wcbonald,1,0.0007,141542,99.75
19224,wealth491,1,0.0007,141543,99.76
19225,webberboy01588,1,0.0007,141544,99.76
19226,websnail773,1,0.0007,141545,99.76
19227,weed_strengthened,1,0.0007,141546,99.76
19228,weedistastywewew1209,1,0.0007,141547,99.76
19229,weeliao,1,0.0007,141548,99.76
19230,weenhandler,1,0.0007,141549,99.76
19231,weenorgoonf801,1,0.0007,141550,99.76
19232,wehavethepower2k356,1,0.0007,141551,99.76
19233,weichengxuan40827,1,0.0007,141552,99.76
19234,weicross,1,0.0007,141553,99.76
19235,weilonggs,1,0.0007,141554,99.76
19236,weiphi,1,0.0007,141555,99.76
19237,weirge,1,0.0007,141556,99.76
19238,weitf,1,0.0007,141557,99.77
19239,wellcaiore3ecs2,1,0.0007,141558,99.77
19240,wellintonferreirars942,1,0.0007,141559,99.77
19241,welohiy534987,1,0.0007,141560,99.77
19242,welq,1,0.0007,141561,99.77
19243,wenira777444,1,0.0007,141562,99.77
19244,werewolfmortisad294,1,0.0007,141563,99.77
19245,wermmrew349,1,0.0007,141564,99.77
19246,wertytrewherjtyjett,1,0.0007,141565,99.77
19247,wertzuio7,1,0.0007,141566,99.77
19248,weskeralbert80s598,1,0.0007,141567,99.77
19249,wesselinkwetzel985,1,0.0007,141568,99.77
19250,westhelicopter2312,1,0.0007,141569,99.77
19251,wetredstone,1,0.0007,141570,99.77
19252,wetta11,1,0.0007,141571,99.78
19253,wew235,1,0.0007,141572,99.78
19254,wgm2018932,1,0.0007,141573,99.78
19255,whackblack159,1,0.0007,141574,99.78
19256,whalelord159675,1,0.0007,141575,99.78
19257,what2dooo1droad223,1,0.0007,141576,99.78
19258,whatever2383,1,0.0007,141577,99.78
19259,whatogheel,1,0.0007,141578,99.78
19260,whatwhatio,1,0.0007,141579,99.78
19261,wheelerkiller7935,1,0.0007,141580,99.78
19262,wheelinghubcap,1,0.0007,141581,99.78
19263,whilesmokingi970,1,0.0007,141582,99.78
19264,whine,1,0.0007,141583,99.78
19265,white2023,1,0.0007,141584,99.78
19266,white_fang,1,0.0007,141585,99.79
19267,whitebearpaw,1,0.0007,141586,99.79
19268,whitenik,1,0.0007,141587,99.79
19269,whodeeny87,1,0.0007,141588,99.79
19270,whyisthis,1,0.0007,141589,99.79
19271,wicked677,1,0.0007,141590,99.79
19272,wildenbergrodrigues374,1,0.0007,141591,99.79
19273,wildernessVikingQ381,1,0.0007,141592,99.79
19274,wildzzz,1,0.0007,141593,99.79
19275,wilkristopher849,1,0.0007,141594,99.79
19276,will_ling,1,0.0007,141595,99.79
19277,williamsmarshallb746,1,0.0007,141596,99.79
19278,willinvadesearth,1,0.0007,141597,99.79
19279,willywizard,1,0.0007,141598,99.79
19280,wiloman91,1,0.0007,141599,99.79
19281,wiltedstone891,1,0.0007,141600,99.8
19282,windowtothewall369,1,0.0007,141601,99.8
19283,winebrenner3737,1,0.0007,141602,99.8
19284,winner4life44560,1,0.0007,141603,99.8
19285,winterbetter,1,0.0007,141604,99.8
19286,witheasdx,1,0.0007,141605,99.8
19287,withoutlogic,1,0.0007,141606,99.8
19288,wiztheicelich205,1,0.0007,141607,99.8
19289,wjg636595598,1,0.0007,141608,99.8
19290,wliked,1,0.0007,141609,99.8
19291,wo262,1,0.0007,141610,99.8
19292,woaldyd,1,0.0007,141611,99.8
19293,woaoaj,1,0.0007,141612,99.8
19294,wobblemonkey,1,0.0007,141613,99.8
19295,wobushifp,1,0.0007,141614,99.81
19296,wolneyborgesjr808,1,0.0007,141615,99.81
19297,wonderfullyhot,1,0.0007,141616,99.81
19298,wondergard,1,0.0007,141617,99.81
19299,wongtakapushi,1,0.0007,141618,99.81
19300,woodson_carl385,1,0.0007,141619,99.81
19301,wooky33,1,0.0007,141620,99.81
19302,working605,1,0.0007,141621,99.81
19303,worldwideblowjobs248,1,0.0007,141622,99.81
19304,woshishab,1,0.0007,141623,99.81
19305,wowmuchusername,1,0.0007,141624,99.81
19306,wowthatsamazing1989615,1,0.0007,141625,99.81
19307,wowuchao_ucr,1,0.0007,141626,99.81
19308,woxtano,1,0.0007,141627,99.81
19309,wqz0777640,1,0.0007,141628,99.82
19310,wrcui8649975,1,0.0007,141629,99.82
19311,wrestlingryona,1,0.0007,141630,99.82
19312,wrimbo4527,1,0.0007,141631,99.82
19313,wrongone,1,0.0007,141632,99.82
19314,wryytart,1,0.0007,141633,99.82
19315,wsozzz050995,1,0.0007,141634,99.82
19316,wtrr,1,0.0007,141635,99.82
19317,wumbozee4864,1,0.0007,141636,99.82
19318,wungenz,1,0.0007,141637,99.82
19319,wutongess,1,0.0007,141638,99.82
19320,wuw,1,0.0007,141639,99.82
19321,wuxian666,1,0.0007,141640,99.82
19322,wvbhtr,1,0.0007,141641,99.82
19323,wvs9751716,1,0.0007,141642,99.83
19324,wvtttt,1,0.0007,141643,99.83
19325,wwHEY,1,0.0007,141644,99.83
19326,wzm040311988,1,0.0007,141645,99.83
19327,x10de,1,0.0007,141646,99.83
19328,x4v1,1,0.0007,141647,99.83
19329,x9307161550233,1,0.0007,141648,99.83
19330,xBisky,1,0.0007,141649,99.83
19331,xG00N3Rx,1,0.0007,141650,99.83
19332,xLordDonax,1,0.0007,141651,99.83
19333,xVulgarx,1,0.0007,141652,99.83
19334,xXAlucardXx,1,0.0007,141653,99.83
19335,xX_n1ghtc0regirl_Xx,1,0.0007,141654,99.83
19336,x_ick,1,0.0007,141655,99.83
19337,xamiw53336574,1,0.0007,141656,99.84
19338,xammurapi88804,1,0.0007,141657,99.84
19339,xbamaris,1,0.0007,141658,99.84
19340,xboxhog86891,1,0.0007,141659,99.84
19341,xboxsex,1,0.0007,141660,99.84
19342,xbrnsfm,1,0.0007,141661,99.84
19343,xcga4wwz,1,0.0007,141662,99.84
19344,xcross48,1,0.0007,141663,99.84
19345,xd_face,1,0.0007,141664,99.84
19346,xeerrson49830,1,0.0007,141665,99.84
19347,xeightlawyerx517,1,0.0007,141666,99.84
19348,xenonrope275,1,0.0007,141667,99.84
19349,xesopi3122147,1,0.0007,141668,99.84
19350,xfeim,1,0.0007,141669,99.84
19351,xftriber,1,0.0007,141670,99.84
19352,xgixi45,1,0.0007,141671,99.85
19353,xianyu_sama,1,0.0007,141672,99.85
19354,xiaoc876a131,1,0.0007,141673,99.85
19355,xiaoheijia,1,0.0007,141674,99.85
19356,xiaolu12580,1,0.0007,141675,99.85
19357,xiaosen,1,0.0007,141676,99.85
19358,xiaoshimeilt399,1,0.0007,141677,99.85
19359,xiaowei,1,0.0007,141678,99.85
19360,xiaoxinlu64695,1,0.0007,141679,99.85
19361,xiaozhen,1,0.0007,141680,99.85
19362,xiaozhijason,1,0.0007,141681,99.85
19363,xikedi6435809,1,0.0007,141682,99.85
19364,xincaipass123750,1,0.0007,141683,99.85
19365,xinyuanyuanyi294,1,0.0007,141684,99.85
19366,xiongzhognting189,1,0.0007,141685,99.86
19367,xit2112246,1,0.0007,141686,99.86
19368,xiuxian,1,0.0007,141687,99.86
19369,xixxix,1,0.0007,141688,99.86
19370,xiyadong0327,1,0.0007,141689,99.86
19371,xiyu123,1,0.0007,141690,99.86
19372,xjsk88,1,0.0007,141691,99.86
19373,xly2017,1,0.0007,141692,99.86
19374,xmattyyy,1,0.0007,141693,99.86
19375,xmilaidoux,1,0.0007,141694,99.86
19376,xogevumi195,1,0.0007,141695,99.86
19377,xornea,1,0.0007,141696,99.86
19378,xplode6423,1,0.0007,141697,99.86
19379,xrenoder858,1,0.0007,141698,99.86
19380,xrxlkool,1,0.0007,141699,99.87
19381,xsjadoridersc,1,0.0007,141700,99.87
19382,xubixiakkakajjzmm566,1,0.0007,141701,99.87
19383,xumpxs,1,0.0007,141702,99.87
19384,xunguitos123,1,0.0007,141703,99.87
19385,xxAassd,1,0.0007,141704,99.87
19386,xxchiclepegadoxx658,1,0.0007,141705,99.87
19387,xxg02,1,0.0007,141706,99.87
19388,xxillidansr488,1,0.0007,141707,99.87
19389,xxxloidgamesxxx495,1,0.0007,141708,99.87
19390,xxxlowaxxx784918,1,0.0007,141709,99.87
19391,xxxniickfootballxxx584,1,0.0007,141710,99.87
19392,xxxsoloariosguru,1,0.0007,141711,99.87
19393,xyd666666948,1,0.0007,141712,99.87
19394,xyloass,1,0.0007,141713,99.88
19395,xzerchx,1,0.0007,141714,99.88
19396,y6sou,1,0.0007,141715,99.88
19397,y93442100511,1,0.0007,141716,99.88
19398,yadoo,1,0.0007,141717,99.88
19399,yagirlash,1,0.0007,141718,99.88
19400,yakegos362540,1,0.0007,141719,99.88
19401,yakimesi21453,1,0.0007,141720,99.88
19402,yamakaze_kai,1,0.0007,141721,99.88
19403,yamatochan,1,0.0007,141722,99.88
19404,yamitukiya563,1,0.0007,141723,99.88
19405,yamyam111,1,0.0007,141724,99.88
19406,yandu125,1,0.0007,141725,99.88
19407,yaneckol423,1,0.0007,141726,99.88
19408,yangdb,1,0.0007,141727,99.89
19409,yanggegle805,1,0.0007,141728,99.89
19410,yantaibai,1,0.0007,141729,99.89
19411,yaomingsui930,1,0.0007,141730,99.89
19412,yarizz,1,0.0007,141731,99.89
19413,yarky92516,1,0.0007,141732,99.89
19414,yasminlopezai175,1,0.0007,141733,99.89
19415,yasserqueenn329,1,0.0007,141734,99.89
19416,yatsukiko,1,0.0007,141735,99.89
19417,yayansissy2727,1,0.0007,141736,99.89
19418,yayaya5uu555471,1,0.0007,141737,99.89
19419,yayayaiamlorde,1,0.0007,141738,99.89
19420,ybianglo270,1,0.0007,141739,99.89
19421,yeetgasm69,1,0.0007,141740,99.89
19422,yeetmas,1,0.0007,141741,99.89
19423,yehuiru1988725,1,0.0007,141742,99.9
19424,yemi003,1,0.0007,141743,99.9
19425,yetAnotherAnon,1,0.0007,141744,99.9
19426,yg739,1,0.0007,141745,99.9
19427,ygnn,1,0.0007,141746,99.9
19428,yh5555552,1,0.0007,141747,99.9
19429,yhic22,1,0.0007,141748,99.9
19430,yht1,1,0.0007,141749,99.9
19431,yifag24933260,1,0.0007,141750,99.9
19432,yifferino,1,0.0007,141751,99.9
19433,yigs13,1,0.0007,141752,99.9
19434,yihox92534489,1,0.0007,141753,99.9
19435,yjsp,1,0.0007,141754,99.9
19436,ykuntyu201,1,0.0007,141755,99.9
19437,yogabacon,1,0.0007,141756,99.91
19438,yoichiai,1,0.0007,141757,99.91
19439,yolhw408,1,0.0007,141758,99.91
19440,yondaime_minato,1,0.0007,141759,99.91
19441,yooonie375,1,0.0007,141760,99.91
19442,yorhthehuman,1,0.0007,141761,99.91
19443,youhnr5,1,0.0007,141762,99.91
19444,youngjahz87191,1,0.0007,141763,99.91
19445,youngtrippied,1,0.0007,141764,99.91
19446,yourbigairconditioner,1,0.0007,141765,99.91
19447,yourdream777,1,0.0007,141766,99.91
19448,yousodumb24,1,0.0007,141767,99.91
19449,youxif,1,0.0007,141768,99.91
19450,yoyi87151538,1,0.0007,141769,99.91
19451,yoyooo23,1,0.0007,141770,99.92
19452,ytag,1,0.0007,141771,99.92
19453,ytaivideocreations803,1,0.0007,141772,99.92
19454,yted,1,0.0007,141773,99.92
19455,ytka228bebra667,1,0.0007,141774,99.92
19456,ytrecommender2021612,1,0.0007,141775,99.92
19457,ytujygfujftft,1,0.0007,141776,99.92
19458,ytupload559345,1,0.0007,141777,99.92
19459,yu_mi,1,0.0007,141778,99.92
19460,yuberkley,1,0.0007,141779,99.92
19461,yudengghost,1,0.0007,141780,99.92
19462,yuedaishacai,1,0.0007,141781,99.92
19463,yukayk,1,0.0007,141782,99.92
19464,yuki179,1,0.0007,141783,99.92
19465,yukio55,1,0.0007,141784,99.93
19466,yungplin228170,1,0.0007,141785,99.93
19467,yunwuyue2,1,0.0007,141786,99.93
19468,yurakaze07212,1,0.0007,141787,99.93
19469,yuta304050186,1,0.0007,141788,99.93
19470,yuugaduwguiyeu21,1,0.0007,141789,99.93
19471,yuukuari,1,0.0007,141790,99.93
19472,yuyin14,1,0.0007,141791,99.93
19473,yuyusho,1,0.0007,141792,99.93
19474,yuzabuyone212,1,0.0007,141793,99.93
19475,yxc97,1,0.0007,141794,99.93
19476,yzmogamer506,1,0.0007,141795,99.93
19477,zMahiru,1,0.0007,141796,99.93
19478,zack_catcher,1,0.0007,141797,99.93
19479,zacksparrow,1,0.0007,141798,99.94
19480,zaea481,1,0.0007,141799,99.94
19481,zagaratnatnitz22790,1,0.0007,141800,99.94
19482,zagroseckt,1,0.0007,141801,99.94
19483,zaizen,1,0.0007,141802,99.94
19484,zakvarai344,1,0.0007,141803,99.94
19485,zalothir,1,0.0007,141804,99.94
19486,zamkadenken,1,0.0007,141805,99.94
19487,zangaja,1,0.0007,141806,99.94
19488,zanzaX7,1,0.0007,141807,99.94
19489,zarik_untethered,1,0.0007,141808,99.94
19490,zarinrevs,1,0.0007,141809,99.94
19491,zarkorr,1,0.0007,141810,99.94
19492,zarosianenjoyer256,1,0.0007,141811,99.94
19493,zattio770,1,0.0007,141812,99.95
19494,zavgonymous,1,0.0007,141813,99.95
19495,zazoum,1,0.0007,141814,99.95
19496,zd5,1,0.0007,141815,99.95
19497,ze_thriller,1,0.0007,141816,99.95
19498,zeebcockreturns,1,0.0007,141817,99.95
19499,zeedyke,1,0.0007,141818,99.95
19500,zeedyke69,1,0.0007,141819,99.95
19501,zefir2008,1,0.0007,141820,99.95
19502,zehor424173,1,0.0007,141821,99.95
19503,zeldahenrique,1,0.0007,141822,99.95
19504,zelurd,1,0.0007,141823,99.95
19505,zenchoy,1,0.0007,141824,99.95
19506,zenex,1,0.0007,141825,99.95
19507,zenityX_TH,1,0.0007,141826,99.95
19508,zenmatchapremium477,1,0.0007,141827,99.96
19509,zenneth9999182,1,0.0007,141828,99.96
19510,zenxen,1,0.0007,141829,99.96
19511,zer0thepatrot,1,0.0007,141830,99.96
19512,zerg212,1,0.0007,141831,99.96
19513,zeribar404,1,0.0007,141832,99.96
19514,zerocool218,1,0.0007,141833,99.96
19515,zeroday1031507,1,0.0007,141834,99.96
19516,zeroray0573,1,0.0007,141835,99.96
19517,zetos,1,0.0007,141836,99.96
19518,zeuss194,1,0.0007,141837,99.96
19519,zgxkbtl,1,0.0007,141838,99.96
19520,zhaldir,1,0.0007,141839,99.96
19521,zhanqinger,1,0.0007,141840,99.96
19522,zhaotutu,1,0.0007,141841,99.97
19523,zhengshitay822,1,0.0007,141842,99.97
19524,zhiqingxxx,1,0.0007,141843,99.97
19525,zhixuan08299144,1,0.0007,141844,99.97
19526,zhw3189441817372,1,0.0007,141845,99.97
19527,zilonggeneralzhao601,1,0.0007,141846,99.97
19528,zimury763,1,0.0007,141847,99.97
19529,zinogre_lovers,1,0.0007,141848,99.97
19530,zirkumflex,1,0.0007,141849,99.97
19531,zison,1,0.0007,141850,99.97
19532,ziu2023,1,0.0007,141851,99.97
19533,ziyasummers,1,0.0007,141852,99.97
19534,zk27939279,1,0.0007,141853,99.97
19535,zlorsosnk,1,0.0007,141854,99.97
19536,zlsl,1,0.0007,141855,99.98
19537,zmeiyuumei121,1,0.0007,141856,99.98
19538,zngfrd936,1,0.0007,141857,99.98
19539,zolibalint,1,0.0007,141858,99.98
19540,zoloroae,1,0.0007,141859,99.98
19541,zombieAIdev,1,0.0007,141860,99.98
19542,zombycowvonzombe7433,1,0.0007,141861,99.98
19543,zonde306,1,0.0007,141862,99.98
19544,zoomduty132,1,0.0007,141863,99.98
19545,zoomies,1,0.0007,141864,99.98
19546,zoophagousravenayag843,1,0.0007,141865,99.98
19547,zooukz,1,0.0007,141866,99.98
19548,zorgia5580,1,0.0007,141867,99.98
19549,zorion11,1,0.0007,141868,99.98
19550,zoroofcalls378,1,0.0007,141869,99.99
19551,zozo2626,1,0.0007,141870,99.99
19552,zozowiggly572,1,0.0007,141871,99.99
19553,zpn_1944,1,0.0007,141872,99.99
19554,zriggio121565,1,0.0007,141873,99.99
19555,zsotya1515655,1,0.0007,141874,99.99
19556,zspark99,1,0.0007,141875,99.99
19557,ztxzhy,1,0.0007,141876,99.99
19558,zubarus,1,0.0007,141877,99.99
19559,zukemax,1,0.0007,141878,99.99
19560,zumy0305377,1,0.0007,141879,99.99
19561,zunch920930,1,0.0007,141880,99.99
19562,zupinasmiletajs576,1,0.0007,141881,99.99
19563,zurioftheyuri,1,0.0007,141882,99.99
19564,zuryvost,1,0.0007,141883,100.0
19565,zuttnira,1,0.0007,141884,100.0
19566,zwxai,1,0.0007,141885,100.0
19567,zxc7260594581,1,0.0007,141886,100.0
19568,zz836,1,0.0007,141887,100.0
19569,zzlol63,1,0.0007,141888,100.0
19570,zzy6666,1,0.0007,141889,100.0
19571,zzzzzzzy,1,0.0007,141890,100.0
